FilteredData,TimeDate,seqNumber,Amount,DispensedTotal,Status,AuthNumber,CardNumber,HostIP,TransactionType,Type
"___00:04:14 403002 ATM.     'Posting Transaction Result  0:{""type"":""ATM"",""accountType"":""CHEKAC"",""seqNumber"":""2025053100033605"",""Authorization"":{""AuthNumber"":""2672"",""ErrorCode"":""0"",""ErrorDescription"":""0"",""Fee"":4.95,""OrderId"":""2672"",""RegisterTime"":""2025-05-31T00:04:13.948-07:00"",""TransactionNumber"":2025053100033605},""Operation"":{""Amount"":60.0,""BillDespensed"":60.0,""CardNumber"":""5305"",""HostIP"":"""",""RegistrationDatetime"":""2025-05-31T00:04:13.948-07:00"",""SequenceNumber"":""2025053100033605"",""Status"":""COMPLETED""},""TransactionDetail"":{""Amount"":60.0,""DispensedTotal"":60.0,""BillDenom_01"":1,""BillDenom_02"":5,""BillDenom_03"":10,""BillDenom_04"":20,""BillDenom_05"":50,""BillDenom_06"":100,""CoinDenom_01"":1,""CoinDenom_02"":5,""CoinDenom_03"":10,""CoinDenom_04"":25,""CoinDenom_05"":0,""CoinDenom_06"":0,""BillCount_01"":0,""BillCount_02"":0,""BillCount_03"":0,""BillCount_04"":3,""BillCount_05"":0,""BillCount_06"":0,""CoinCount_01"":0,""CoinCount_02"":0,""CoinCount_03"":0,""CoinCount_04"":0,""CoinCount_05"":0,""CoinCount_06"":0,""ManualPay"":0.0,""TransactionNumber"":0,""TransactionType"":""WDRAWTX""}}'",2025-05-31 00:04:13.948-07:00,2025053100033605,60.0,60.0,COMPLETED,2672,5305,nan,WDRAWTX,ATM
"___00:06:05 403002 ATM.     'Posting Transaction Result  0:{""type"":""ATM"",""accountType"":""CHEKAC"",""seqNumber"":""2025053100052305"",""Authorization"":{""AuthNumber"":""2673"",""ErrorCode"":""0"",""ErrorDescription"":""0"",""Fee"":4.95,""OrderId"":""2673"",""RegisterTime"":""2025-05-31T00:06:05.300-07:00"",""TransactionNumber"":2025053100052305},""Operation"":{""Amount"":300.0,""BillDespensed"":300.0,""CardNumber"":""3741"",""HostIP"":"""",""RegistrationDatetime"":""2025-05-31T00:06:05.300-07:00"",""SequenceNumber"":""2025053100052305"",""Status"":""COMPLETED""},""TransactionDetail"":{""Amount"":300.0,""DispensedTotal"":300.0,""BillDenom_01"":1,""BillDenom_02"":5,""BillDenom_03"":10,""BillDenom_04"":20,""BillDenom_05"":50,""BillDenom_06"":100,""CoinDenom_01"":1,""CoinDenom_02"":5,""CoinDenom_03"":10,""CoinDenom_04"":25,""CoinDenom_05"":0,""CoinDenom_06"":0,""BillCount_01"":0,""BillCount_02"":0,""BillCount_03"":0,""BillCount_04"":0,""BillCount_05"":0,""BillCount_06"":3,""CoinCount_01"":0,""CoinCount_02"":0,""CoinCount_03"":0,""CoinCount_04"":0,""CoinCount_05"":0,""CoinCount_06"":0,""ManualPay"":0.0,""TransactionNumber"":0,""TransactionType"":""WDRAWTX""}}'",2025-05-31 00:06:05.300-07:00,2025053100052305,300.0,300.0,COMPLETED,2673,3741,nan,WDRAWTX,ATM
"___00:07:34 403002 ATM.     'Posting Transaction Result  0:{""type"":""ATM"",""accountType"":""CHEKAC"",""seqNumber"":""2025053100070305"",""Authorization"":{""AuthNumber"":""2674"",""ErrorCode"":""0"",""ErrorDescription"":""0"",""Fee"":4.95,""OrderId"":""2674"",""RegisterTime"":""2025-05-31T00:07:34.714-07:00"",""TransactionNumber"":2025053100070305},""Operation"":{""Amount"":400.0,""BillDespensed"":400.0,""CardNumber"":""8694"",""HostIP"":"""",""RegistrationDatetime"":""2025-05-31T00:07:34.714-07:00"",""SequenceNumber"":""2025053100070305"",""Status"":""COMPLETED""},""TransactionDetail"":{""Amount"":400.0,""DispensedTotal"":400.0,""BillDenom_01"":1,""BillDenom_02"":5,""BillDenom_03"":10,""BillDenom_04"":20,""BillDenom_05"":50,""BillDenom_06"":100,""CoinDenom_01"":1,""CoinDenom_02"":5,""CoinDenom_03"":10,""CoinDenom_04"":25,""CoinDenom_05"":0,""CoinDenom_06"":0,""BillCount_01"":0,""BillCount_02"":0,""BillCount_03"":0,""BillCount_04"":0,""BillCount_05"":0,""BillCount_06"":4,""CoinCount_01"":0,""CoinCount_02"":0,""CoinCount_03"":0,""CoinCount_04"":0,""CoinCount_05"":0,""CoinCount_06"":0,""ManualPay"":0.0,""TransactionNumber"":0,""TransactionType"":""WDRAWTX""}}'",2025-05-31 00:07:34.714-07:00,2025053100070305,400.0,400.0,COMPLETED,2674,8694,nan,WDRAWTX,ATM
"___00:08:51 403002 ATM.     'Posting Transaction Result  0:{""type"":""ATM"",""accountType"":""CHEKAC"",""seqNumber"":""2025053100083405"",""Authorization"":{""ErrorCode"":""0"",""ErrorDescription"":""0"",""Fee"":0.0,""RegisterTime"":""2025-05-31T00:08:51.257-07:00"",""TransactionNumber"":2025053100083405},""Operation"":{""Amount"":200.0,""BillDespensed"":0.0,""CardNumber"":""8993"",""HostIP"":"""",""RegistrationDatetime"":""2025-05-31T00:08:51.257-07:00"",""SequenceNumber"":""2025053100083405"",""Status"":""DENIED""},""TransactionDetail"":{""Amount"":200.0,""DispensedTotal"":0.0,""BillDenom_01"":1,""BillDenom_02"":5,""BillDenom_03"":10,""BillDenom_04"":20,""BillDenom_05"":50,""BillDenom_06"":100,""CoinDenom_01"":1,""CoinDenom_02"":5,""CoinDenom_03"":10,""CoinDenom_04"":25,""CoinDenom_05"":0,""CoinDenom_06"":0,""BillCount_01"":0,""BillCount_02"":0,""BillCount_03"":0,""BillCount_04"":0,""BillCount_05"":0,""BillCount_06"":0,""CoinCount_01"":0,""CoinCount_02"":0,""CoinCount_03"":0,""CoinCount_04"":0,""CoinCount_05"":0,""CoinCount_06"":0,""ManualPay"":0.0,""TransactionNumber"":0,""TransactionType"":""WDRAWTX""}}'",2025-05-31 00:08:51.257-07:00,2025053100083405,200.0,0.0,DENIED,nan,8993,nan,WDRAWTX,ATM
"___00:10:21 403002 ATM.     'Posting Transaction Result  0:{""type"":""ATM"",""accountType"":""CHEKAC"",""seqNumber"":""2025053100094705"",""Authorization"":{""AuthNumber"":""2676"",""ErrorCode"":""0"",""ErrorDescription"":""0"",""Fee"":4.95,""OrderId"":""2676"",""RegisterTime"":""2025-05-31T00:10:21.575-07:00"",""TransactionNumber"":2025053100094705},""Operation"":{""Amount"":200.0,""BillDespensed"":200.0,""CardNumber"":""8993"",""HostIP"":"""",""RegistrationDatetime"":""2025-05-31T00:10:21.575-07:00"",""SequenceNumber"":""2025053100094705"",""Status"":""COMPLETED""},""TransactionDetail"":{""Amount"":200.0,""DispensedTotal"":200.0,""BillDenom_01"":1,""BillDenom_02"":5,""BillDenom_03"":10,""BillDenom_04"":20,""BillDenom_05"":50,""BillDenom_06"":100,""CoinDenom_01"":1,""CoinDenom_02"":5,""CoinDenom_03"":10,""CoinDenom_04"":25,""CoinDenom_05"":0,""CoinDenom_06"":0,""BillCount_01"":0,""BillCount_02"":0,""BillCount_03"":0,""BillCount_04"":0,""BillCount_05"":0,""BillCount_06"":2,""CoinCount_01"":0,""CoinCount_02"":0,""CoinCount_03"":0,""CoinCount_04"":0,""CoinCount_05"":0,""CoinCount_06"":0,""ManualPay"":0.0,""TransactionNumber"":0,""TransactionType"":""WDRAWTX""}}'",2025-05-31 00:10:21.575-07:00,2025053100094705,200.0,200.0,COMPLETED,2676,8993,nan,WDRAWTX,ATM
"___00:11:28 403002 ATM.     'Posting Transaction Result  0:{""type"":""ATM"",""accountType"":""CHEKAC"",""seqNumber"":""2025053100111205"",""Authorization"":{""ErrorCode"":""0"",""ErrorDescription"":""0"",""Fee"":0.0,""RegisterTime"":""2025-05-31T00:11:28.104-07:00"",""TransactionNumber"":2025053100111205},""Operation"":{""Amount"":200.0,""BillDespensed"":0.0,""CardNumber"":""0832"",""HostIP"":"""",""RegistrationDatetime"":""2025-05-31T00:11:28.104-07:00"",""SequenceNumber"":""2025053100111205"",""Status"":""DENIED""},""TransactionDetail"":{""Amount"":200.0,""DispensedTotal"":0.0,""BillDenom_01"":1,""BillDenom_02"":5,""BillDenom_03"":10,""BillDenom_04"":20,""BillDenom_05"":50,""BillDenom_06"":100,""CoinDenom_01"":1,""CoinDenom_02"":5,""CoinDenom_03"":10,""CoinDenom_04"":25,""CoinDenom_05"":0,""CoinDenom_06"":0,""BillCount_01"":0,""BillCount_02"":0,""BillCount_03"":0,""BillCount_04"":0,""BillCount_05"":0,""BillCount_06"":0,""CoinCount_01"":0,""CoinCount_02"":0,""CoinCount_03"":0,""CoinCount_04"":0,""CoinCount_05"":0,""CoinCount_06"":0,""ManualPay"":0.0,""TransactionNumber"":0,""TransactionType"":""WDRAWTX""}}'",2025-05-31 00:11:28.104-07:00,2025053100111205,200.0,0.0,DENIED,nan,0832,nan,WDRAWTX,ATM
"___00:12:41 403002 ATM.     'Posting Transaction Result  0:{""type"":""ATM"",""accountType"":""CHEKAC"",""seqNumber"":""2025053100120905"",""Authorization"":{""AuthNumber"":""2678"",""ErrorCode"":""0"",""ErrorDescription"":""0"",""Fee"":4.95,""OrderId"":""2678"",""RegisterTime"":""2025-05-31T00:12:41.421-07:00"",""TransactionNumber"":2025053100120905},""Operation"":{""Amount"":200.0,""BillDespensed"":200.0,""CardNumber"":""0832"",""HostIP"":"""",""RegistrationDatetime"":""2025-05-31T00:12:41.421-07:00"",""SequenceNumber"":""2025053100120905"",""Status"":""COMPLETED""},""TransactionDetail"":{""Amount"":200.0,""DispensedTotal"":200.0,""BillDenom_01"":1,""BillDenom_02"":5,""BillDenom_03"":10,""BillDenom_04"":20,""BillDenom_05"":50,""BillDenom_06"":100,""CoinDenom_01"":1,""CoinDenom_02"":5,""CoinDenom_03"":10,""CoinDenom_04"":25,""CoinDenom_05"":0,""CoinDenom_06"":0,""BillCount_01"":0,""BillCount_02"":0,""BillCount_03"":0,""BillCount_04"":0,""BillCount_05"":0,""BillCount_06"":2,""CoinCount_01"":0,""CoinCount_02"":0,""CoinCount_03"":0,""CoinCount_04"":0,""CoinCount_05"":0,""CoinCount_06"":0,""ManualPay"":0.0,""TransactionNumber"":0,""TransactionType"":""WDRAWTX""}}'",2025-05-31 00:12:41.421-07:00,2025053100120905,200.0,200.0,COMPLETED,2678,0832,nan,WDRAWTX,ATM
"___00:15:40 403002 ATM.     'Posting Transaction Result  0:{""type"":""ATM"",""accountType"":""CHEKAC"",""seqNumber"":""2025053100150105"",""Authorization"":{""AuthNumber"":""2679"",""ErrorCode"":""0"",""ErrorDescription"":""0"",""Fee"":4.95,""OrderId"":""2679"",""RegisterTime"":""2025-05-31T00:15:40.277-07:00"",""TransactionNumber"":2025053100150105},""Operation"":{""Amount"":180.0,""BillDespensed"":180.0,""CardNumber"":""2596"",""HostIP"":"""",""RegistrationDatetime"":""2025-05-31T00:15:40.277-07:00"",""SequenceNumber"":""2025053100150105"",""Status"":""COMPLETED""},""TransactionDetail"":{""Amount"":180.0,""DispensedTotal"":180.0,""BillDenom_01"":1,""BillDenom_02"":5,""BillDenom_03"":10,""BillDenom_04"":20,""BillDenom_05"":50,""BillDenom_06"":100,""CoinDenom_01"":1,""CoinDenom_02"":5,""CoinDenom_03"":10,""CoinDenom_04"":25,""CoinDenom_05"":0,""CoinDenom_06"":0,""BillCount_01"":0,""BillCount_02"":0,""BillCount_03"":0,""BillCount_04"":4,""BillCount_05"":0,""BillCount_06"":1,""CoinCount_01"":0,""CoinCount_02"":0,""CoinCount_03"":0,""CoinCount_04"":0,""CoinCount_05"":0,""CoinCount_06"":0,""ManualPay"":0.0,""TransactionNumber"":0,""TransactionType"":""WDRAWTX""}}'",2025-05-31 00:15:40.277-07:00,2025053100150105,180.0,180.0,COMPLETED,2679,2596,nan,WDRAWTX,ATM
"___00:21:42 403002 ATM.     'Posting Transaction Result  0:{""type"":""ATM"",""accountType"":""CHEKAC"",""seqNumber"":""2025053100211305"",""Authorization"":{""AuthNumber"":""2681"",""ErrorCode"":""0"",""ErrorDescription"":""0"",""Fee"":4.95,""OrderId"":""2681"",""RegisterTime"":""2025-05-31T00:21:42.726-07:00"",""TransactionNumber"":2025053100211305},""Operation"":{""Amount"":200.0,""BillDespensed"":200.0,""CardNumber"":""5262"",""HostIP"":"""",""RegistrationDatetime"":""2025-05-31T00:21:42.726-07:00"",""SequenceNumber"":""2025053100211305"",""Status"":""COMPLETED""},""TransactionDetail"":{""Amount"":200.0,""DispensedTotal"":200.0,""BillDenom_01"":1,""BillDenom_02"":5,""BillDenom_03"":10,""BillDenom_04"":20,""BillDenom_05"":50,""BillDenom_06"":100,""CoinDenom_01"":1,""CoinDenom_02"":5,""CoinDenom_03"":10,""CoinDenom_04"":25,""CoinDenom_05"":0,""CoinDenom_06"":0,""BillCount_01"":0,""BillCount_02"":0,""BillCount_03"":0,""BillCount_04"":0,""BillCount_05"":0,""BillCount_06"":2,""CoinCount_01"":0,""CoinCount_02"":0,""CoinCount_03"":0,""CoinCount_04"":0,""CoinCount_05"":0,""CoinCount_06"":0,""ManualPay"":0.0,""TransactionNumber"":0,""TransactionType"":""WDRAWTX""}}'",2025-05-31 00:21:42.726-07:00,2025053100211305,200.0,200.0,COMPLETED,2681,5262,nan,WDRAWTX,ATM
"___00:26:22 403002 ATM.     'Posting Transaction Result  0:{""type"":""ATM"",""accountType"":""CHEKAC"",""seqNumber"":""2025053100254105"",""Authorization"":{""AuthNumber"":""2682"",""ErrorCode"":""0"",""ErrorDescription"":""0"",""Fee"":4.95,""OrderId"":""2682"",""RegisterTime"":""2025-05-31T00:26:22.110-07:00"",""TransactionNumber"":2025053100254105},""Operation"":{""Amount"":120.0,""BillDespensed"":120.0,""CardNumber"":""3655"",""HostIP"":"""",""RegistrationDatetime"":""2025-05-31T00:26:22.110-07:00"",""SequenceNumber"":""2025053100254105"",""Status"":""COMPLETED""},""TransactionDetail"":{""Amount"":120.0,""DispensedTotal"":120.0,""BillDenom_01"":1,""BillDenom_02"":5,""BillDenom_03"":10,""BillDenom_04"":20,""BillDenom_05"":50,""BillDenom_06"":100,""CoinDenom_01"":1,""CoinDenom_02"":5,""CoinDenom_03"":10,""CoinDenom_04"":25,""CoinDenom_05"":0,""CoinDenom_06"":0,""BillCount_01"":0,""BillCount_02"":0,""BillCount_03"":0,""BillCount_04"":1,""BillCount_05"":0,""BillCount_06"":1,""CoinCount_01"":0,""CoinCount_02"":0,""CoinCount_03"":0,""CoinCount_04"":0,""CoinCount_05"":0,""CoinCount_06"":0,""ManualPay"":0.0,""TransactionNumber"":0,""TransactionType"":""WDRAWTX""}}'",2025-05-31 00:26:22.110-07:00,2025053100254105,120.0,120.0,COMPLETED,2682,3655,nan,WDRAWTX,ATM
"___00:28:37 403002 ATM.     'Posting Transaction Result  0:{""type"":""ATM"",""accountType"":""CHEKAC"",""seqNumber"":""2025053100275505"",""Authorization"":{""AuthNumber"":""2683"",""ErrorCode"":""0"",""ErrorDescription"":""0"",""Fee"":4.95,""OrderId"":""2683"",""RegisterTime"":""2025-05-31T00:28:37.703-07:00"",""TransactionNumber"":2025053100275505},""Operation"":{""Amount"":100.0,""BillDespensed"":100.0,""CardNumber"":""7181"",""HostIP"":"""",""RegistrationDatetime"":""2025-05-31T00:28:37.703-07:00"",""SequenceNumber"":""2025053100275505"",""Status"":""COMPLETED""},""TransactionDetail"":{""Amount"":100.0,""DispensedTotal"":100.0,""BillDenom_01"":1,""BillDenom_02"":5,""BillDenom_03"":10,""BillDenom_04"":20,""BillDenom_05"":50,""BillDenom_06"":100,""CoinDenom_01"":1,""CoinDenom_02"":5,""CoinDenom_03"":10,""CoinDenom_04"":25,""CoinDenom_05"":0,""CoinDenom_06"":0,""BillCount_01"":0,""BillCount_02"":0,""BillCount_03"":0,""BillCount_04"":0,""BillCount_05"":0,""BillCount_06"":1,""CoinCount_01"":0,""CoinCount_02"":0,""CoinCount_03"":0,""CoinCount_04"":0,""CoinCount_05"":0,""CoinCount_06"":0,""ManualPay"":0.0,""TransactionNumber"":0,""TransactionType"":""WDRAWTX""}}'",2025-05-31 00:28:37.703-07:00,2025053100275505,100.0,100.0,COMPLETED,2683,7181,nan,WDRAWTX,ATM
"___00:33:50 403002 ATM.     'Posting Transaction Result  0:{""type"":""ATM"",""accountType"":""CHEKAC"",""seqNumber"":""2025053100332005"",""Authorization"":{""AuthNumber"":""2684"",""ErrorCode"":""0"",""ErrorDescription"":""0"",""Fee"":4.95,""OrderId"":""2684"",""RegisterTime"":""2025-05-31T00:33:50.626-07:00"",""TransactionNumber"":2025053100332005},""Operation"":{""Amount"":60.0,""BillDespensed"":60.0,""CardNumber"":""5619"",""HostIP"":"""",""RegistrationDatetime"":""2025-05-31T00:33:50.626-07:00"",""SequenceNumber"":""2025053100332005"",""Status"":""COMPLETED""},""TransactionDetail"":{""Amount"":60.0,""DispensedTotal"":60.0,""BillDenom_01"":1,""BillDenom_02"":5,""BillDenom_03"":10,""BillDenom_04"":20,""BillDenom_05"":50,""BillDenom_06"":100,""CoinDenom_01"":1,""CoinDenom_02"":5,""CoinDenom_03"":10,""CoinDenom_04"":25,""CoinDenom_05"":0,""CoinDenom_06"":0,""BillCount_01"":0,""BillCount_02"":0,""BillCount_03"":0,""BillCount_04"":3,""BillCount_05"":0,""BillCount_06"":0,""CoinCount_01"":0,""CoinCount_02"":0,""CoinCount_03"":0,""CoinCount_04"":0,""CoinCount_05"":0,""CoinCount_06"":0,""ManualPay"":0.0,""TransactionNumber"":0,""TransactionType"":""WDRAWTX""}}'",2025-05-31 00:33:50.626-07:00,2025053100332005,60.0,60.0,COMPLETED,2684,5619,nan,WDRAWTX,ATM
"___00:35:28 403002 ATM.     'Posting Transaction Result  0:{""type"":""ATM"",""accountType"":""CHEKAC"",""seqNumber"":""2025053100351305"",""Authorization"":{""ErrorCode"":""0"",""ErrorDescription"":""0"",""Fee"":0.0,""RegisterTime"":""2025-05-31T00:35:28.859-07:00"",""TransactionNumber"":2025053100351305},""Operation"":{""Amount"":300.0,""BillDespensed"":0.0,""CardNumber"":""3293"",""HostIP"":"""",""RegistrationDatetime"":""2025-05-31T00:35:28.859-07:00"",""SequenceNumber"":""2025053100351305"",""Status"":""DENIED""},""TransactionDetail"":{""Amount"":300.0,""DispensedTotal"":0.0,""BillDenom_01"":1,""BillDenom_02"":5,""BillDenom_03"":10,""BillDenom_04"":20,""BillDenom_05"":50,""BillDenom_06"":100,""CoinDenom_01"":1,""CoinDenom_02"":5,""CoinDenom_03"":10,""CoinDenom_04"":25,""CoinDenom_05"":0,""CoinDenom_06"":0,""BillCount_01"":0,""BillCount_02"":0,""BillCount_03"":0,""BillCount_04"":0,""BillCount_05"":0,""BillCount_06"":0,""CoinCount_01"":0,""CoinCount_02"":0,""CoinCount_03"":0,""CoinCount_04"":0,""CoinCount_05"":0,""CoinCount_06"":0,""ManualPay"":0.0,""TransactionNumber"":0,""TransactionType"":""WDRAWTX""}}'",2025-05-31 00:35:28.859-07:00,2025053100351305,300.0,0.0,DENIED,nan,3293,nan,WDRAWTX,ATM
"___00:37:27 403002 ATM.     'Posting Transaction Result  0:{""type"":""ATM"",""accountType"":""CHEKAC"",""seqNumber"":""2025053100365505"",""Authorization"":{""AuthNumber"":""2686"",""ErrorCode"":""0"",""ErrorDescription"":""0"",""Fee"":4.95,""OrderId"":""2686"",""RegisterTime"":""2025-05-31T00:37:27.646-07:00"",""TransactionNumber"":2025053100365505},""Operation"":{""Amount"":300.0,""BillDespensed"":300.0,""CardNumber"":""4095"",""HostIP"":"""",""RegistrationDatetime"":""2025-05-31T00:37:27.646-07:00"",""SequenceNumber"":""2025053100365505"",""Status"":""COMPLETED""},""TransactionDetail"":{""Amount"":300.0,""DispensedTotal"":300.0,""BillDenom_01"":1,""BillDenom_02"":5,""BillDenom_03"":10,""BillDenom_04"":20,""BillDenom_05"":50,""BillDenom_06"":100,""CoinDenom_01"":1,""CoinDenom_02"":5,""CoinDenom_03"":10,""CoinDenom_04"":25,""CoinDenom_05"":0,""CoinDenom_06"":0,""BillCount_01"":0,""BillCount_02"":0,""BillCount_03"":0,""BillCount_04"":0,""BillCount_05"":0,""BillCount_06"":3,""CoinCount_01"":0,""CoinCount_02"":0,""CoinCount_03"":0,""CoinCount_04"":0,""CoinCount_05"":0,""CoinCount_06"":0,""ManualPay"":0.0,""TransactionNumber"":0,""TransactionType"":""WDRAWTX""}}'",2025-05-31 00:37:27.646-07:00,2025053100365505,300.0,300.0,COMPLETED,2686,4095,nan,WDRAWTX,ATM
"___00:38:53 403002 ATM.     'Posting Transaction Result  0:{""type"":""ATM"",""accountType"":""CHEKAC"",""seqNumber"":""2025053100382305"",""Authorization"":{""AuthNumber"":""2687"",""ErrorCode"":""0"",""ErrorDescription"":""0"",""Fee"":4.95,""OrderId"":""2687"",""RegisterTime"":""2025-05-31T00:38:53.141-07:00"",""TransactionNumber"":2025053100382305},""Operation"":{""Amount"":40.0,""BillDespensed"":40.0,""CardNumber"":""2425"",""HostIP"":"""",""RegistrationDatetime"":""2025-05-31T00:38:53.141-07:00"",""SequenceNumber"":""2025053100382305"",""Status"":""COMPLETED""},""TransactionDetail"":{""Amount"":40.0,""DispensedTotal"":40.0,""BillDenom_01"":1,""BillDenom_02"":5,""BillDenom_03"":10,""BillDenom_04"":20,""BillDenom_05"":50,""BillDenom_06"":100,""CoinDenom_01"":1,""CoinDenom_02"":5,""CoinDenom_03"":10,""CoinDenom_04"":25,""CoinDenom_05"":0,""CoinDenom_06"":0,""BillCount_01"":0,""BillCount_02"":0,""BillCount_03"":0,""BillCount_04"":2,""BillCount_05"":0,""BillCount_06"":0,""CoinCount_01"":0,""CoinCount_02"":0,""CoinCount_03"":0,""CoinCount_04"":0,""CoinCount_05"":0,""CoinCount_06"":0,""ManualPay"":0.0,""TransactionNumber"":0,""TransactionType"":""WDRAWTX""}}'",2025-05-31 00:38:53.141-07:00,2025053100382305,40.0,40.0,COMPLETED,2687,2425,nan,WDRAWTX,ATM
"___00:42:17 403002 ATM.     'Posting Transaction Result  0:{""type"":""ATM"",""accountType"":""CHEKAC"",""seqNumber"":""2025053100413505"",""Authorization"":{""AuthNumber"":""2688"",""ErrorCode"":""0"",""ErrorDescription"":""0"",""Fee"":4.95,""OrderId"":""2688"",""RegisterTime"":""2025-05-31T00:42:17.638-07:00"",""TransactionNumber"":2025053100413505},""Operation"":{""Amount"":160.0,""BillDespensed"":160.0,""CardNumber"":""8536"",""HostIP"":"""",""RegistrationDatetime"":""2025-05-31T00:42:17.638-07:00"",""SequenceNumber"":""2025053100413505"",""Status"":""COMPLETED""},""TransactionDetail"":{""Amount"":160.0,""DispensedTotal"":160.0,""BillDenom_01"":1,""BillDenom_02"":5,""BillDenom_03"":10,""BillDenom_04"":20,""BillDenom_05"":50,""BillDenom_06"":100,""CoinDenom_01"":1,""CoinDenom_02"":5,""CoinDenom_03"":10,""CoinDenom_04"":25,""CoinDenom_05"":0,""CoinDenom_06"":0,""BillCount_01"":0,""BillCount_02"":0,""BillCount_03"":0,""BillCount_04"":3,""BillCount_05"":0,""BillCount_06"":1,""CoinCount_01"":0,""CoinCount_02"":0,""CoinCount_03"":0,""CoinCount_04"":0,""CoinCount_05"":0,""CoinCount_06"":0,""ManualPay"":0.0,""TransactionNumber"":0,""TransactionType"":""WDRAWTX""}}'",2025-05-31 00:42:17.638-07:00,2025053100413505,160.0,160.0,COMPLETED,2688,8536,nan,WDRAWTX,ATM
"___00:43:29 403002 ATM.     'Posting Transaction Result  0:{""type"":""ATM"",""accountType"":""CHEKAC"",""seqNumber"":""2025053100431505"",""Authorization"":{""ErrorCode"":""0"",""ErrorDescription"":""0"",""Fee"":0.0,""RegisterTime"":""2025-05-31T00:43:29.486-07:00"",""TransactionNumber"":2025053100431505},""Operation"":{""Amount"":500.0,""BillDespensed"":0.0,""CardNumber"":""8694"",""HostIP"":"""",""RegistrationDatetime"":""2025-05-31T00:43:29.486-07:00"",""SequenceNumber"":""2025053100431505"",""Status"":""DENIED""},""TransactionDetail"":{""Amount"":500.0,""DispensedTotal"":0.0,""BillDenom_01"":1,""BillDenom_02"":5,""BillDenom_03"":10,""BillDenom_04"":20,""BillDenom_05"":50,""BillDenom_06"":100,""CoinDenom_01"":1,""CoinDenom_02"":5,""CoinDenom_03"":10,""CoinDenom_04"":25,""CoinDenom_05"":0,""CoinDenom_06"":0,""BillCount_01"":0,""BillCount_02"":0,""BillCount_03"":0,""BillCount_04"":0,""BillCount_05"":0,""BillCount_06"":0,""CoinCount_01"":0,""CoinCount_02"":0,""CoinCount_03"":0,""CoinCount_04"":0,""CoinCount_05"":0,""CoinCount_06"":0,""ManualPay"":0.0,""TransactionNumber"":0,""TransactionType"":""WDRAWTX""}}'",2025-05-31 00:43:29.486-07:00,2025053100431505,500.0,0.0,DENIED,nan,8694,nan,WDRAWTX,ATM
"___00:44:21 403002 ATM.     'Posting Transaction Result  0:{""type"":""ATM"",""accountType"":""CHEKAC"",""seqNumber"":""2025053100440805"",""Authorization"":{""ErrorCode"":""0"",""ErrorDescription"":""0"",""Fee"":0.0,""RegisterTime"":""2025-05-31T00:44:21.370-07:00"",""TransactionNumber"":2025053100440805},""Operation"":{""Amount"":400.0,""BillDespensed"":0.0,""CardNumber"":""8694"",""HostIP"":"""",""RegistrationDatetime"":""2025-05-31T00:44:21.370-07:00"",""SequenceNumber"":""2025053100440805"",""Status"":""DENIED""},""TransactionDetail"":{""Amount"":400.0,""DispensedTotal"":0.0,""BillDenom_01"":1,""BillDenom_02"":5,""BillDenom_03"":10,""BillDenom_04"":20,""BillDenom_05"":50,""BillDenom_06"":100,""CoinDenom_01"":1,""CoinDenom_02"":5,""CoinDenom_03"":10,""CoinDenom_04"":25,""CoinDenom_05"":0,""CoinDenom_06"":0,""BillCount_01"":0,""BillCount_02"":0,""BillCount_03"":0,""BillCount_04"":0,""BillCount_05"":0,""BillCount_06"":0,""CoinCount_01"":0,""CoinCount_02"":0,""CoinCount_03"":0,""CoinCount_04"":0,""CoinCount_05"":0,""CoinCount_06"":0,""ManualPay"":0.0,""TransactionNumber"":0,""TransactionType"":""WDRAWTX""}}'",2025-05-31 00:44:21.370-07:00,2025053100440805,400.0,0.0,DENIED,nan,8694,nan,WDRAWTX,ATM
"___00:46:02 403002 ATM.     'Posting Transaction Result  0:{""type"":""ATM"",""accountType"":""CHEKAC"",""seqNumber"":""2025053100454905"",""Authorization"":{""ErrorCode"":""0"",""ErrorDescription"":""0"",""Fee"":0.0,""RegisterTime"":""2025-05-31T00:46:02.732-07:00"",""TransactionNumber"":2025053100454905},""Operation"":{""Amount"":200.0,""BillDespensed"":0.0,""CardNumber"":""8694"",""HostIP"":"""",""RegistrationDatetime"":""2025-05-31T00:46:02.732-07:00"",""SequenceNumber"":""2025053100454905"",""Status"":""DENIED""},""TransactionDetail"":{""Amount"":200.0,""DispensedTotal"":0.0,""BillDenom_01"":1,""BillDenom_02"":5,""BillDenom_03"":10,""BillDenom_04"":20,""BillDenom_05"":50,""BillDenom_06"":100,""CoinDenom_01"":1,""CoinDenom_02"":5,""CoinDenom_03"":10,""CoinDenom_04"":25,""CoinDenom_05"":0,""CoinDenom_06"":0,""BillCount_01"":0,""BillCount_02"":0,""BillCount_03"":0,""BillCount_04"":0,""BillCount_05"":0,""BillCount_06"":0,""CoinCount_01"":0,""CoinCount_02"":0,""CoinCount_03"":0,""CoinCount_04"":0,""CoinCount_05"":0,""CoinCount_06"":0,""ManualPay"":0.0,""TransactionNumber"":0,""TransactionType"":""WDRAWTX""}}'",2025-05-31 00:46:02.732-07:00,2025053100454905,200.0,0.0,DENIED,nan,8694,nan,WDRAWTX,ATM
"___00:53:06 403002 ATM.     'Posting Transaction Result  0:{""type"":""ATM"",""accountType"":""CHEKAC"",""seqNumber"":""2025053100525305"",""Authorization"":{""ErrorCode"":""0"",""ErrorDescription"":""0"",""Fee"":0.0,""RegisterTime"":""2025-05-31T00:53:06.300-07:00"",""TransactionNumber"":2025053100525305},""Operation"":{""Amount"":500.0,""BillDespensed"":0.0,""CardNumber"":""6050"",""HostIP"":"""",""RegistrationDatetime"":""2025-05-31T00:53:06.300-07:00"",""SequenceNumber"":""2025053100525305"",""Status"":""DENIED""},""TransactionDetail"":{""Amount"":500.0,""DispensedTotal"":0.0,""BillDenom_01"":1,""BillDenom_02"":5,""BillDenom_03"":10,""BillDenom_04"":20,""BillDenom_05"":50,""BillDenom_06"":100,""CoinDenom_01"":1,""CoinDenom_02"":5,""CoinDenom_03"":10,""CoinDenom_04"":25,""CoinDenom_05"":0,""CoinDenom_06"":0,""BillCount_01"":0,""BillCount_02"":0,""BillCount_03"":0,""BillCount_04"":0,""BillCount_05"":0,""BillCount_06"":0,""CoinCount_01"":0,""CoinCount_02"":0,""CoinCount_03"":0,""CoinCount_04"":0,""CoinCount_05"":0,""CoinCount_06"":0,""ManualPay"":0.0,""TransactionNumber"":0,""TransactionType"":""WDRAWTX""}}'",2025-05-31 00:53:06.300-07:00,2025053100525305,500.0,0.0,DENIED,nan,6050,nan,WDRAWTX,ATM
"___00:54:05 403002 ATM.     'Posting Transaction Result  0:{""type"":""ATM"",""accountType"":""CHEKAC"",""seqNumber"":""2025053100535005"",""Authorization"":{""ErrorCode"":""0"",""ErrorDescription"":""0"",""Fee"":0.0,""RegisterTime"":""2025-05-31T00:54:05.379-07:00"",""TransactionNumber"":2025053100535005},""Operation"":{""Amount"":200.0,""BillDespensed"":0.0,""CardNumber"":""6050"",""HostIP"":"""",""RegistrationDatetime"":""2025-05-31T00:54:05.379-07:00"",""SequenceNumber"":""2025053100535005"",""Status"":""DENIED""},""TransactionDetail"":{""Amount"":200.0,""DispensedTotal"":0.0,""BillDenom_01"":1,""BillDenom_02"":5,""BillDenom_03"":10,""BillDenom_04"":20,""BillDenom_05"":50,""BillDenom_06"":100,""CoinDenom_01"":1,""CoinDenom_02"":5,""CoinDenom_03"":10,""CoinDenom_04"":25,""CoinDenom_05"":0,""CoinDenom_06"":0,""BillCount_01"":0,""BillCount_02"":0,""BillCount_03"":0,""BillCount_04"":0,""BillCount_05"":0,""BillCount_06"":0,""CoinCount_01"":0,""CoinCount_02"":0,""CoinCount_03"":0,""CoinCount_04"":0,""CoinCount_05"":0,""CoinCount_06"":0,""ManualPay"":0.0,""TransactionNumber"":0,""TransactionType"":""WDRAWTX""}}'",2025-05-31 00:54:05.379-07:00,2025053100535005,200.0,0.0,DENIED,nan,6050,nan,WDRAWTX,ATM
"___00:59:51 403002 ATM.     'Posting Transaction Result  0:{""type"":""ATM"",""accountType"":""CHEKAC"",""seqNumber"":""2025053100591905"",""Authorization"":{""AuthNumber"":""2695"",""ErrorCode"":""0"",""ErrorDescription"":""0"",""Fee"":4.95,""OrderId"":""2695"",""RegisterTime"":""2025-05-31T00:59:51.918-07:00"",""TransactionNumber"":2025053100591905},""Operation"":{""Amount"":400.0,""BillDespensed"":400.0,""CardNumber"":""8694"",""HostIP"":"""",""RegistrationDatetime"":""2025-05-31T00:59:51.918-07:00"",""SequenceNumber"":""2025053100591905"",""Status"":""COMPLETED""},""TransactionDetail"":{""Amount"":400.0,""DispensedTotal"":400.0,""BillDenom_01"":1,""BillDenom_02"":5,""BillDenom_03"":10,""BillDenom_04"":20,""BillDenom_05"":50,""BillDenom_06"":100,""CoinDenom_01"":1,""CoinDenom_02"":5,""CoinDenom_03"":10,""CoinDenom_04"":25,""CoinDenom_05"":0,""CoinDenom_06"":0,""BillCount_01"":0,""BillCount_02"":0,""BillCount_03"":0,""BillCount_04"":0,""BillCount_05"":0,""BillCount_06"":4,""CoinCount_01"":0,""CoinCount_02"":0,""CoinCount_03"":0,""CoinCount_04"":0,""CoinCount_05"":0,""CoinCount_06"":0,""ManualPay"":0.0,""TransactionNumber"":0,""TransactionType"":""WDRAWTX""}}'",2025-05-31 00:59:51.918-07:00,2025053100591905,400.0,400.0,COMPLETED,2695,8694,nan,WDRAWTX,ATM
"___01:03:38 403002 ATM.     'Posting Transaction Result  0:{""type"":""ATM"",""accountType"":""CHEKAC"",""seqNumber"":""2025053101024605"",""Authorization"":{""AuthNumber"":""2696"",""ErrorCode"":""0"",""ErrorDescription"":""0"",""Fee"":4.95,""OrderId"":""2696"",""RegisterTime"":""2025-05-31T01:03:38.869-07:00"",""TransactionNumber"":2025053101024605},""Operation"":{""Amount"":500.0,""BillDespensed"":500.0,""CardNumber"":""4748"",""HostIP"":"""",""RegistrationDatetime"":""2025-05-31T01:03:38.869-07:00"",""SequenceNumber"":""2025053101024605"",""Status"":""COMPLETED""},""TransactionDetail"":{""Amount"":500.0,""DispensedTotal"":500.0,""BillDenom_01"":1,""BillDenom_02"":5,""BillDenom_03"":10,""BillDenom_04"":20,""BillDenom_05"":50,""BillDenom_06"":100,""CoinDenom_01"":1,""CoinDenom_02"":5,""CoinDenom_03"":10,""CoinDenom_04"":25,""CoinDenom_05"":0,""CoinDenom_06"":0,""BillCount_01"":0,""BillCount_02"":0,""BillCount_03"":0,""BillCount_04"":0,""BillCount_05"":0,""BillCount_06"":5,""CoinCount_01"":0,""CoinCount_02"":0,""CoinCount_03"":0,""CoinCount_04"":0,""CoinCount_05"":0,""CoinCount_06"":0,""ManualPay"":0.0,""TransactionNumber"":0,""TransactionType"":""WDRAWTX""}}'",2025-05-31 01:03:38.869-07:00,2025053101024605,500.0,500.0,COMPLETED,2696,4748,nan,WDRAWTX,ATM
"___01:15:43 403002 ATM.     'Posting Transaction Result  0:{""type"":""ATM"",""accountType"":""CHEKAC"",""seqNumber"":""2025053101152205"",""Authorization"":{""ErrorCode"":""0"",""ErrorDescription"":""0"",""Fee"":0.0,""RegisterTime"":""2025-05-31T01:15:43.317-07:00"",""TransactionNumber"":2025053101152205},""Operation"":{""Amount"":300.0,""BillDespensed"":0.0,""CardNumber"":""7890"",""HostIP"":"""",""RegistrationDatetime"":""2025-05-31T01:15:43.317-07:00"",""SequenceNumber"":""2025053101152205"",""Status"":""DENIED""},""TransactionDetail"":{""Amount"":300.0,""DispensedTotal"":0.0,""BillDenom_01"":1,""BillDenom_02"":5,""BillDenom_03"":10,""BillDenom_04"":20,""BillDenom_05"":50,""BillDenom_06"":100,""CoinDenom_01"":1,""CoinDenom_02"":5,""CoinDenom_03"":10,""CoinDenom_04"":25,""CoinDenom_05"":0,""CoinDenom_06"":0,""BillCount_01"":0,""BillCount_02"":0,""BillCount_03"":0,""BillCount_04"":0,""BillCount_05"":0,""BillCount_06"":0,""CoinCount_01"":0,""CoinCount_02"":0,""CoinCount_03"":0,""CoinCount_04"":0,""CoinCount_05"":0,""CoinCount_06"":0,""ManualPay"":0.0,""TransactionNumber"":0,""TransactionType"":""WDRAWTX""}}'",2025-05-31 01:15:43.317-07:00,2025053101152205,300.0,0.0,DENIED,nan,7890,nan,WDRAWTX,ATM
"___01:26:39 403002 ATM.     'Posting Transaction Result  0:{""type"":""ATM"",""accountType"":""CHEKAC"",""seqNumber"":""2025053101260905"",""Authorization"":{""AuthNumber"":""2698"",""ErrorCode"":""0"",""ErrorDescription"":""0"",""Fee"":4.95,""OrderId"":""2698"",""RegisterTime"":""2025-05-31T01:26:39.684-07:00"",""TransactionNumber"":2025053101260905},""Operation"":{""Amount"":200.0,""BillDespensed"":200.0,""CardNumber"":""6800"",""HostIP"":"""",""RegistrationDatetime"":""2025-05-31T01:26:39.684-07:00"",""SequenceNumber"":""2025053101260905"",""Status"":""COMPLETED""},""TransactionDetail"":{""Amount"":200.0,""DispensedTotal"":200.0,""BillDenom_01"":1,""BillDenom_02"":5,""BillDenom_03"":10,""BillDenom_04"":20,""BillDenom_05"":50,""BillDenom_06"":100,""CoinDenom_01"":1,""CoinDenom_02"":5,""CoinDenom_03"":10,""CoinDenom_04"":25,""CoinDenom_05"":0,""CoinDenom_06"":0,""BillCount_01"":0,""BillCount_02"":0,""BillCount_03"":0,""BillCount_04"":0,""BillCount_05"":0,""BillCount_06"":2,""CoinCount_01"":0,""CoinCount_02"":0,""CoinCount_03"":0,""CoinCount_04"":0,""CoinCount_05"":0,""CoinCount_06"":0,""ManualPay"":0.0,""TransactionNumber"":0,""TransactionType"":""WDRAWTX""}}'",2025-05-31 01:26:39.684-07:00,2025053101260905,200.0,200.0,COMPLETED,2698,6800,nan,WDRAWTX,ATM
"___01:27:46 403002 ATM.     'Posting Transaction Result  0:{""type"":""ATM"",""accountType"":""CHEKAC"",""seqNumber"":""2025053101273005"",""Authorization"":{""ErrorCode"":""0"",""ErrorDescription"":""0"",""Fee"":0.0,""RegisterTime"":""2025-05-31T01:27:46.766-07:00"",""TransactionNumber"":2025053101273005},""Operation"":{""Amount"":500.0,""BillDespensed"":0.0,""CardNumber"":""4025"",""HostIP"":"""",""RegistrationDatetime"":""2025-05-31T01:27:46.766-07:00"",""SequenceNumber"":""2025053101273005"",""Status"":""DENIED""},""TransactionDetail"":{""Amount"":500.0,""DispensedTotal"":0.0,""BillDenom_01"":1,""BillDenom_02"":5,""BillDenom_03"":10,""BillDenom_04"":20,""BillDenom_05"":50,""BillDenom_06"":100,""CoinDenom_01"":1,""CoinDenom_02"":5,""CoinDenom_03"":10,""CoinDenom_04"":25,""CoinDenom_05"":0,""CoinDenom_06"":0,""BillCount_01"":0,""BillCount_02"":0,""BillCount_03"":0,""BillCount_04"":0,""BillCount_05"":0,""BillCount_06"":0,""CoinCount_01"":0,""CoinCount_02"":0,""CoinCount_03"":0,""CoinCount_04"":0,""CoinCount_05"":0,""CoinCount_06"":0,""ManualPay"":0.0,""TransactionNumber"":0,""TransactionType"":""WDRAWTX""}}'",2025-05-31 01:27:46.766-07:00,2025053101273005,500.0,0.0,DENIED,nan,4025,nan,WDRAWTX,ATM
"___03:54:29 403002 ATM.     'Posting Transaction Result  0:{""type"":""ATM"",""accountType"":""CHEKAC"",""seqNumber"":""2025053103535205"",""Authorization"":{""AuthNumber"":""2700"",""ErrorCode"":""0"",""ErrorDescription"":""0"",""Fee"":4.95,""OrderId"":""2700"",""RegisterTime"":""2025-05-31T03:54:29.503-07:00"",""TransactionNumber"":2025053103535205},""Operation"":{""Amount"":160.0,""BillDespensed"":160.0,""CardNumber"":""0175"",""HostIP"":"""",""RegistrationDatetime"":""2025-05-31T03:54:29.503-07:00"",""SequenceNumber"":""2025053103535205"",""Status"":""COMPLETED""},""TransactionDetail"":{""Amount"":160.0,""DispensedTotal"":160.0,""BillDenom_01"":1,""BillDenom_02"":5,""BillDenom_03"":10,""BillDenom_04"":20,""BillDenom_05"":50,""BillDenom_06"":100,""CoinDenom_01"":1,""CoinDenom_02"":5,""CoinDenom_03"":10,""CoinDenom_04"":25,""CoinDenom_05"":0,""CoinDenom_06"":0,""BillCount_01"":0,""BillCount_02"":0,""BillCount_03"":0,""BillCount_04"":3,""BillCount_05"":0,""BillCount_06"":1,""CoinCount_01"":0,""CoinCount_02"":0,""CoinCount_03"":0,""CoinCount_04"":0,""CoinCount_05"":0,""CoinCount_06"":0,""ManualPay"":0.0,""TransactionNumber"":0,""TransactionType"":""WDRAWTX""}}'",2025-05-31 03:54:29.503-07:00,2025053103535205,160.0,160.0,COMPLETED,2700,0175,nan,WDRAWTX,ATM
"___04:31:25 403002 ATM.     'Posting Transaction Result  0:{""type"":""ATM"",""accountType"":""CHEKAC"",""seqNumber"":""2025053104311105"",""Authorization"":{""ErrorCode"":""0"",""ErrorDescription"":""0"",""Fee"":0.0,""RegisterTime"":""2025-05-31T04:31:25.104-07:00"",""TransactionNumber"":2025053104311105},""Operation"":{""Amount"":200.0,""BillDespensed"":0.0,""CardNumber"":""2370"",""HostIP"":"""",""RegistrationDatetime"":""2025-05-31T04:31:25.104-07:00"",""SequenceNumber"":""2025053104311105"",""Status"":""DENIED""},""TransactionDetail"":{""Amount"":200.0,""DispensedTotal"":0.0,""BillDenom_01"":1,""BillDenom_02"":5,""BillDenom_03"":10,""BillDenom_04"":20,""BillDenom_05"":50,""BillDenom_06"":100,""CoinDenom_01"":1,""CoinDenom_02"":5,""CoinDenom_03"":10,""CoinDenom_04"":25,""CoinDenom_05"":0,""CoinDenom_06"":0,""BillCount_01"":0,""BillCount_02"":0,""BillCount_03"":0,""BillCount_04"":0,""BillCount_05"":0,""BillCount_06"":0,""CoinCount_01"":0,""CoinCount_02"":0,""CoinCount_03"":0,""CoinCount_04"":0,""CoinCount_05"":0,""CoinCount_06"":0,""ManualPay"":0.0,""TransactionNumber"":0,""TransactionType"":""WDRAWTX""}}'",2025-05-31 04:31:25.104-07:00,2025053104311105,200.0,0.0,DENIED,nan,2370,nan,WDRAWTX,ATM
"___04:32:34 403002 ATM.     'Posting Transaction Result  0:{""type"":""ATM"",""accountType"":""CHEKAC"",""seqNumber"":""2025053104322005"",""Authorization"":{""ErrorCode"":""0"",""ErrorDescription"":""0"",""Fee"":0.0,""RegisterTime"":""2025-05-31T04:32:34.173-07:00"",""TransactionNumber"":2025053104322005},""Operation"":{""Amount"":200.0,""BillDespensed"":0.0,""CardNumber"":""2370"",""HostIP"":"""",""RegistrationDatetime"":""2025-05-31T04:32:34.173-07:00"",""SequenceNumber"":""2025053104322005"",""Status"":""DENIED""},""TransactionDetail"":{""Amount"":200.0,""DispensedTotal"":0.0,""BillDenom_01"":1,""BillDenom_02"":5,""BillDenom_03"":10,""BillDenom_04"":20,""BillDenom_05"":50,""BillDenom_06"":100,""CoinDenom_01"":1,""CoinDenom_02"":5,""CoinDenom_03"":10,""CoinDenom_04"":25,""CoinDenom_05"":0,""CoinDenom_06"":0,""BillCount_01"":0,""BillCount_02"":0,""BillCount_03"":0,""BillCount_04"":0,""BillCount_05"":0,""BillCount_06"":0,""CoinCount_01"":0,""CoinCount_02"":0,""CoinCount_03"":0,""CoinCount_04"":0,""CoinCount_05"":0,""CoinCount_06"":0,""ManualPay"":0.0,""TransactionNumber"":0,""TransactionType"":""WDRAWTX""}}'",2025-05-31 04:32:34.173-07:00,2025053104322005,200.0,0.0,DENIED,nan,2370,nan,WDRAWTX,ATM
"___04:34:15 403002 ATM.     'Posting Transaction Result  0:{""type"":""ATM"",""accountType"":""CHEKAC"",""seqNumber"":""2025053104333405"",""Authorization"":{""AuthNumber"":""2703"",""ErrorCode"":""0"",""ErrorDescription"":""0"",""Fee"":4.95,""OrderId"":""2703"",""RegisterTime"":""2025-05-31T04:34:15.671-07:00"",""TransactionNumber"":2025053104333405},""Operation"":{""Amount"":100.0,""BillDespensed"":100.0,""CardNumber"":""2370"",""HostIP"":"""",""RegistrationDatetime"":""2025-05-31T04:34:15.671-07:00"",""SequenceNumber"":""2025053104333405"",""Status"":""COMPLETED""},""TransactionDetail"":{""Amount"":100.0,""DispensedTotal"":100.0,""BillDenom_01"":1,""BillDenom_02"":5,""BillDenom_03"":10,""BillDenom_04"":20,""BillDenom_05"":50,""BillDenom_06"":100,""CoinDenom_01"":1,""CoinDenom_02"":5,""CoinDenom_03"":10,""CoinDenom_04"":25,""CoinDenom_05"":0,""CoinDenom_06"":0,""BillCount_01"":0,""BillCount_02"":0,""BillCount_03"":0,""BillCount_04"":0,""BillCount_05"":0,""BillCount_06"":1,""CoinCount_01"":0,""CoinCount_02"":0,""CoinCount_03"":0,""CoinCount_04"":0,""CoinCount_05"":0,""CoinCount_06"":0,""ManualPay"":0.0,""TransactionNumber"":0,""TransactionType"":""WDRAWTX""}}'",2025-05-31 04:34:15.671-07:00,2025053104333405,100.0,100.0,COMPLETED,2703,2370,nan,WDRAWTX,ATM
"___04:38:01 403002 ATM.     'Posting Transaction Result  0:{""type"":""ATM"",""accountType"":""CHEKAC"",""seqNumber"":""2025053104370805"",""Authorization"":{""AuthNumber"":""2704"",""ErrorCode"":""0"",""ErrorDescription"":""0"",""Fee"":4.95,""OrderId"":""2704"",""RegisterTime"":""2025-05-31T04:38:01.930-07:00"",""TransactionNumber"":2025053104370805},""Operation"":{""Amount"":1000.0,""BillDespensed"":1000.0,""CardNumber"":""9562"",""HostIP"":"""",""RegistrationDatetime"":""2025-05-31T04:38:01.930-07:00"",""SequenceNumber"":""2025053104370805"",""Status"":""COMPLETED""},""TransactionDetail"":{""Amount"":1000.0,""DispensedTotal"":1000.0,""BillDenom_01"":1,""BillDenom_02"":5,""BillDenom_03"":10,""BillDenom_04"":20,""BillDenom_05"":50,""BillDenom_06"":100,""CoinDenom_01"":1,""CoinDenom_02"":5,""CoinDenom_03"":10,""CoinDenom_04"":25,""CoinDenom_05"":0,""CoinDenom_06"":0,""BillCount_01"":0,""BillCount_02"":0,""BillCount_03"":0,""BillCount_04"":0,""BillCount_05"":0,""BillCount_06"":10,""CoinCount_01"":0,""CoinCount_02"":0,""CoinCount_03"":0,""CoinCount_04"":0,""CoinCount_05"":0,""CoinCount_06"":0,""ManualPay"":0.0,""TransactionNumber"":0,""TransactionType"":""WDRAWTX""}}'",2025-05-31 04:38:01.930-07:00,2025053104370805,1000.0,1000.0,COMPLETED,2704,9562,nan,WDRAWTX,ATM
"___05:25:50 403002 ATM.     'Posting Transaction Result  0:{""type"":""ATM"",""accountType"":""CHEKAC"",""seqNumber"":""2025053105253405"",""Authorization"":{""ErrorCode"":""0"",""ErrorDescription"":""0"",""Fee"":0.0,""RegisterTime"":""2025-05-31T05:25:50.968-07:00"",""TransactionNumber"":2025053105253405},""Operation"":{""Amount"":500.0,""BillDespensed"":0.0,""CardNumber"":""4869"",""HostIP"":"""",""RegistrationDatetime"":""2025-05-31T05:25:50.968-07:00"",""SequenceNumber"":""2025053105253405"",""Status"":""DENIED""},""TransactionDetail"":{""Amount"":500.0,""DispensedTotal"":0.0,""BillDenom_01"":1,""BillDenom_02"":5,""BillDenom_03"":10,""BillDenom_04"":20,""BillDenom_05"":50,""BillDenom_06"":100,""CoinDenom_01"":1,""CoinDenom_02"":5,""CoinDenom_03"":10,""CoinDenom_04"":25,""CoinDenom_05"":0,""CoinDenom_06"":0,""BillCount_01"":0,""BillCount_02"":0,""BillCount_03"":0,""BillCount_04"":0,""BillCount_05"":0,""BillCount_06"":0,""CoinCount_01"":0,""CoinCount_02"":0,""CoinCount_03"":0,""CoinCount_04"":0,""CoinCount_05"":0,""CoinCount_06"":0,""ManualPay"":0.0,""TransactionNumber"":0,""TransactionType"":""WDRAWTX""}}'",2025-05-31 05:25:50.968-07:00,2025053105253405,500.0,0.0,DENIED,nan,4869,nan,WDRAWTX,ATM
"___05:28:23 403002 ATM.     'Posting Transaction Result  0:{""type"":""ATM"",""accountType"":""CHEKAC"",""seqNumber"":""2025053105274005"",""Authorization"":{""AuthNumber"":""2707"",""ErrorCode"":""0"",""ErrorDescription"":""0"",""Fee"":4.95,""OrderId"":""2707"",""RegisterTime"":""2025-05-31T05:28:23.915-07:00"",""TransactionNumber"":2025053105274005},""Operation"":{""Amount"":500.0,""BillDespensed"":500.0,""CardNumber"":""4869"",""HostIP"":"""",""RegistrationDatetime"":""2025-05-31T05:28:23.915-07:00"",""SequenceNumber"":""2025053105274005"",""Status"":""COMPLETED""},""TransactionDetail"":{""Amount"":500.0,""DispensedTotal"":500.0,""BillDenom_01"":1,""BillDenom_02"":5,""BillDenom_03"":10,""BillDenom_04"":20,""BillDenom_05"":50,""BillDenom_06"":100,""CoinDenom_01"":1,""CoinDenom_02"":5,""CoinDenom_03"":10,""CoinDenom_04"":25,""CoinDenom_05"":0,""CoinDenom_06"":0,""BillCount_01"":0,""BillCount_02"":0,""BillCount_03"":0,""BillCount_04"":0,""BillCount_05"":0,""BillCount_06"":5,""CoinCount_01"":0,""CoinCount_02"":0,""CoinCount_03"":0,""CoinCount_04"":0,""CoinCount_05"":0,""CoinCount_06"":0,""ManualPay"":0.0,""TransactionNumber"":0,""TransactionType"":""WDRAWTX""}}'",2025-05-31 05:28:23.915-07:00,2025053105274005,500.0,500.0,COMPLETED,2707,4869,nan,WDRAWTX,ATM
"___06:00:29 403002 ATM.     'Posting Transaction Result  0:{""type"":""ATM"",""accountType"":""CHEKAC"",""seqNumber"":""2025053106001205"",""Authorization"":{""ErrorCode"":""0"",""ErrorDescription"":""0"",""Fee"":0.0,""RegisterTime"":""2025-05-31T06:00:29.156-07:00"",""TransactionNumber"":2025053106001205},""Operation"":{""Amount"":300.0,""BillDespensed"":0.0,""CardNumber"":""1985"",""HostIP"":"""",""RegistrationDatetime"":""2025-05-31T06:00:29.156-07:00"",""SequenceNumber"":""2025053106001205"",""Status"":""DENIED""},""TransactionDetail"":{""Amount"":300.0,""DispensedTotal"":0.0,""BillDenom_01"":1,""BillDenom_02"":5,""BillDenom_03"":10,""BillDenom_04"":20,""BillDenom_05"":50,""BillDenom_06"":100,""CoinDenom_01"":1,""CoinDenom_02"":5,""CoinDenom_03"":10,""CoinDenom_04"":25,""CoinDenom_05"":0,""CoinDenom_06"":0,""BillCount_01"":0,""BillCount_02"":0,""BillCount_03"":0,""BillCount_04"":0,""BillCount_05"":0,""BillCount_06"":0,""CoinCount_01"":0,""CoinCount_02"":0,""CoinCount_03"":0,""CoinCount_04"":0,""CoinCount_05"":0,""CoinCount_06"":0,""ManualPay"":0.0,""TransactionNumber"":0,""TransactionType"":""WDRAWTX""}}'",2025-05-31 06:00:29.156-07:00,2025053106001205,300.0,0.0,DENIED,nan,1985,nan,WDRAWTX,ATM
"___06:37:41 403002 ATM.     'Posting Transaction Result  0:{""type"":""ATM"",""accountType"":""CHEKAC"",""seqNumber"":""2025053106370905"",""Authorization"":{""AuthNumber"":""2709"",""ErrorCode"":""0"",""ErrorDescription"":""0"",""Fee"":4.95,""OrderId"":""2709"",""RegisterTime"":""2025-05-31T06:37:41.280-07:00"",""TransactionNumber"":2025053106370905},""Operation"":{""Amount"":1000.0,""BillDespensed"":1000.0,""CardNumber"":""8482"",""HostIP"":"""",""RegistrationDatetime"":""2025-05-31T06:37:41.280-07:00"",""SequenceNumber"":""2025053106370905"",""Status"":""COMPLETED""},""TransactionDetail"":{""Amount"":1000.0,""DispensedTotal"":1000.0,""BillDenom_01"":1,""BillDenom_02"":5,""BillDenom_03"":10,""BillDenom_04"":20,""BillDenom_05"":50,""BillDenom_06"":100,""CoinDenom_01"":1,""CoinDenom_02"":5,""CoinDenom_03"":10,""CoinDenom_04"":25,""CoinDenom_05"":0,""CoinDenom_06"":0,""BillCount_01"":0,""BillCount_02"":0,""BillCount_03"":0,""BillCount_04"":0,""BillCount_05"":0,""BillCount_06"":10,""CoinCount_01"":0,""CoinCount_02"":0,""CoinCount_03"":0,""CoinCount_04"":0,""CoinCount_05"":0,""CoinCount_06"":0,""ManualPay"":0.0,""TransactionNumber"":0,""TransactionType"":""WDRAWTX""}}'",2025-05-31 06:37:41.280-07:00,2025053106370905,1000.0,1000.0,COMPLETED,2709,8482,nan,WDRAWTX,ATM
"___07:07:49 403002 ATM.     'Posting Transaction Result  0:{""type"":""ATM"",""accountType"":""CHEKAC"",""seqNumber"":""2025053107073505"",""Authorization"":{""ErrorCode"":""0"",""ErrorDescription"":""0"",""Fee"":0.0,""RegisterTime"":""2025-05-31T07:07:49.238-07:00"",""TransactionNumber"":2025053107073505},""Operation"":{""Amount"":60.0,""BillDespensed"":0.0,""CardNumber"":""1985"",""HostIP"":"""",""RegistrationDatetime"":""2025-05-31T07:07:49.238-07:00"",""SequenceNumber"":""2025053107073505"",""Status"":""DENIED""},""TransactionDetail"":{""Amount"":60.0,""DispensedTotal"":0.0,""BillDenom_01"":1,""BillDenom_02"":5,""BillDenom_03"":10,""BillDenom_04"":20,""BillDenom_05"":50,""BillDenom_06"":100,""CoinDenom_01"":1,""CoinDenom_02"":5,""CoinDenom_03"":10,""CoinDenom_04"":25,""CoinDenom_05"":0,""CoinDenom_06"":0,""BillCount_01"":0,""BillCount_02"":0,""BillCount_03"":0,""BillCount_04"":0,""BillCount_05"":0,""BillCount_06"":0,""CoinCount_01"":0,""CoinCount_02"":0,""CoinCount_03"":0,""CoinCount_04"":0,""CoinCount_05"":0,""CoinCount_06"":0,""ManualPay"":0.0,""TransactionNumber"":0,""TransactionType"":""WDRAWTX""}}'",2025-05-31 07:07:49.238-07:00,2025053107073505,60.0,0.0,DENIED,nan,1985,nan,WDRAWTX,ATM
"___07:30:19 403002 ATM.     'Posting Transaction Result  0:{""type"":""ATM"",""accountType"":""CHEKAC"",""seqNumber"":""2025053107300305"",""Authorization"":{""ErrorCode"":""0"",""ErrorDescription"":""0"",""Fee"":0.0,""RegisterTime"":""2025-05-31T07:30:19.757-07:00"",""TransactionNumber"":2025053107300305},""Operation"":{""Amount"":360.0,""BillDespensed"":0.0,""CardNumber"":""0709"",""HostIP"":"""",""RegistrationDatetime"":""2025-05-31T07:30:19.757-07:00"",""SequenceNumber"":""2025053107300305"",""Status"":""DENIED""},""TransactionDetail"":{""Amount"":360.0,""DispensedTotal"":0.0,""BillDenom_01"":1,""BillDenom_02"":5,""BillDenom_03"":10,""BillDenom_04"":20,""BillDenom_05"":50,""BillDenom_06"":100,""CoinDenom_01"":1,""CoinDenom_02"":5,""CoinDenom_03"":10,""CoinDenom_04"":25,""CoinDenom_05"":0,""CoinDenom_06"":0,""BillCount_01"":0,""BillCount_02"":0,""BillCount_03"":0,""BillCount_04"":0,""BillCount_05"":0,""BillCount_06"":0,""CoinCount_01"":0,""CoinCount_02"":0,""CoinCount_03"":0,""CoinCount_04"":0,""CoinCount_05"":0,""CoinCount_06"":0,""ManualPay"":0.0,""TransactionNumber"":0,""TransactionType"":""WDRAWTX""}}'",2025-05-31 07:30:19.757-07:00,2025053107300305,360.0,0.0,DENIED,nan,0709,nan,WDRAWTX,ATM
"___07:32:00 403002 ATM.     'Posting Transaction Result  0:{""type"":""ATM"",""accountType"":""CHEKAC"",""seqNumber"":""2025053107313005"",""Authorization"":{""AuthNumber"":""2713"",""ErrorCode"":""0"",""ErrorDescription"":""0"",""Fee"":4.95,""OrderId"":""2713"",""RegisterTime"":""2025-05-31T07:32:00.071-07:00"",""TransactionNumber"":2025053107313005},""Operation"":{""Amount"":360.0,""BillDespensed"":360.0,""CardNumber"":""3263"",""HostIP"":"""",""RegistrationDatetime"":""2025-05-31T07:32:00.071-07:00"",""SequenceNumber"":""2025053107313005"",""Status"":""COMPLETED""},""TransactionDetail"":{""Amount"":360.0,""DispensedTotal"":360.0,""BillDenom_01"":1,""BillDenom_02"":5,""BillDenom_03"":10,""BillDenom_04"":20,""BillDenom_05"":50,""BillDenom_06"":100,""CoinDenom_01"":1,""CoinDenom_02"":5,""CoinDenom_03"":10,""CoinDenom_04"":25,""CoinDenom_05"":0,""CoinDenom_06"":0,""BillCount_01"":0,""BillCount_02"":0,""BillCount_03"":0,""BillCount_04"":3,""BillCount_05"":0,""BillCount_06"":3,""CoinCount_01"":0,""CoinCount_02"":0,""CoinCount_03"":0,""CoinCount_04"":0,""CoinCount_05"":0,""CoinCount_06"":0,""ManualPay"":0.0,""TransactionNumber"":0,""TransactionType"":""WDRAWTX""}}'",2025-05-31 07:32:00.071-07:00,2025053107313005,360.0,360.0,COMPLETED,2713,3263,nan,WDRAWTX,ATM
"___09:34:20 403002 ATM.     'Posting Transaction Result  0:{""type"":""ATM"",""accountType"":""CHEKAC"",""seqNumber"":""2025053109331905"",""Authorization"":{""AuthNumber"":""2714"",""ErrorCode"":""0"",""ErrorDescription"":""0"",""Fee"":4.95,""OrderId"":""2714"",""RegisterTime"":""2025-05-31T09:34:20.493-07:00"",""TransactionNumber"":2025053109331905},""Operation"":{""Amount"":600.0,""BillDespensed"":600.0,""CardNumber"":""7607"",""HostIP"":"""",""RegistrationDatetime"":""2025-05-31T09:34:20.493-07:00"",""SequenceNumber"":""2025053109331905"",""Status"":""COMPLETED""},""TransactionDetail"":{""Amount"":600.0,""DispensedTotal"":600.0,""BillDenom_01"":1,""BillDenom_02"":5,""BillDenom_03"":10,""BillDenom_04"":20,""BillDenom_05"":50,""BillDenom_06"":100,""CoinDenom_01"":1,""CoinDenom_02"":5,""CoinDenom_03"":10,""CoinDenom_04"":25,""CoinDenom_05"":0,""CoinDenom_06"":0,""BillCount_01"":0,""BillCount_02"":0,""BillCount_03"":0,""BillCount_04"":0,""BillCount_05"":0,""BillCount_06"":6,""CoinCount_01"":0,""CoinCount_02"":0,""CoinCount_03"":0,""CoinCount_04"":0,""CoinCount_05"":0,""CoinCount_06"":0,""ManualPay"":0.0,""TransactionNumber"":0,""TransactionType"":""WDRAWTX""}}'",2025-05-31 09:34:20.493-07:00,2025053109331905,600.0,600.0,COMPLETED,2714,7607,nan,WDRAWTX,ATM
"___09:40:56 403002 ATM.     'Posting Transaction Result  0:{""type"":""ATM"",""accountType"":""CHEKAC"",""seqNumber"":""2025053109402905"",""Authorization"":{""ErrorCode"":""0"",""ErrorDescription"":""0"",""Fee"":0.0,""RegisterTime"":""2025-05-31T09:40:56.879-07:00"",""TransactionNumber"":2025053109402905},""Operation"":{""Amount"":500.0,""BillDespensed"":0.0,""CardNumber"":""5321"",""HostIP"":"""",""RegistrationDatetime"":""2025-05-31T09:40:56.879-07:00"",""SequenceNumber"":""2025053109402905"",""Status"":""DENIED""},""TransactionDetail"":{""Amount"":500.0,""DispensedTotal"":0.0,""BillDenom_01"":1,""BillDenom_02"":5,""BillDenom_03"":10,""BillDenom_04"":20,""BillDenom_05"":50,""BillDenom_06"":100,""CoinDenom_01"":1,""CoinDenom_02"":5,""CoinDenom_03"":10,""CoinDenom_04"":25,""CoinDenom_05"":0,""CoinDenom_06"":0,""BillCount_01"":0,""BillCount_02"":0,""BillCount_03"":0,""BillCount_04"":0,""BillCount_05"":0,""BillCount_06"":0,""CoinCount_01"":0,""CoinCount_02"":0,""CoinCount_03"":0,""CoinCount_04"":0,""CoinCount_05"":0,""CoinCount_06"":0,""ManualPay"":0.0,""TransactionNumber"":0,""TransactionType"":""WDRAWTX""}}'",2025-05-31 09:40:56.879-07:00,2025053109402905,500.0,0.0,DENIED,nan,5321,nan,WDRAWTX,ATM
"___09:52:12 403002 ATM.     'Posting Transaction Result  0:{""type"":""ATM"",""accountType"":""CHEKAC"",""seqNumber"":""2025053109510805"",""Authorization"":{""ErrorCode"":""0"",""ErrorDescription"":""0"",""Fee"":0.0,""RegisterTime"":""2025-05-31T09:52:12.847-07:00"",""TransactionNumber"":2025053109510805},""Operation"":{""Amount"":800.0,""BillDespensed"":0.0,""CardNumber"":""5321"",""HostIP"":"""",""RegistrationDatetime"":""2025-05-31T09:52:12.847-07:00"",""SequenceNumber"":""2025053109510805"",""Status"":""DENIED""},""TransactionDetail"":{""Amount"":800.0,""DispensedTotal"":0.0,""BillDenom_01"":1,""BillDenom_02"":5,""BillDenom_03"":10,""BillDenom_04"":20,""BillDenom_05"":50,""BillDenom_06"":100,""CoinDenom_01"":1,""CoinDenom_02"":5,""CoinDenom_03"":10,""CoinDenom_04"":25,""CoinDenom_05"":0,""CoinDenom_06"":0,""BillCount_01"":0,""BillCount_02"":0,""BillCount_03"":0,""BillCount_04"":0,""BillCount_05"":0,""BillCount_06"":0,""CoinCount_01"":0,""CoinCount_02"":0,""CoinCount_03"":0,""CoinCount_04"":0,""CoinCount_05"":0,""CoinCount_06"":0,""ManualPay"":0.0,""TransactionNumber"":0,""TransactionType"":""WDRAWTX""}}'",2025-05-31 09:52:12.847-07:00,2025053109510805,800.0,0.0,DENIED,nan,5321,nan,WDRAWTX,ATM
"___10:43:13 403002 ATM.     'Posting Transaction Result  0:{""type"":""ATM"",""accountType"":""CHEKAC"",""seqNumber"":""2025053110422805"",""Authorization"":{""AuthNumber"":""2718"",""ErrorCode"":""0"",""ErrorDescription"":""0"",""Fee"":4.95,""OrderId"":""2718"",""RegisterTime"":""2025-05-31T10:43:13.719-07:00"",""TransactionNumber"":2025053110422805},""Operation"":{""Amount"":1000.0,""BillDespensed"":1000.0,""CardNumber"":""2685"",""HostIP"":"""",""RegistrationDatetime"":""2025-05-31T10:43:13.719-07:00"",""SequenceNumber"":""2025053110422805"",""Status"":""COMPLETED""},""TransactionDetail"":{""Amount"":1000.0,""DispensedTotal"":1000.0,""BillDenom_01"":1,""BillDenom_02"":5,""BillDenom_03"":10,""BillDenom_04"":20,""BillDenom_05"":50,""BillDenom_06"":100,""CoinDenom_01"":1,""CoinDenom_02"":5,""CoinDenom_03"":10,""CoinDenom_04"":25,""CoinDenom_05"":0,""CoinDenom_06"":0,""BillCount_01"":0,""BillCount_02"":0,""BillCount_03"":0,""BillCount_04"":0,""BillCount_05"":0,""BillCount_06"":10,""CoinCount_01"":0,""CoinCount_02"":0,""CoinCount_03"":0,""CoinCount_04"":0,""CoinCount_05"":0,""CoinCount_06"":0,""ManualPay"":0.0,""TransactionNumber"":0,""TransactionType"":""WDRAWTX""}}'",2025-05-31 10:43:13.719-07:00,2025053110422805,1000.0,1000.0,COMPLETED,2718,2685,nan,WDRAWTX,ATM
"___11:14:43 403002 ATM.     'Posting Transaction Result  0:{""type"":""ATM"",""accountType"":""CHEKAC"",""seqNumber"":""2025053111135705"",""Authorization"":{""AuthNumber"":""2719"",""ErrorCode"":""0"",""ErrorDescription"":""0"",""Fee"":4.95,""OrderId"":""2719"",""RegisterTime"":""2025-05-31T11:14:43.006-07:00"",""TransactionNumber"":2025053111135705},""Operation"":{""Amount"":500.0,""BillDespensed"":500.0,""CardNumber"":""7791"",""HostIP"":"""",""RegistrationDatetime"":""2025-05-31T11:14:43.006-07:00"",""SequenceNumber"":""2025053111135705"",""Status"":""COMPLETED""},""TransactionDetail"":{""Amount"":500.0,""DispensedTotal"":500.0,""BillDenom_01"":1,""BillDenom_02"":5,""BillDenom_03"":10,""BillDenom_04"":20,""BillDenom_05"":50,""BillDenom_06"":100,""CoinDenom_01"":1,""CoinDenom_02"":5,""CoinDenom_03"":10,""CoinDenom_04"":25,""CoinDenom_05"":0,""CoinDenom_06"":0,""BillCount_01"":0,""BillCount_02"":0,""BillCount_03"":0,""BillCount_04"":0,""BillCount_05"":0,""BillCount_06"":5,""CoinCount_01"":0,""CoinCount_02"":0,""CoinCount_03"":0,""CoinCount_04"":0,""CoinCount_05"":0,""CoinCount_06"":0,""ManualPay"":0.0,""TransactionNumber"":0,""TransactionType"":""WDRAWTX""}}'",2025-05-31 11:14:43.006-07:00,2025053111135705,500.0,500.0,COMPLETED,2719,7791,nan,WDRAWTX,ATM
"___11:26:29 403002 ATM.     'Posting Transaction Result  0:{""type"":""ATM"",""accountType"":""CHEKAC"",""seqNumber"":""2025053111255405"",""Authorization"":{""AuthNumber"":""2720"",""ErrorCode"":""0"",""ErrorDescription"":""0"",""Fee"":4.95,""OrderId"":""2720"",""RegisterTime"":""2025-05-31T11:26:29.853-07:00"",""TransactionNumber"":2025053111255405},""Operation"":{""Amount"":200.0,""BillDespensed"":200.0,""CardNumber"":""6830"",""HostIP"":"""",""RegistrationDatetime"":""2025-05-31T11:26:29.853-07:00"",""SequenceNumber"":""2025053111255405"",""Status"":""COMPLETED""},""TransactionDetail"":{""Amount"":200.0,""DispensedTotal"":200.0,""BillDenom_01"":1,""BillDenom_02"":5,""BillDenom_03"":10,""BillDenom_04"":20,""BillDenom_05"":50,""BillDenom_06"":100,""CoinDenom_01"":1,""CoinDenom_02"":5,""CoinDenom_03"":10,""CoinDenom_04"":25,""CoinDenom_05"":0,""CoinDenom_06"":0,""BillCount_01"":0,""BillCount_02"":0,""BillCount_03"":0,""BillCount_04"":0,""BillCount_05"":0,""BillCount_06"":2,""CoinCount_01"":0,""CoinCount_02"":0,""CoinCount_03"":0,""CoinCount_04"":0,""CoinCount_05"":0,""CoinCount_06"":0,""ManualPay"":0.0,""TransactionNumber"":0,""TransactionType"":""WDRAWTX""}}'",2025-05-31 11:26:29.853-07:00,2025053111255405,200.0,200.0,COMPLETED,2720,6830,nan,WDRAWTX,ATM
"___11:41:23 403002 ATM.     'Posting Transaction Result  0:{""type"":""ATM"",""accountType"":""CHEKAC"",""seqNumber"":""2025053111405005"",""Authorization"":{""AuthNumber"":""2721"",""ErrorCode"":""0"",""ErrorDescription"":""0"",""Fee"":4.95,""OrderId"":""2721"",""RegisterTime"":""2025-05-31T11:41:23.923-07:00"",""TransactionNumber"":2025053111405005},""Operation"":{""Amount"":1000.0,""BillDespensed"":1000.0,""CardNumber"":""0531"",""HostIP"":"""",""RegistrationDatetime"":""2025-05-31T11:41:23.923-07:00"",""SequenceNumber"":""2025053111405005"",""Status"":""COMPLETED""},""TransactionDetail"":{""Amount"":1000.0,""DispensedTotal"":1000.0,""BillDenom_01"":1,""BillDenom_02"":5,""BillDenom_03"":10,""BillDenom_04"":20,""BillDenom_05"":50,""BillDenom_06"":100,""CoinDenom_01"":1,""CoinDenom_02"":5,""CoinDenom_03"":10,""CoinDenom_04"":25,""CoinDenom_05"":0,""CoinDenom_06"":0,""BillCount_01"":0,""BillCount_02"":0,""BillCount_03"":0,""BillCount_04"":0,""BillCount_05"":0,""BillCount_06"":10,""CoinCount_01"":0,""CoinCount_02"":0,""CoinCount_03"":0,""CoinCount_04"":0,""CoinCount_05"":0,""CoinCount_06"":0,""ManualPay"":0.0,""TransactionNumber"":0,""TransactionType"":""WDRAWTX""}}'",2025-05-31 11:41:23.923-07:00,2025053111405005,1000.0,1000.0,COMPLETED,2721,0531,nan,WDRAWTX,ATM
"___11:43:23 403002 ATM.     'Posting Transaction Result  0:{""type"":""ATM"",""accountType"":""CHEKAC"",""seqNumber"":""2025053111425205"",""Authorization"":{""AuthNumber"":""2722"",""ErrorCode"":""0"",""ErrorDescription"":""0"",""Fee"":4.95,""OrderId"":""2722"",""RegisterTime"":""2025-05-31T11:43:23.737-07:00"",""TransactionNumber"":2025053111425205},""Operation"":{""Amount"":400.0,""BillDespensed"":400.0,""CardNumber"":""7607"",""HostIP"":"""",""RegistrationDatetime"":""2025-05-31T11:43:23.737-07:00"",""SequenceNumber"":""2025053111425205"",""Status"":""COMPLETED""},""TransactionDetail"":{""Amount"":400.0,""DispensedTotal"":400.0,""BillDenom_01"":1,""BillDenom_02"":5,""BillDenom_03"":10,""BillDenom_04"":20,""BillDenom_05"":50,""BillDenom_06"":100,""CoinDenom_01"":1,""CoinDenom_02"":5,""CoinDenom_03"":10,""CoinDenom_04"":25,""CoinDenom_05"":0,""CoinDenom_06"":0,""BillCount_01"":0,""BillCount_02"":0,""BillCount_03"":0,""BillCount_04"":0,""BillCount_05"":0,""BillCount_06"":4,""CoinCount_01"":0,""CoinCount_02"":0,""CoinCount_03"":0,""CoinCount_04"":0,""CoinCount_05"":0,""CoinCount_06"":0,""ManualPay"":0.0,""TransactionNumber"":0,""TransactionType"":""WDRAWTX""}}'",2025-05-31 11:43:23.737-07:00,2025053111425205,400.0,400.0,COMPLETED,2722,7607,nan,WDRAWTX,ATM
"___11:50:32 403002 ATM.     'Posting Transaction Result  0:{""type"":""ATM"",""accountType"":""CHEKAC"",""seqNumber"":""2025053111495505"",""Authorization"":{""AuthNumber"":""2723"",""ErrorCode"":""0"",""ErrorDescription"":""0"",""Fee"":4.95,""OrderId"":""2723"",""RegisterTime"":""2025-05-31T11:50:32.312-07:00"",""TransactionNumber"":2025053111495505},""Operation"":{""Amount"":800.0,""BillDespensed"":800.0,""CardNumber"":""6226"",""HostIP"":"""",""RegistrationDatetime"":""2025-05-31T11:50:32.312-07:00"",""SequenceNumber"":""2025053111495505"",""Status"":""COMPLETED""},""TransactionDetail"":{""Amount"":800.0,""DispensedTotal"":800.0,""BillDenom_01"":1,""BillDenom_02"":5,""BillDenom_03"":10,""BillDenom_04"":20,""BillDenom_05"":50,""BillDenom_06"":100,""CoinDenom_01"":1,""CoinDenom_02"":5,""CoinDenom_03"":10,""CoinDenom_04"":25,""CoinDenom_05"":0,""CoinDenom_06"":0,""BillCount_01"":0,""BillCount_02"":0,""BillCount_03"":0,""BillCount_04"":0,""BillCount_05"":0,""BillCount_06"":8,""CoinCount_01"":0,""CoinCount_02"":0,""CoinCount_03"":0,""CoinCount_04"":0,""CoinCount_05"":0,""CoinCount_06"":0,""ManualPay"":0.0,""TransactionNumber"":0,""TransactionType"":""WDRAWTX""}}'",2025-05-31 11:50:32.312-07:00,2025053111495505,800.0,800.0,COMPLETED,2723,6226,nan,WDRAWTX,ATM
"___11:55:09 403002 ATM.     'Posting Transaction Result  0:{""type"":""ATM"",""accountType"":""CHEKAC"",""seqNumber"":""2025053111543405"",""Authorization"":{""AuthNumber"":""2724"",""ErrorCode"":""0"",""ErrorDescription"":""0"",""Fee"":4.95,""OrderId"":""2724"",""RegisterTime"":""2025-05-31T11:55:09.172-07:00"",""TransactionNumber"":2025053111543405},""Operation"":{""Amount"":200.0,""BillDespensed"":200.0,""CardNumber"":""3471"",""HostIP"":"""",""RegistrationDatetime"":""2025-05-31T11:55:09.172-07:00"",""SequenceNumber"":""2025053111543405"",""Status"":""COMPLETED""},""TransactionDetail"":{""Amount"":200.0,""DispensedTotal"":200.0,""BillDenom_01"":1,""BillDenom_02"":5,""BillDenom_03"":10,""BillDenom_04"":20,""BillDenom_05"":50,""BillDenom_06"":100,""CoinDenom_01"":1,""CoinDenom_02"":5,""CoinDenom_03"":10,""CoinDenom_04"":25,""CoinDenom_05"":0,""CoinDenom_06"":0,""BillCount_01"":0,""BillCount_02"":0,""BillCount_03"":0,""BillCount_04"":0,""BillCount_05"":0,""BillCount_06"":2,""CoinCount_01"":0,""CoinCount_02"":0,""CoinCount_03"":0,""CoinCount_04"":0,""CoinCount_05"":0,""CoinCount_06"":0,""ManualPay"":0.0,""TransactionNumber"":0,""TransactionType"":""WDRAWTX""}}'",2025-05-31 11:55:09.172-07:00,2025053111543405,200.0,200.0,COMPLETED,2724,3471,nan,WDRAWTX,ATM
"___12:16:03 403002 ATM.     'Posting Transaction Result  0:{""type"":""ATM"",""accountType"":""CHEKAC"",""seqNumber"":""2025053112152905"",""Authorization"":{""AuthNumber"":""2725"",""ErrorCode"":""0"",""ErrorDescription"":""0"",""Fee"":4.95,""OrderId"":""2725"",""RegisterTime"":""2025-05-31T12:16:02.973-07:00"",""TransactionNumber"":2025053112152905},""Operation"":{""Amount"":140.0,""BillDespensed"":140.0,""CardNumber"":""5176"",""HostIP"":"""",""RegistrationDatetime"":""2025-05-31T12:16:02.973-07:00"",""SequenceNumber"":""2025053112152905"",""Status"":""COMPLETED""},""TransactionDetail"":{""Amount"":140.0,""DispensedTotal"":140.0,""BillDenom_01"":1,""BillDenom_02"":5,""BillDenom_03"":10,""BillDenom_04"":20,""BillDenom_05"":50,""BillDenom_06"":100,""CoinDenom_01"":1,""CoinDenom_02"":5,""CoinDenom_03"":10,""CoinDenom_04"":25,""CoinDenom_05"":0,""CoinDenom_06"":0,""BillCount_01"":0,""BillCount_02"":0,""BillCount_03"":0,""BillCount_04"":2,""BillCount_05"":0,""BillCount_06"":1,""CoinCount_01"":0,""CoinCount_02"":0,""CoinCount_03"":0,""CoinCount_04"":0,""CoinCount_05"":0,""CoinCount_06"":0,""ManualPay"":0.0,""TransactionNumber"":0,""TransactionType"":""WDRAWTX""}}'",2025-05-31 12:16:02.973-07:00,2025053112152905,140.0,140.0,COMPLETED,2725,5176,nan,WDRAWTX,ATM
"___12:24:02 403002 ATM.     'Posting Transaction Result  0:{""type"":""ATM"",""accountType"":""CHEKAC"",""seqNumber"":""2025053112232705"",""Authorization"":{""AuthNumber"":""2726"",""ErrorCode"":""0"",""ErrorDescription"":""0"",""Fee"":4.95,""OrderId"":""2726"",""RegisterTime"":""2025-05-31T12:24:02.044-07:00"",""TransactionNumber"":2025053112232705},""Operation"":{""Amount"":500.0,""BillDespensed"":500.0,""CardNumber"":""0039"",""HostIP"":"""",""RegistrationDatetime"":""2025-05-31T12:24:02.044-07:00"",""SequenceNumber"":""2025053112232705"",""Status"":""COMPLETED""},""TransactionDetail"":{""Amount"":500.0,""DispensedTotal"":500.0,""BillDenom_01"":1,""BillDenom_02"":5,""BillDenom_03"":10,""BillDenom_04"":20,""BillDenom_05"":50,""BillDenom_06"":100,""CoinDenom_01"":1,""CoinDenom_02"":5,""CoinDenom_03"":10,""CoinDenom_04"":25,""CoinDenom_05"":0,""CoinDenom_06"":0,""BillCount_01"":0,""BillCount_02"":0,""BillCount_03"":0,""BillCount_04"":0,""BillCount_05"":0,""BillCount_06"":5,""CoinCount_01"":0,""CoinCount_02"":0,""CoinCount_03"":0,""CoinCount_04"":0,""CoinCount_05"":0,""CoinCount_06"":0,""ManualPay"":0.0,""TransactionNumber"":0,""TransactionType"":""WDRAWTX""}}'",2025-05-31 12:24:02.044-07:00,2025053112232705,500.0,500.0,COMPLETED,2726,0039,nan,WDRAWTX,ATM
"___12:28:41 403002 ATM.     'Posting Transaction Result  0:{""type"":""ATM"",""accountType"":""CHEKAC"",""seqNumber"":""2025053112280805"",""Authorization"":{""AuthNumber"":""2727"",""ErrorCode"":""0"",""ErrorDescription"":""0"",""Fee"":4.95,""OrderId"":""2727"",""RegisterTime"":""2025-05-31T12:28:41.061-07:00"",""TransactionNumber"":2025053112280805},""Operation"":{""Amount"":200.0,""BillDespensed"":200.0,""CardNumber"":""2608"",""HostIP"":"""",""RegistrationDatetime"":""2025-05-31T12:28:41.061-07:00"",""SequenceNumber"":""2025053112280805"",""Status"":""COMPLETED""},""TransactionDetail"":{""Amount"":200.0,""DispensedTotal"":200.0,""BillDenom_01"":1,""BillDenom_02"":5,""BillDenom_03"":10,""BillDenom_04"":20,""BillDenom_05"":50,""BillDenom_06"":100,""CoinDenom_01"":1,""CoinDenom_02"":5,""CoinDenom_03"":10,""CoinDenom_04"":25,""CoinDenom_05"":0,""CoinDenom_06"":0,""BillCount_01"":0,""BillCount_02"":0,""BillCount_03"":0,""BillCount_04"":0,""BillCount_05"":0,""BillCount_06"":2,""CoinCount_01"":0,""CoinCount_02"":0,""CoinCount_03"":0,""CoinCount_04"":0,""CoinCount_05"":0,""CoinCount_06"":0,""ManualPay"":0.0,""TransactionNumber"":0,""TransactionType"":""WDRAWTX""}}'",2025-05-31 12:28:41.061-07:00,2025053112280805,200.0,200.0,COMPLETED,2727,2608,nan,WDRAWTX,ATM
"___12:35:40 403002 ATM.     'Posting Transaction Result  0:{""type"":""ATM"",""accountType"":""CHEKAC"",""seqNumber"":""2025053112350605"",""Authorization"":{""AuthNumber"":""2728"",""ErrorCode"":""0"",""ErrorDescription"":""0"",""Fee"":4.95,""OrderId"":""2728"",""RegisterTime"":""2025-05-31T12:35:39.949-07:00"",""TransactionNumber"":2025053112350605},""Operation"":{""Amount"":80.0,""BillDespensed"":80.0,""CardNumber"":""2608"",""HostIP"":"""",""RegistrationDatetime"":""2025-05-31T12:35:39.949-07:00"",""SequenceNumber"":""2025053112350605"",""Status"":""COMPLETED""},""TransactionDetail"":{""Amount"":80.0,""DispensedTotal"":80.0,""BillDenom_01"":1,""BillDenom_02"":5,""BillDenom_03"":10,""BillDenom_04"":20,""BillDenom_05"":50,""BillDenom_06"":100,""CoinDenom_01"":1,""CoinDenom_02"":5,""CoinDenom_03"":10,""CoinDenom_04"":25,""CoinDenom_05"":0,""CoinDenom_06"":0,""BillCount_01"":0,""BillCount_02"":0,""BillCount_03"":0,""BillCount_04"":4,""BillCount_05"":0,""BillCount_06"":0,""CoinCount_01"":0,""CoinCount_02"":0,""CoinCount_03"":0,""CoinCount_04"":0,""CoinCount_05"":0,""CoinCount_06"":0,""ManualPay"":0.0,""TransactionNumber"":0,""TransactionType"":""WDRAWTX""}}'",2025-05-31 12:35:39.949-07:00,2025053112350605,80.0,80.0,COMPLETED,2728,2608,nan,WDRAWTX,ATM
"___12:44:55 403002 ATM.     'Posting Transaction Result  0:{""type"":""ATM"",""accountType"":""CHEKAC"",""seqNumber"":""2025053112440705"",""Authorization"":{""AuthNumber"":""2729"",""ErrorCode"":""0"",""ErrorDescription"":""0"",""Fee"":4.95,""OrderId"":""2729"",""RegisterTime"":""2025-05-31T12:44:55.880-07:00"",""TransactionNumber"":2025053112440705},""Operation"":{""Amount"":40.0,""BillDespensed"":40.0,""CardNumber"":""1944"",""HostIP"":"""",""RegistrationDatetime"":""2025-05-31T12:44:55.880-07:00"",""SequenceNumber"":""2025053112440705"",""Status"":""COMPLETED""},""TransactionDetail"":{""Amount"":40.0,""DispensedTotal"":40.0,""BillDenom_01"":1,""BillDenom_02"":5,""BillDenom_03"":10,""BillDenom_04"":20,""BillDenom_05"":50,""BillDenom_06"":100,""CoinDenom_01"":1,""CoinDenom_02"":5,""CoinDenom_03"":10,""CoinDenom_04"":25,""CoinDenom_05"":0,""CoinDenom_06"":0,""BillCount_01"":0,""BillCount_02"":0,""BillCount_03"":0,""BillCount_04"":2,""BillCount_05"":0,""BillCount_06"":0,""CoinCount_01"":0,""CoinCount_02"":0,""CoinCount_03"":0,""CoinCount_04"":0,""CoinCount_05"":0,""CoinCount_06"":0,""ManualPay"":0.0,""TransactionNumber"":0,""TransactionType"":""WDRAWTX""}}'",2025-05-31 12:44:55.880-07:00,2025053112440705,40.0,40.0,COMPLETED,2729,1944,nan,WDRAWTX,ATM
"___12:52:36 403002 ATM.     'Posting Transaction Result  0:{""type"":""ATM"",""accountType"":""CHEKAC"",""seqNumber"":""2025053112515805"",""Authorization"":{""AuthNumber"":""2730"",""ErrorCode"":""0"",""ErrorDescription"":""0"",""Fee"":4.95,""OrderId"":""2730"",""RegisterTime"":""2025-05-31T12:52:36.666-07:00"",""TransactionNumber"":2025053112515805},""Operation"":{""Amount"":3000.0,""BillDespensed"":3000.0,""CardNumber"":""7510"",""HostIP"":"""",""RegistrationDatetime"":""2025-05-31T12:52:36.666-07:00"",""SequenceNumber"":""2025053112515805"",""Status"":""COMPLETED""},""TransactionDetail"":{""Amount"":3000.0,""DispensedTotal"":3000.0,""BillDenom_01"":1,""BillDenom_02"":5,""BillDenom_03"":10,""BillDenom_04"":20,""BillDenom_05"":50,""BillDenom_06"":100,""CoinDenom_01"":1,""CoinDenom_02"":5,""CoinDenom_03"":10,""CoinDenom_04"":25,""CoinDenom_05"":0,""CoinDenom_06"":0,""BillCount_01"":0,""BillCount_02"":0,""BillCount_03"":0,""BillCount_04"":0,""BillCount_05"":0,""BillCount_06"":30,""CoinCount_01"":0,""CoinCount_02"":0,""CoinCount_03"":0,""CoinCount_04"":0,""CoinCount_05"":0,""CoinCount_06"":0,""ManualPay"":0.0,""TransactionNumber"":0,""TransactionType"":""WDRAWTX""}}'",2025-05-31 12:52:36.666-07:00,2025053112515805,3000.0,3000.0,COMPLETED,2730,7510,nan,WDRAWTX,ATM
"___13:08:11 403002 ATM.     'Posting Transaction Result  0:{""type"":""ATM"",""accountType"":""CHEKAC"",""seqNumber"":""2025053113073105"",""Authorization"":{""AuthNumber"":""2731"",""ErrorCode"":""0"",""ErrorDescription"":""0"",""Fee"":4.95,""OrderId"":""2731"",""RegisterTime"":""2025-05-31T13:08:11.154-07:00"",""TransactionNumber"":2025053113073105},""Operation"":{""Amount"":200.0,""BillDespensed"":200.0,""CardNumber"":""1128"",""HostIP"":"""",""RegistrationDatetime"":""2025-05-31T13:08:11.154-07:00"",""SequenceNumber"":""2025053113073105"",""Status"":""COMPLETED""},""TransactionDetail"":{""Amount"":200.0,""DispensedTotal"":200.0,""BillDenom_01"":1,""BillDenom_02"":5,""BillDenom_03"":10,""BillDenom_04"":20,""BillDenom_05"":50,""BillDenom_06"":100,""CoinDenom_01"":1,""CoinDenom_02"":5,""CoinDenom_03"":10,""CoinDenom_04"":25,""CoinDenom_05"":0,""CoinDenom_06"":0,""BillCount_01"":0,""BillCount_02"":0,""BillCount_03"":0,""BillCount_04"":0,""BillCount_05"":0,""BillCount_06"":2,""CoinCount_01"":0,""CoinCount_02"":0,""CoinCount_03"":0,""CoinCount_04"":0,""CoinCount_05"":0,""CoinCount_06"":0,""ManualPay"":0.0,""TransactionNumber"":0,""TransactionType"":""WDRAWTX""}}'",2025-05-31 13:08:11.154-07:00,2025053113073105,200.0,200.0,COMPLETED,2731,1128,nan,WDRAWTX,ATM
"___13:10:44 403002 ATM.     'Posting Transaction Result  0:{""type"":""ATM"",""accountType"":""CHEKAC"",""seqNumber"":""2025053113102905"",""Authorization"":{""ErrorCode"":""0"",""ErrorDescription"":""0"",""Fee"":0.0,""RegisterTime"":""2025-05-31T13:10:44.649-07:00"",""TransactionNumber"":2025053113102905},""Operation"":{""Amount"":60.0,""BillDespensed"":0.0,""CardNumber"":""0879"",""HostIP"":"""",""RegistrationDatetime"":""2025-05-31T13:10:44.649-07:00"",""SequenceNumber"":""2025053113102905"",""Status"":""DENIED""},""TransactionDetail"":{""Amount"":60.0,""DispensedTotal"":0.0,""BillDenom_01"":1,""BillDenom_02"":5,""BillDenom_03"":10,""BillDenom_04"":20,""BillDenom_05"":50,""BillDenom_06"":100,""CoinDenom_01"":1,""CoinDenom_02"":5,""CoinDenom_03"":10,""CoinDenom_04"":25,""CoinDenom_05"":0,""CoinDenom_06"":0,""BillCount_01"":0,""BillCount_02"":0,""BillCount_03"":0,""BillCount_04"":0,""BillCount_05"":0,""BillCount_06"":0,""CoinCount_01"":0,""CoinCount_02"":0,""CoinCount_03"":0,""CoinCount_04"":0,""CoinCount_05"":0,""CoinCount_06"":0,""ManualPay"":0.0,""TransactionNumber"":0,""TransactionType"":""WDRAWTX""}}'",2025-05-31 13:10:44.649-07:00,2025053113102905,60.0,0.0,DENIED,nan,0879,nan,WDRAWTX,ATM
"___13:25:15 403002 ATM.     'Posting Transaction Result  0:{""type"":""ATM"",""accountType"":""CHEKAC"",""seqNumber"":""2025053113245805"",""Authorization"":{""ErrorCode"":""0"",""ErrorDescription"":""0"",""Fee"":0.0,""RegisterTime"":""2025-05-31T13:25:15.829-07:00"",""TransactionNumber"":2025053113245805},""Operation"":{""Amount"":200.0,""BillDespensed"":0.0,""CardNumber"":""4248"",""HostIP"":"""",""RegistrationDatetime"":""2025-05-31T13:25:15.829-07:00"",""SequenceNumber"":""2025053113245805"",""Status"":""DENIED""},""TransactionDetail"":{""Amount"":200.0,""DispensedTotal"":0.0,""BillDenom_01"":1,""BillDenom_02"":5,""BillDenom_03"":10,""BillDenom_04"":20,""BillDenom_05"":50,""BillDenom_06"":100,""CoinDenom_01"":1,""CoinDenom_02"":5,""CoinDenom_03"":10,""CoinDenom_04"":25,""CoinDenom_05"":0,""CoinDenom_06"":0,""BillCount_01"":0,""BillCount_02"":0,""BillCount_03"":0,""BillCount_04"":0,""BillCount_05"":0,""BillCount_06"":0,""CoinCount_01"":0,""CoinCount_02"":0,""CoinCount_03"":0,""CoinCount_04"":0,""CoinCount_05"":0,""CoinCount_06"":0,""ManualPay"":0.0,""TransactionNumber"":0,""TransactionType"":""WDRAWTX""}}'",2025-05-31 13:25:15.829-07:00,2025053113245805,200.0,0.0,DENIED,nan,4248,nan,WDRAWTX,ATM
"___13:26:50 403002 ATM.     'Posting Transaction Result  0:{""type"":""ATM"",""accountType"":""CHEKAC"",""seqNumber"":""2025053113262005"",""Authorization"":{""AuthNumber"":""2734"",""ErrorCode"":""0"",""ErrorDescription"":""0"",""Fee"":4.95,""OrderId"":""2734"",""RegisterTime"":""2025-05-31T13:26:50.847-07:00"",""TransactionNumber"":2025053113262005},""Operation"":{""Amount"":340.0,""BillDespensed"":340.0,""CardNumber"":""9167"",""HostIP"":"""",""RegistrationDatetime"":""2025-05-31T13:26:50.847-07:00"",""SequenceNumber"":""2025053113262005"",""Status"":""COMPLETED""},""TransactionDetail"":{""Amount"":340.0,""DispensedTotal"":340.0,""BillDenom_01"":1,""BillDenom_02"":5,""BillDenom_03"":10,""BillDenom_04"":20,""BillDenom_05"":50,""BillDenom_06"":100,""CoinDenom_01"":1,""CoinDenom_02"":5,""CoinDenom_03"":10,""CoinDenom_04"":25,""CoinDenom_05"":0,""CoinDenom_06"":0,""BillCount_01"":0,""BillCount_02"":0,""BillCount_03"":0,""BillCount_04"":2,""BillCount_05"":0,""BillCount_06"":3,""CoinCount_01"":0,""CoinCount_02"":0,""CoinCount_03"":0,""CoinCount_04"":0,""CoinCount_05"":0,""CoinCount_06"":0,""ManualPay"":0.0,""TransactionNumber"":0,""TransactionType"":""WDRAWTX""}}'",2025-05-31 13:26:50.847-07:00,2025053113262005,340.0,340.0,COMPLETED,2734,9167,nan,WDRAWTX,ATM
"___13:27:56 403002 ATM.     'Posting Transaction Result  0:{""type"":""ATM"",""accountType"":""CHEKAC"",""seqNumber"":""2025053113274105"",""Authorization"":{""ErrorCode"":""0"",""ErrorDescription"":""0"",""Fee"":0.0,""RegisterTime"":""2025-05-31T13:27:56.088-07:00"",""TransactionNumber"":2025053113274105},""Operation"":{""Amount"":200.0,""BillDespensed"":0.0,""CardNumber"":""4248"",""HostIP"":"""",""RegistrationDatetime"":""2025-05-31T13:27:56.088-07:00"",""SequenceNumber"":""2025053113274105"",""Status"":""DENIED""},""TransactionDetail"":{""Amount"":200.0,""DispensedTotal"":0.0,""BillDenom_01"":1,""BillDenom_02"":5,""BillDenom_03"":10,""BillDenom_04"":20,""BillDenom_05"":50,""BillDenom_06"":100,""CoinDenom_01"":1,""CoinDenom_02"":5,""CoinDenom_03"":10,""CoinDenom_04"":25,""CoinDenom_05"":0,""CoinDenom_06"":0,""BillCount_01"":0,""BillCount_02"":0,""BillCount_03"":0,""BillCount_04"":0,""BillCount_05"":0,""BillCount_06"":0,""CoinCount_01"":0,""CoinCount_02"":0,""CoinCount_03"":0,""CoinCount_04"":0,""CoinCount_05"":0,""CoinCount_06"":0,""ManualPay"":0.0,""TransactionNumber"":0,""TransactionType"":""WDRAWTX""}}'",2025-05-31 13:27:56.088-07:00,2025053113274105,200.0,0.0,DENIED,nan,4248,nan,WDRAWTX,ATM
"___13:32:33 403002 ATM.     'Posting Transaction Result  0:{""type"":""ATM"",""accountType"":""CHEKAC"",""seqNumber"":""2025053113315905"",""Authorization"":{""AuthNumber"":""2736"",""ErrorCode"":""0"",""ErrorDescription"":""0"",""Fee"":4.95,""OrderId"":""2736"",""RegisterTime"":""2025-05-31T13:32:33.143-07:00"",""TransactionNumber"":2025053113315905},""Operation"":{""Amount"":500.0,""BillDespensed"":500.0,""CardNumber"":""4310"",""HostIP"":"""",""RegistrationDatetime"":""2025-05-31T13:32:33.143-07:00"",""SequenceNumber"":""2025053113315905"",""Status"":""COMPLETED""},""TransactionDetail"":{""Amount"":500.0,""DispensedTotal"":500.0,""BillDenom_01"":1,""BillDenom_02"":5,""BillDenom_03"":10,""BillDenom_04"":20,""BillDenom_05"":50,""BillDenom_06"":100,""CoinDenom_01"":1,""CoinDenom_02"":5,""CoinDenom_03"":10,""CoinDenom_04"":25,""CoinDenom_05"":0,""CoinDenom_06"":0,""BillCount_01"":0,""BillCount_02"":0,""BillCount_03"":0,""BillCount_04"":0,""BillCount_05"":0,""BillCount_06"":5,""CoinCount_01"":0,""CoinCount_02"":0,""CoinCount_03"":0,""CoinCount_04"":0,""CoinCount_05"":0,""CoinCount_06"":0,""ManualPay"":0.0,""TransactionNumber"":0,""TransactionType"":""WDRAWTX""}}'",2025-05-31 13:32:33.143-07:00,2025053113315905,500.0,500.0,COMPLETED,2736,4310,nan,WDRAWTX,ATM
"___13:42:54 403002 ATM.     'Posting Transaction Result  0:{""type"":""ATM"",""accountType"":""CHEKAC"",""seqNumber"":""2025053113421705"",""Authorization"":{""AuthNumber"":""2737"",""ErrorCode"":""0"",""ErrorDescription"":""0"",""Fee"":4.95,""OrderId"":""2737"",""RegisterTime"":""2025-05-31T13:42:54.541-07:00"",""TransactionNumber"":2025053113421705},""Operation"":{""Amount"":200.0,""BillDespensed"":200.0,""CardNumber"":""8131"",""HostIP"":"""",""RegistrationDatetime"":""2025-05-31T13:42:54.541-07:00"",""SequenceNumber"":""2025053113421705"",""Status"":""COMPLETED""},""TransactionDetail"":{""Amount"":200.0,""DispensedTotal"":200.0,""BillDenom_01"":1,""BillDenom_02"":5,""BillDenom_03"":10,""BillDenom_04"":20,""BillDenom_05"":50,""BillDenom_06"":100,""CoinDenom_01"":1,""CoinDenom_02"":5,""CoinDenom_03"":10,""CoinDenom_04"":25,""CoinDenom_05"":0,""CoinDenom_06"":0,""BillCount_01"":0,""BillCount_02"":0,""BillCount_03"":0,""BillCount_04"":0,""BillCount_05"":0,""BillCount_06"":2,""CoinCount_01"":0,""CoinCount_02"":0,""CoinCount_03"":0,""CoinCount_04"":0,""CoinCount_05"":0,""CoinCount_06"":0,""ManualPay"":0.0,""TransactionNumber"":0,""TransactionType"":""WDRAWTX""}}'",2025-05-31 13:42:54.541-07:00,2025053113421705,200.0,200.0,COMPLETED,2737,8131,nan,WDRAWTX,ATM
"___13:45:01 403002 ATM.     'Posting Transaction Result  0:{""type"":""ATM"",""accountType"":""CHEKAC"",""seqNumber"":""2025053113441505"",""Authorization"":{""AuthNumber"":""2738"",""ErrorCode"":""0"",""ErrorDescription"":""0"",""Fee"":4.95,""OrderId"":""2738"",""RegisterTime"":""2025-05-31T13:45:01.802-07:00"",""TransactionNumber"":2025053113441505},""Operation"":{""Amount"":200.0,""BillDespensed"":200.0,""CardNumber"":""7838"",""HostIP"":"""",""RegistrationDatetime"":""2025-05-31T13:45:01.802-07:00"",""SequenceNumber"":""2025053113441505"",""Status"":""COMPLETED""},""TransactionDetail"":{""Amount"":200.0,""DispensedTotal"":200.0,""BillDenom_01"":1,""BillDenom_02"":5,""BillDenom_03"":10,""BillDenom_04"":20,""BillDenom_05"":50,""BillDenom_06"":100,""CoinDenom_01"":1,""CoinDenom_02"":5,""CoinDenom_03"":10,""CoinDenom_04"":25,""CoinDenom_05"":0,""CoinDenom_06"":0,""BillCount_01"":0,""BillCount_02"":0,""BillCount_03"":0,""BillCount_04"":0,""BillCount_05"":0,""BillCount_06"":2,""CoinCount_01"":0,""CoinCount_02"":0,""CoinCount_03"":0,""CoinCount_04"":0,""CoinCount_05"":0,""CoinCount_06"":0,""ManualPay"":0.0,""TransactionNumber"":0,""TransactionType"":""WDRAWTX""}}'",2025-05-31 13:45:01.802-07:00,2025053113441505,200.0,200.0,COMPLETED,2738,7838,nan,WDRAWTX,ATM
"___13:53:27 403002 ATM.     'Posting Transaction Result  0:{""type"":""ATM"",""accountType"":""CHEKAC"",""seqNumber"":""2025053113524805"",""Authorization"":{""AuthNumber"":""2739"",""ErrorCode"":""0"",""ErrorDescription"":""0"",""Fee"":4.95,""OrderId"":""2739"",""RegisterTime"":""2025-05-31T13:53:27.928-07:00"",""TransactionNumber"":2025053113524805},""Operation"":{""Amount"":100.0,""BillDespensed"":100.0,""CardNumber"":""0078"",""HostIP"":"""",""RegistrationDatetime"":""2025-05-31T13:53:27.928-07:00"",""SequenceNumber"":""2025053113524805"",""Status"":""COMPLETED""},""TransactionDetail"":{""Amount"":100.0,""DispensedTotal"":100.0,""BillDenom_01"":1,""BillDenom_02"":5,""BillDenom_03"":10,""BillDenom_04"":20,""BillDenom_05"":50,""BillDenom_06"":100,""CoinDenom_01"":1,""CoinDenom_02"":5,""CoinDenom_03"":10,""CoinDenom_04"":25,""CoinDenom_05"":0,""CoinDenom_06"":0,""BillCount_01"":0,""BillCount_02"":0,""BillCount_03"":0,""BillCount_04"":0,""BillCount_05"":0,""BillCount_06"":1,""CoinCount_01"":0,""CoinCount_02"":0,""CoinCount_03"":0,""CoinCount_04"":0,""CoinCount_05"":0,""CoinCount_06"":0,""ManualPay"":0.0,""TransactionNumber"":0,""TransactionType"":""WDRAWTX""}}'",2025-05-31 13:53:27.928-07:00,2025053113524805,100.0,100.0,COMPLETED,2739,0078,nan,WDRAWTX,ATM
"___14:18:16 403002 ATM.     'Posting Transaction Result  0:{""type"":""ATM"",""accountType"":""CHEKAC"",""seqNumber"":""2025053114173505"",""Authorization"":{""AuthNumber"":""2741"",""ErrorCode"":""0"",""ErrorDescription"":""0"",""Fee"":4.95,""OrderId"":""2741"",""RegisterTime"":""2025-05-31T14:18:16.340-07:00"",""TransactionNumber"":2025053114173505},""Operation"":{""Amount"":200.0,""BillDespensed"":200.0,""CardNumber"":""6066"",""HostIP"":"""",""RegistrationDatetime"":""2025-05-31T14:18:16.340-07:00"",""SequenceNumber"":""2025053114173505"",""Status"":""COMPLETED""},""TransactionDetail"":{""Amount"":200.0,""DispensedTotal"":200.0,""BillDenom_01"":1,""BillDenom_02"":5,""BillDenom_03"":10,""BillDenom_04"":20,""BillDenom_05"":50,""BillDenom_06"":100,""CoinDenom_01"":1,""CoinDenom_02"":5,""CoinDenom_03"":10,""CoinDenom_04"":25,""CoinDenom_05"":0,""CoinDenom_06"":0,""BillCount_01"":0,""BillCount_02"":0,""BillCount_03"":0,""BillCount_04"":0,""BillCount_05"":0,""BillCount_06"":2,""CoinCount_01"":0,""CoinCount_02"":0,""CoinCount_03"":0,""CoinCount_04"":0,""CoinCount_05"":0,""CoinCount_06"":0,""ManualPay"":0.0,""TransactionNumber"":0,""TransactionType"":""WDRAWTX""}}'",2025-05-31 14:18:16.340-07:00,2025053114173505,200.0,200.0,COMPLETED,2741,6066,nan,WDRAWTX,ATM
"___14:23:00 403002 ATM.     'Posting Transaction Result  0:{""type"":""ATM"",""accountType"":""CHEKAC"",""seqNumber"":""2025053114222305"",""Authorization"":{""AuthNumber"":""2742"",""ErrorCode"":""0"",""ErrorDescription"":""0"",""Fee"":4.95,""OrderId"":""2742"",""RegisterTime"":""2025-05-31T14:23:00.340-07:00"",""TransactionNumber"":2025053114222305},""Operation"":{""Amount"":200.0,""BillDespensed"":200.0,""CardNumber"":""5210"",""HostIP"":"""",""RegistrationDatetime"":""2025-05-31T14:23:00.340-07:00"",""SequenceNumber"":""2025053114222305"",""Status"":""COMPLETED""},""TransactionDetail"":{""Amount"":200.0,""DispensedTotal"":200.0,""BillDenom_01"":1,""BillDenom_02"":5,""BillDenom_03"":10,""BillDenom_04"":20,""BillDenom_05"":50,""BillDenom_06"":100,""CoinDenom_01"":1,""CoinDenom_02"":5,""CoinDenom_03"":10,""CoinDenom_04"":25,""CoinDenom_05"":0,""CoinDenom_06"":0,""BillCount_01"":0,""BillCount_02"":0,""BillCount_03"":0,""BillCount_04"":0,""BillCount_05"":0,""BillCount_06"":2,""CoinCount_01"":0,""CoinCount_02"":0,""CoinCount_03"":0,""CoinCount_04"":0,""CoinCount_05"":0,""CoinCount_06"":0,""ManualPay"":0.0,""TransactionNumber"":0,""TransactionType"":""WDRAWTX""}}'",2025-05-31 14:23:00.340-07:00,2025053114222305,200.0,200.0,COMPLETED,2742,5210,nan,WDRAWTX,ATM
"___14:28:39 403002 ATM.     'Posting Transaction Result  0:{""type"":""ATM"",""accountType"":""CHEKAC"",""seqNumber"":""2025053114280905"",""Authorization"":{""AuthNumber"":""2743"",""ErrorCode"":""0"",""ErrorDescription"":""0"",""Fee"":4.95,""OrderId"":""2743"",""RegisterTime"":""2025-05-31T14:28:39.649-07:00"",""TransactionNumber"":2025053114280905},""Operation"":{""Amount"":300.0,""BillDespensed"":300.0,""CardNumber"":""9792"",""HostIP"":"""",""RegistrationDatetime"":""2025-05-31T14:28:39.649-07:00"",""SequenceNumber"":""2025053114280905"",""Status"":""COMPLETED""},""TransactionDetail"":{""Amount"":300.0,""DispensedTotal"":300.0,""BillDenom_01"":1,""BillDenom_02"":5,""BillDenom_03"":10,""BillDenom_04"":20,""BillDenom_05"":50,""BillDenom_06"":100,""CoinDenom_01"":1,""CoinDenom_02"":5,""CoinDenom_03"":10,""CoinDenom_04"":25,""CoinDenom_05"":0,""CoinDenom_06"":0,""BillCount_01"":0,""BillCount_02"":0,""BillCount_03"":0,""BillCount_04"":0,""BillCount_05"":0,""BillCount_06"":3,""CoinCount_01"":0,""CoinCount_02"":0,""CoinCount_03"":0,""CoinCount_04"":0,""CoinCount_05"":0,""CoinCount_06"":0,""ManualPay"":0.0,""TransactionNumber"":0,""TransactionType"":""WDRAWTX""}}'",2025-05-31 14:28:39.649-07:00,2025053114280905,300.0,300.0,COMPLETED,2743,9792,nan,WDRAWTX,ATM
"___14:41:09 403002 ATM.     'Posting Transaction Result  0:{""type"":""ATM"",""accountType"":""CHEKAC"",""seqNumber"":""2025053114403305"",""Authorization"":{""AuthNumber"":""2744"",""ErrorCode"":""0"",""ErrorDescription"":""0"",""Fee"":4.95,""OrderId"":""2744"",""RegisterTime"":""2025-05-31T14:41:09.709-07:00"",""TransactionNumber"":2025053114403305},""Operation"":{""Amount"":500.0,""BillDespensed"":500.0,""CardNumber"":""9774"",""HostIP"":"""",""RegistrationDatetime"":""2025-05-31T14:41:09.709-07:00"",""SequenceNumber"":""2025053114403305"",""Status"":""COMPLETED""},""TransactionDetail"":{""Amount"":500.0,""DispensedTotal"":500.0,""BillDenom_01"":1,""BillDenom_02"":5,""BillDenom_03"":10,""BillDenom_04"":20,""BillDenom_05"":50,""BillDenom_06"":100,""CoinDenom_01"":1,""CoinDenom_02"":5,""CoinDenom_03"":10,""CoinDenom_04"":25,""CoinDenom_05"":0,""CoinDenom_06"":0,""BillCount_01"":0,""BillCount_02"":0,""BillCount_03"":0,""BillCount_04"":0,""BillCount_05"":0,""BillCount_06"":5,""CoinCount_01"":0,""CoinCount_02"":0,""CoinCount_03"":0,""CoinCount_04"":0,""CoinCount_05"":0,""CoinCount_06"":0,""ManualPay"":0.0,""TransactionNumber"":0,""TransactionType"":""WDRAWTX""}}'",2025-05-31 14:41:09.709-07:00,2025053114403305,500.0,500.0,COMPLETED,2744,9774,nan,WDRAWTX,ATM
"___14:43:23 403002 ATM.     'Posting Transaction Result  0:{""type"":""ATM"",""accountType"":""CHEKAC"",""seqNumber"":""2025053114424805"",""Authorization"":{""AuthNumber"":""2745"",""ErrorCode"":""0"",""ErrorDescription"":""0"",""Fee"":4.95,""OrderId"":""2745"",""RegisterTime"":""2025-05-31T14:43:23.659-07:00"",""TransactionNumber"":2025053114424805},""Operation"":{""Amount"":560.0,""BillDespensed"":560.0,""CardNumber"":""0744"",""HostIP"":"""",""RegistrationDatetime"":""2025-05-31T14:43:23.659-07:00"",""SequenceNumber"":""2025053114424805"",""Status"":""COMPLETED""},""TransactionDetail"":{""Amount"":560.0,""DispensedTotal"":560.0,""BillDenom_01"":1,""BillDenom_02"":5,""BillDenom_03"":10,""BillDenom_04"":20,""BillDenom_05"":50,""BillDenom_06"":100,""CoinDenom_01"":1,""CoinDenom_02"":5,""CoinDenom_03"":10,""CoinDenom_04"":25,""CoinDenom_05"":0,""CoinDenom_06"":0,""BillCount_01"":0,""BillCount_02"":0,""BillCount_03"":0,""BillCount_04"":3,""BillCount_05"":0,""BillCount_06"":5,""CoinCount_01"":0,""CoinCount_02"":0,""CoinCount_03"":0,""CoinCount_04"":0,""CoinCount_05"":0,""CoinCount_06"":0,""ManualPay"":0.0,""TransactionNumber"":0,""TransactionType"":""WDRAWTX""}}'",2025-05-31 14:43:23.659-07:00,2025053114424805,560.0,560.0,COMPLETED,2745,0744,nan,WDRAWTX,ATM
"___14:50:06 403002 ATM.     'Posting Transaction Result  0:{""type"":""ATM"",""accountType"":""CHEKAC"",""seqNumber"":""2025053114492705"",""Authorization"":{""AuthNumber"":""2746"",""ErrorCode"":""0"",""ErrorDescription"":""0"",""Fee"":4.95,""OrderId"":""2746"",""RegisterTime"":""2025-05-31T14:50:06.476-07:00"",""TransactionNumber"":2025053114492705},""Operation"":{""Amount"":1000.0,""BillDespensed"":1000.0,""CardNumber"":""9297"",""HostIP"":"""",""RegistrationDatetime"":""2025-05-31T14:50:06.476-07:00"",""SequenceNumber"":""2025053114492705"",""Status"":""COMPLETED""},""TransactionDetail"":{""Amount"":1000.0,""DispensedTotal"":1000.0,""BillDenom_01"":1,""BillDenom_02"":5,""BillDenom_03"":10,""BillDenom_04"":20,""BillDenom_05"":50,""BillDenom_06"":100,""CoinDenom_01"":1,""CoinDenom_02"":5,""CoinDenom_03"":10,""CoinDenom_04"":25,""CoinDenom_05"":0,""CoinDenom_06"":0,""BillCount_01"":0,""BillCount_02"":0,""BillCount_03"":0,""BillCount_04"":0,""BillCount_05"":0,""BillCount_06"":10,""CoinCount_01"":0,""CoinCount_02"":0,""CoinCount_03"":0,""CoinCount_04"":0,""CoinCount_05"":0,""CoinCount_06"":0,""ManualPay"":0.0,""TransactionNumber"":0,""TransactionType"":""WDRAWTX""}}'",2025-05-31 14:50:06.476-07:00,2025053114492705,1000.0,1000.0,COMPLETED,2746,9297,nan,WDRAWTX,ATM
"___14:52:10 403002 ATM.     'Posting Transaction Result  0:{""type"":""ATM"",""accountType"":""CHEKAC"",""seqNumber"":""2025053114511605"",""Authorization"":{""AuthNumber"":""2747"",""ErrorCode"":""0"",""ErrorDescription"":""0"",""Fee"":4.95,""OrderId"":""2747"",""RegisterTime"":""2025-05-31T14:52:10.595-07:00"",""TransactionNumber"":2025053114511605},""Operation"":{""Amount"":200.0,""BillDespensed"":200.0,""CardNumber"":""9583"",""HostIP"":"""",""RegistrationDatetime"":""2025-05-31T14:52:10.595-07:00"",""SequenceNumber"":""2025053114511605"",""Status"":""COMPLETED""},""TransactionDetail"":{""Amount"":200.0,""DispensedTotal"":200.0,""BillDenom_01"":1,""BillDenom_02"":5,""BillDenom_03"":10,""BillDenom_04"":20,""BillDenom_05"":50,""BillDenom_06"":100,""CoinDenom_01"":1,""CoinDenom_02"":5,""CoinDenom_03"":10,""CoinDenom_04"":25,""CoinDenom_05"":0,""CoinDenom_06"":0,""BillCount_01"":0,""BillCount_02"":0,""BillCount_03"":0,""BillCount_04"":0,""BillCount_05"":0,""BillCount_06"":2,""CoinCount_01"":0,""CoinCount_02"":0,""CoinCount_03"":0,""CoinCount_04"":0,""CoinCount_05"":0,""CoinCount_06"":0,""ManualPay"":0.0,""TransactionNumber"":0,""TransactionType"":""WDRAWTX""}}'",2025-05-31 14:52:10.595-07:00,2025053114511605,200.0,200.0,COMPLETED,2747,9583,nan,WDRAWTX,ATM
"___14:53:32 403002 ATM.     'Posting Transaction Result  0:{""type"":""ATM"",""accountType"":""CHEKAC"",""seqNumber"":""2025053114530105"",""Authorization"":{""AuthNumber"":""2748"",""ErrorCode"":""0"",""ErrorDescription"":""0"",""Fee"":4.95,""OrderId"":""2748"",""RegisterTime"":""2025-05-31T14:53:32.831-07:00"",""TransactionNumber"":2025053114530105},""Operation"":{""Amount"":400.0,""BillDespensed"":400.0,""CardNumber"":""7496"",""HostIP"":"""",""RegistrationDatetime"":""2025-05-31T14:53:32.831-07:00"",""SequenceNumber"":""2025053114530105"",""Status"":""COMPLETED""},""TransactionDetail"":{""Amount"":400.0,""DispensedTotal"":400.0,""BillDenom_01"":1,""BillDenom_02"":5,""BillDenom_03"":10,""BillDenom_04"":20,""BillDenom_05"":50,""BillDenom_06"":100,""CoinDenom_01"":1,""CoinDenom_02"":5,""CoinDenom_03"":10,""CoinDenom_04"":25,""CoinDenom_05"":0,""CoinDenom_06"":0,""BillCount_01"":0,""BillCount_02"":0,""BillCount_03"":0,""BillCount_04"":0,""BillCount_05"":0,""BillCount_06"":4,""CoinCount_01"":0,""CoinCount_02"":0,""CoinCount_03"":0,""CoinCount_04"":0,""CoinCount_05"":0,""CoinCount_06"":0,""ManualPay"":0.0,""TransactionNumber"":0,""TransactionType"":""WDRAWTX""}}'",2025-05-31 14:53:32.831-07:00,2025053114530105,400.0,400.0,COMPLETED,2748,7496,nan,WDRAWTX,ATM
"___14:57:01 403002 ATM.     'Posting Transaction Result  0:{""type"":""ATM"",""accountType"":""CHEKAC"",""seqNumber"":""2025053114563805"",""Authorization"":{""ErrorCode"":""0"",""ErrorDescription"":""0"",""Fee"":0.0,""RegisterTime"":""2025-05-31T14:57:01.766-07:00"",""TransactionNumber"":2025053114563805},""Operation"":{""Amount"":80.0,""BillDespensed"":0.0,""CardNumber"":""4997"",""HostIP"":"""",""RegistrationDatetime"":""2025-05-31T14:57:01.766-07:00"",""SequenceNumber"":""2025053114563805"",""Status"":""DENIED""},""TransactionDetail"":{""Amount"":80.0,""DispensedTotal"":0.0,""BillDenom_01"":1,""BillDenom_02"":5,""BillDenom_03"":10,""BillDenom_04"":20,""BillDenom_05"":50,""BillDenom_06"":100,""CoinDenom_01"":1,""CoinDenom_02"":5,""CoinDenom_03"":10,""CoinDenom_04"":25,""CoinDenom_05"":0,""CoinDenom_06"":0,""BillCount_01"":0,""BillCount_02"":0,""BillCount_03"":0,""BillCount_04"":0,""BillCount_05"":0,""BillCount_06"":0,""CoinCount_01"":0,""CoinCount_02"":0,""CoinCount_03"":0,""CoinCount_04"":0,""CoinCount_05"":0,""CoinCount_06"":0,""ManualPay"":0.0,""TransactionNumber"":0,""TransactionType"":""WDRAWTX""}}'",2025-05-31 14:57:01.766-07:00,2025053114563805,80.0,0.0,DENIED,nan,4997,nan,WDRAWTX,ATM
"___15:02:54 403002 ATM.     'Posting Transaction Result  0:{""type"":""ATM"",""accountType"":""CHEKAC"",""seqNumber"":""2025053115021205"",""Authorization"":{""AuthNumber"":""2750"",""ErrorCode"":""0"",""ErrorDescription"":""0"",""Fee"":4.95,""OrderId"":""2750"",""RegisterTime"":""2025-05-31T15:02:54.097-07:00"",""TransactionNumber"":2025053115021205},""Operation"":{""Amount"":200.0,""BillDespensed"":200.0,""CardNumber"":""6188"",""HostIP"":"""",""RegistrationDatetime"":""2025-05-31T15:02:54.097-07:00"",""SequenceNumber"":""2025053115021205"",""Status"":""COMPLETED""},""TransactionDetail"":{""Amount"":200.0,""DispensedTotal"":200.0,""BillDenom_01"":1,""BillDenom_02"":5,""BillDenom_03"":10,""BillDenom_04"":20,""BillDenom_05"":50,""BillDenom_06"":100,""CoinDenom_01"":1,""CoinDenom_02"":5,""CoinDenom_03"":10,""CoinDenom_04"":25,""CoinDenom_05"":0,""CoinDenom_06"":0,""BillCount_01"":0,""BillCount_02"":0,""BillCount_03"":0,""BillCount_04"":0,""BillCount_05"":0,""BillCount_06"":2,""CoinCount_01"":0,""CoinCount_02"":0,""CoinCount_03"":0,""CoinCount_04"":0,""CoinCount_05"":0,""CoinCount_06"":0,""ManualPay"":0.0,""TransactionNumber"":0,""TransactionType"":""WDRAWTX""}}'",2025-05-31 15:02:54.097-07:00,2025053115021205,200.0,200.0,COMPLETED,2750,6188,nan,WDRAWTX,ATM
"___15:39:17 403002 ATM.     'Posting Transaction Result  0:{""type"":""ATM"",""accountType"":""CHEKAC"",""seqNumber"":""2025053115383605"",""Authorization"":{""AuthNumber"":""2752"",""ErrorCode"":""0"",""ErrorDescription"":""0"",""Fee"":4.95,""OrderId"":""2752"",""RegisterTime"":""2025-05-31T15:39:17.195-07:00"",""TransactionNumber"":2025053115383605},""Operation"":{""Amount"":500.0,""BillDespensed"":500.0,""CardNumber"":""3844"",""HostIP"":"""",""RegistrationDatetime"":""2025-05-31T15:39:17.195-07:00"",""SequenceNumber"":""2025053115383605"",""Status"":""COMPLETED""},""TransactionDetail"":{""Amount"":500.0,""DispensedTotal"":500.0,""BillDenom_01"":1,""BillDenom_02"":5,""BillDenom_03"":10,""BillDenom_04"":20,""BillDenom_05"":50,""BillDenom_06"":100,""CoinDenom_01"":1,""CoinDenom_02"":5,""CoinDenom_03"":10,""CoinDenom_04"":25,""CoinDenom_05"":0,""CoinDenom_06"":0,""BillCount_01"":0,""BillCount_02"":0,""BillCount_03"":0,""BillCount_04"":0,""BillCount_05"":0,""BillCount_06"":5,""CoinCount_01"":0,""CoinCount_02"":0,""CoinCount_03"":0,""CoinCount_04"":0,""CoinCount_05"":0,""CoinCount_06"":0,""ManualPay"":0.0,""TransactionNumber"":0,""TransactionType"":""WDRAWTX""}}'",2025-05-31 15:39:17.195-07:00,2025053115383605,500.0,500.0,COMPLETED,2752,3844,nan,WDRAWTX,ATM
"___15:57:06 403002 ATM.     'Posting Transaction Result  0:{""type"":""ATM"",""accountType"":""CHEKAC"",""seqNumber"":""2025053115562905"",""Authorization"":{""AuthNumber"":""2754"",""ErrorCode"":""0"",""ErrorDescription"":""0"",""Fee"":4.95,""OrderId"":""2754"",""RegisterTime"":""2025-05-31T15:57:06.088-07:00"",""TransactionNumber"":2025053115562905},""Operation"":{""Amount"":80.0,""BillDespensed"":80.0,""CardNumber"":""1667"",""HostIP"":"""",""RegistrationDatetime"":""2025-05-31T15:57:06.088-07:00"",""SequenceNumber"":""2025053115562905"",""Status"":""COMPLETED""},""TransactionDetail"":{""Amount"":80.0,""DispensedTotal"":80.0,""BillDenom_01"":1,""BillDenom_02"":5,""BillDenom_03"":10,""BillDenom_04"":20,""BillDenom_05"":50,""BillDenom_06"":100,""CoinDenom_01"":1,""CoinDenom_02"":5,""CoinDenom_03"":10,""CoinDenom_04"":25,""CoinDenom_05"":0,""CoinDenom_06"":0,""BillCount_01"":0,""BillCount_02"":0,""BillCount_03"":0,""BillCount_04"":4,""BillCount_05"":0,""BillCount_06"":0,""CoinCount_01"":0,""CoinCount_02"":0,""CoinCount_03"":0,""CoinCount_04"":0,""CoinCount_05"":0,""CoinCount_06"":0,""ManualPay"":0.0,""TransactionNumber"":0,""TransactionType"":""WDRAWTX""}}'",2025-05-31 15:57:06.088-07:00,2025053115562905,80.0,80.0,COMPLETED,2754,1667,nan,WDRAWTX,ATM
"___16:00:45 403002 ATM.     'Posting Transaction Result  0:{""type"":""ATM"",""accountType"":""CHEKAC"",""seqNumber"":""2025053116002805"",""Authorization"":{""ErrorCode"":""0"",""ErrorDescription"":""0"",""Fee"":0.0,""RegisterTime"":""2025-05-31T16:00:45.215-07:00"",""TransactionNumber"":2025053116002805},""Operation"":{""Amount"":0.0,""BillDespensed"":0.0,""CardNumber"":""3097"",""HostIP"":"""",""RegistrationDatetime"":""2025-05-31T16:00:45.215-07:00"",""SequenceNumber"":""2025053116002805"",""Status"":""COMPLETED""},""TransactionDetail"":{""Amount"":0.0,""DispensedTotal"":0.0,""BillDenom_01"":1,""BillDenom_02"":5,""BillDenom_03"":10,""BillDenom_04"":20,""BillDenom_05"":50,""BillDenom_06"":100,""CoinDenom_01"":1,""CoinDenom_02"":5,""CoinDenom_03"":10,""CoinDenom_04"":25,""CoinDenom_05"":0,""CoinDenom_06"":0,""BillCount_01"":0,""BillCount_02"":0,""BillCount_03"":0,""BillCount_04"":0,""BillCount_05"":0,""BillCount_06"":0,""CoinCount_01"":0,""CoinCount_02"":0,""CoinCount_03"":0,""CoinCount_04"":0,""CoinCount_05"":0,""CoinCount_06"":0,""ManualPay"":0.0,""TransactionNumber"":0,""TransactionType"":""BLNCINQRTX""}}'",2025-05-31 16:00:45.215-07:00,2025053116002805,0.0,0.0,COMPLETED,nan,3097,nan,BLNCINQRTX,ATM
"___16:02:21 403002 ATM.     'Posting Transaction Result  0:{""type"":""ATM"",""accountType"":""CHEKAC"",""seqNumber"":""2025053116013405"",""Authorization"":{""AuthNumber"":""2756"",""ErrorCode"":""0"",""ErrorDescription"":""0"",""Fee"":4.95,""OrderId"":""2756"",""RegisterTime"":""2025-05-31T16:02:21.462-07:00"",""TransactionNumber"":2025053116013405},""Operation"":{""Amount"":100.0,""BillDespensed"":100.0,""CardNumber"":""3097"",""HostIP"":"""",""RegistrationDatetime"":""2025-05-31T16:02:21.462-07:00"",""SequenceNumber"":""2025053116013405"",""Status"":""COMPLETED""},""TransactionDetail"":{""Amount"":100.0,""DispensedTotal"":100.0,""BillDenom_01"":1,""BillDenom_02"":5,""BillDenom_03"":10,""BillDenom_04"":20,""BillDenom_05"":50,""BillDenom_06"":100,""CoinDenom_01"":1,""CoinDenom_02"":5,""CoinDenom_03"":10,""CoinDenom_04"":25,""CoinDenom_05"":0,""CoinDenom_06"":0,""BillCount_01"":0,""BillCount_02"":0,""BillCount_03"":0,""BillCount_04"":0,""BillCount_05"":0,""BillCount_06"":1,""CoinCount_01"":0,""CoinCount_02"":0,""CoinCount_03"":0,""CoinCount_04"":0,""CoinCount_05"":0,""CoinCount_06"":0,""ManualPay"":0.0,""TransactionNumber"":0,""TransactionType"":""WDRAWTX""}}'",2025-05-31 16:02:21.462-07:00,2025053116013405,100.0,100.0,COMPLETED,2756,3097,nan,WDRAWTX,ATM
"___16:18:28 403002 ATM.     'Posting Transaction Result  0:{""type"":""ATM"",""accountType"":""CHEKAC"",""seqNumber"":""2025053116174005"",""Authorization"":{""AuthNumber"":""2757"",""ErrorCode"":""0"",""ErrorDescription"":""0"",""Fee"":4.95,""OrderId"":""2757"",""RegisterTime"":""2025-05-31T16:18:27.237-07:00"",""TransactionNumber"":2025053116174005},""Operation"":{""Amount"":1200.0,""BillDespensed"":1200.0,""CardNumber"":""2112"",""HostIP"":"""",""RegistrationDatetime"":""2025-05-31T16:18:27.237-07:00"",""SequenceNumber"":""2025053116174005"",""Status"":""COMPLETED""},""TransactionDetail"":{""Amount"":1200.0,""DispensedTotal"":1200.0,""BillDenom_01"":1,""BillDenom_02"":5,""BillDenom_03"":10,""BillDenom_04"":20,""BillDenom_05"":50,""BillDenom_06"":100,""CoinDenom_01"":1,""CoinDenom_02"":5,""CoinDenom_03"":10,""CoinDenom_04"":25,""CoinDenom_05"":0,""CoinDenom_06"":0,""BillCount_01"":0,""BillCount_02"":0,""BillCount_03"":0,""BillCount_04"":0,""BillCount_05"":0,""BillCount_06"":12,""CoinCount_01"":0,""CoinCount_02"":0,""CoinCount_03"":0,""CoinCount_04"":0,""CoinCount_05"":0,""CoinCount_06"":0,""ManualPay"":0.0,""TransactionNumber"":0,""TransactionType"":""WDRAWTX""}}'",2025-05-31 16:18:27.237-07:00,2025053116174005,1200.0,1200.0,COMPLETED,2757,2112,nan,WDRAWTX,ATM
"___16:45:05 403002 ATM.     'Posting Transaction Result  0:{""type"":""ATM"",""accountType"":""CHEKAC"",""seqNumber"":""2025053116441805"",""Authorization"":{""AuthNumber"":""2758"",""ErrorCode"":""0"",""ErrorDescription"":""0"",""Fee"":4.95,""OrderId"":""2758"",""RegisterTime"":""2025-05-31T16:45:05.123-07:00"",""TransactionNumber"":2025053116441805},""Operation"":{""Amount"":200.0,""BillDespensed"":200.0,""CardNumber"":""5469"",""HostIP"":"""",""RegistrationDatetime"":""2025-05-31T16:45:05.123-07:00"",""SequenceNumber"":""2025053116441805"",""Status"":""COMPLETED""},""TransactionDetail"":{""Amount"":200.0,""DispensedTotal"":200.0,""BillDenom_01"":1,""BillDenom_02"":5,""BillDenom_03"":10,""BillDenom_04"":20,""BillDenom_05"":50,""BillDenom_06"":100,""CoinDenom_01"":1,""CoinDenom_02"":5,""CoinDenom_03"":10,""CoinDenom_04"":25,""CoinDenom_05"":0,""CoinDenom_06"":0,""BillCount_01"":0,""BillCount_02"":0,""BillCount_03"":0,""BillCount_04"":0,""BillCount_05"":0,""BillCount_06"":2,""CoinCount_01"":0,""CoinCount_02"":0,""CoinCount_03"":0,""CoinCount_04"":0,""CoinCount_05"":0,""CoinCount_06"":0,""ManualPay"":0.0,""TransactionNumber"":0,""TransactionType"":""WDRAWTX""}}'",2025-05-31 16:45:05.123-07:00,2025053116441805,200.0,200.0,COMPLETED,2758,5469,nan,WDRAWTX,ATM
"___16:55:43 403002 ATM.     'Posting Transaction Result  0:{""type"":""ATM"",""accountType"":""CHEKAC"",""seqNumber"":""2025053116550505"",""Authorization"":{""AuthNumber"":""2759"",""ErrorCode"":""0"",""ErrorDescription"":""0"",""Fee"":4.95,""OrderId"":""2759"",""RegisterTime"":""2025-05-31T16:55:43.473-07:00"",""TransactionNumber"":2025053116550505},""Operation"":{""Amount"":100.0,""BillDespensed"":100.0,""CardNumber"":""4959"",""HostIP"":"""",""RegistrationDatetime"":""2025-05-31T16:55:43.473-07:00"",""SequenceNumber"":""2025053116550505"",""Status"":""COMPLETED""},""TransactionDetail"":{""Amount"":100.0,""DispensedTotal"":100.0,""BillDenom_01"":1,""BillDenom_02"":5,""BillDenom_03"":10,""BillDenom_04"":20,""BillDenom_05"":50,""BillDenom_06"":100,""CoinDenom_01"":1,""CoinDenom_02"":5,""CoinDenom_03"":10,""CoinDenom_04"":25,""CoinDenom_05"":0,""CoinDenom_06"":0,""BillCount_01"":0,""BillCount_02"":0,""BillCount_03"":0,""BillCount_04"":0,""BillCount_05"":0,""BillCount_06"":1,""CoinCount_01"":0,""CoinCount_02"":0,""CoinCount_03"":0,""CoinCount_04"":0,""CoinCount_05"":0,""CoinCount_06"":0,""ManualPay"":0.0,""TransactionNumber"":0,""TransactionType"":""WDRAWTX""}}'",2025-05-31 16:55:43.473-07:00,2025053116550505,100.0,100.0,COMPLETED,2759,4959,nan,WDRAWTX,ATM
"___16:57:12 403002 ATM.     'Posting Transaction Result  0:{""type"":""ATM"",""accountType"":""CHEKAC"",""seqNumber"":""2025053116564105"",""Authorization"":{""AuthNumber"":""2760"",""ErrorCode"":""0"",""ErrorDescription"":""0"",""Fee"":4.95,""OrderId"":""2760"",""RegisterTime"":""2025-05-31T16:57:12.705-07:00"",""TransactionNumber"":2025053116564105},""Operation"":{""Amount"":100.0,""BillDespensed"":100.0,""CardNumber"":""9128"",""HostIP"":"""",""RegistrationDatetime"":""2025-05-31T16:57:12.705-07:00"",""SequenceNumber"":""2025053116564105"",""Status"":""COMPLETED""},""TransactionDetail"":{""Amount"":100.0,""DispensedTotal"":100.0,""BillDenom_01"":1,""BillDenom_02"":5,""BillDenom_03"":10,""BillDenom_04"":20,""BillDenom_05"":50,""BillDenom_06"":100,""CoinDenom_01"":1,""CoinDenom_02"":5,""CoinDenom_03"":10,""CoinDenom_04"":25,""CoinDenom_05"":0,""CoinDenom_06"":0,""BillCount_01"":0,""BillCount_02"":0,""BillCount_03"":0,""BillCount_04"":0,""BillCount_05"":0,""BillCount_06"":1,""CoinCount_01"":0,""CoinCount_02"":0,""CoinCount_03"":0,""CoinCount_04"":0,""CoinCount_05"":0,""CoinCount_06"":0,""ManualPay"":0.0,""TransactionNumber"":0,""TransactionType"":""WDRAWTX""}}'",2025-05-31 16:57:12.705-07:00,2025053116564105,100.0,100.0,COMPLETED,2760,9128,nan,WDRAWTX,ATM
"___16:58:52 403002 ATM.     'Posting Transaction Result  0:{""type"":""ATM"",""accountType"":""CHEKAC"",""seqNumber"":""2025053116581905"",""Authorization"":{""AuthNumber"":""2761"",""ErrorCode"":""0"",""ErrorDescription"":""0"",""Fee"":4.95,""OrderId"":""2761"",""RegisterTime"":""2025-05-31T16:58:52.304-07:00"",""TransactionNumber"":2025053116581905},""Operation"":{""Amount"":100.0,""BillDespensed"":100.0,""CardNumber"":""5143"",""HostIP"":"""",""RegistrationDatetime"":""2025-05-31T16:58:52.304-07:00"",""SequenceNumber"":""2025053116581905"",""Status"":""COMPLETED""},""TransactionDetail"":{""Amount"":100.0,""DispensedTotal"":100.0,""BillDenom_01"":1,""BillDenom_02"":5,""BillDenom_03"":10,""BillDenom_04"":20,""BillDenom_05"":50,""BillDenom_06"":100,""CoinDenom_01"":1,""CoinDenom_02"":5,""CoinDenom_03"":10,""CoinDenom_04"":25,""CoinDenom_05"":0,""CoinDenom_06"":0,""BillCount_01"":0,""BillCount_02"":0,""BillCount_03"":0,""BillCount_04"":0,""BillCount_05"":0,""BillCount_06"":1,""CoinCount_01"":0,""CoinCount_02"":0,""CoinCount_03"":0,""CoinCount_04"":0,""CoinCount_05"":0,""CoinCount_06"":0,""ManualPay"":0.0,""TransactionNumber"":0,""TransactionType"":""WDRAWTX""}}'",2025-05-31 16:58:52.304-07:00,2025053116581905,100.0,100.0,COMPLETED,2761,5143,nan,WDRAWTX,ATM
"___17:03:15 403002 ATM.     'Posting Transaction Result  0:{""type"":""ATM"",""accountType"":""CHEKAC"",""seqNumber"":""2025053117021405"",""Authorization"":{""AuthNumber"":""2762"",""ErrorCode"":""0"",""ErrorDescription"":""0"",""Fee"":4.95,""OrderId"":""2762"",""RegisterTime"":""2025-05-31T17:03:14.401-07:00"",""TransactionNumber"":2025053117021405},""Operation"":{""Amount"":100.0,""BillDespensed"":100.0,""CardNumber"":""6550"",""HostIP"":"""",""RegistrationDatetime"":""2025-05-31T17:03:14.401-07:00"",""SequenceNumber"":""2025053117021405"",""Status"":""COMPLETED""},""TransactionDetail"":{""Amount"":100.0,""DispensedTotal"":100.0,""BillDenom_01"":1,""BillDenom_02"":5,""BillDenom_03"":10,""BillDenom_04"":20,""BillDenom_05"":50,""BillDenom_06"":100,""CoinDenom_01"":1,""CoinDenom_02"":5,""CoinDenom_03"":10,""CoinDenom_04"":25,""CoinDenom_05"":0,""CoinDenom_06"":0,""BillCount_01"":0,""BillCount_02"":0,""BillCount_03"":0,""BillCount_04"":0,""BillCount_05"":0,""BillCount_06"":1,""CoinCount_01"":0,""CoinCount_02"":0,""CoinCount_03"":0,""CoinCount_04"":0,""CoinCount_05"":0,""CoinCount_06"":0,""ManualPay"":0.0,""TransactionNumber"":0,""TransactionType"":""WDRAWTX""}}'",2025-05-31 17:03:14.401-07:00,2025053117021405,100.0,100.0,COMPLETED,2762,6550,nan,WDRAWTX,ATM
"___17:07:34 403002 ATM.     'Posting Transaction Result  0:{""type"":""ATM"",""accountType"":""CHEKAC"",""seqNumber"":""2025053117064705"",""Authorization"":{""AuthNumber"":""2763"",""ErrorCode"":""0"",""ErrorDescription"":""0"",""Fee"":4.95,""OrderId"":""2763"",""RegisterTime"":""2025-05-31T17:07:34.942-07:00"",""TransactionNumber"":2025053117064705},""Operation"":{""Amount"":1000.0,""BillDespensed"":1000.0,""CardNumber"":""5616"",""HostIP"":"""",""RegistrationDatetime"":""2025-05-31T17:07:34.942-07:00"",""SequenceNumber"":""2025053117064705"",""Status"":""COMPLETED""},""TransactionDetail"":{""Amount"":1000.0,""DispensedTotal"":1000.0,""BillDenom_01"":1,""BillDenom_02"":5,""BillDenom_03"":10,""BillDenom_04"":20,""BillDenom_05"":50,""BillDenom_06"":100,""CoinDenom_01"":1,""CoinDenom_02"":5,""CoinDenom_03"":10,""CoinDenom_04"":25,""CoinDenom_05"":0,""CoinDenom_06"":0,""BillCount_01"":0,""BillCount_02"":0,""BillCount_03"":0,""BillCount_04"":0,""BillCount_05"":0,""BillCount_06"":10,""CoinCount_01"":0,""CoinCount_02"":0,""CoinCount_03"":0,""CoinCount_04"":0,""CoinCount_05"":0,""CoinCount_06"":0,""ManualPay"":0.0,""TransactionNumber"":0,""TransactionType"":""WDRAWTX""}}'",2025-05-31 17:07:34.942-07:00,2025053117064705,1000.0,1000.0,COMPLETED,2763,5616,nan,WDRAWTX,ATM
"___17:23:13 403002 ATM.     'Posting Transaction Result  0:{""type"":""ATM"",""accountType"":""CHEKAC"",""seqNumber"":""2025053117224205"",""Authorization"":{""AuthNumber"":""2765"",""ErrorCode"":""0"",""ErrorDescription"":""0"",""Fee"":4.95,""OrderId"":""2765"",""RegisterTime"":""2025-05-31T17:23:13.697-07:00"",""TransactionNumber"":2025053117224205},""Operation"":{""Amount"":400.0,""BillDespensed"":400.0,""CardNumber"":""5477"",""HostIP"":"""",""RegistrationDatetime"":""2025-05-31T17:23:13.697-07:00"",""SequenceNumber"":""2025053117224205"",""Status"":""COMPLETED""},""TransactionDetail"":{""Amount"":400.0,""DispensedTotal"":400.0,""BillDenom_01"":1,""BillDenom_02"":5,""BillDenom_03"":10,""BillDenom_04"":20,""BillDenom_05"":50,""BillDenom_06"":100,""CoinDenom_01"":1,""CoinDenom_02"":5,""CoinDenom_03"":10,""CoinDenom_04"":25,""CoinDenom_05"":0,""CoinDenom_06"":0,""BillCount_01"":0,""BillCount_02"":0,""BillCount_03"":0,""BillCount_04"":0,""BillCount_05"":0,""BillCount_06"":4,""CoinCount_01"":0,""CoinCount_02"":0,""CoinCount_03"":0,""CoinCount_04"":0,""CoinCount_05"":0,""CoinCount_06"":0,""ManualPay"":0.0,""TransactionNumber"":0,""TransactionType"":""WDRAWTX""}}'",2025-05-31 17:23:13.697-07:00,2025053117224205,400.0,400.0,COMPLETED,2765,5477,nan,WDRAWTX,ATM
"___17:34:54 403002 ATM.     'Posting Transaction Result  0:{""type"":""ATM"",""accountType"":""CHEKAC"",""seqNumber"":""2025053117341905"",""Authorization"":{""AuthNumber"":""2766"",""ErrorCode"":""0"",""ErrorDescription"":""0"",""Fee"":4.95,""OrderId"":""2766"",""RegisterTime"":""2025-05-31T17:34:54.092-07:00"",""TransactionNumber"":2025053117341905},""Operation"":{""Amount"":200.0,""BillDespensed"":200.0,""CardNumber"":""7159"",""HostIP"":"""",""RegistrationDatetime"":""2025-05-31T17:34:54.092-07:00"",""SequenceNumber"":""2025053117341905"",""Status"":""COMPLETED""},""TransactionDetail"":{""Amount"":200.0,""DispensedTotal"":200.0,""BillDenom_01"":1,""BillDenom_02"":5,""BillDenom_03"":10,""BillDenom_04"":20,""BillDenom_05"":50,""BillDenom_06"":100,""CoinDenom_01"":1,""CoinDenom_02"":5,""CoinDenom_03"":10,""CoinDenom_04"":25,""CoinDenom_05"":0,""CoinDenom_06"":0,""BillCount_01"":0,""BillCount_02"":0,""BillCount_03"":0,""BillCount_04"":0,""BillCount_05"":0,""BillCount_06"":2,""CoinCount_01"":0,""CoinCount_02"":0,""CoinCount_03"":0,""CoinCount_04"":0,""CoinCount_05"":0,""CoinCount_06"":0,""ManualPay"":0.0,""TransactionNumber"":0,""TransactionType"":""WDRAWTX""}}'",2025-05-31 17:34:54.092-07:00,2025053117341905,200.0,200.0,COMPLETED,2766,7159,nan,WDRAWTX,ATM
"___17:36:27 403002 ATM.     'Posting Transaction Result  0:{""type"":""ATM"",""accountType"":""CHEKAC"",""seqNumber"":""2025053117355205"",""Authorization"":{""AuthNumber"":""2767"",""ErrorCode"":""0"",""ErrorDescription"":""0"",""Fee"":4.95,""OrderId"":""2767"",""RegisterTime"":""2025-05-31T17:36:27.840-07:00"",""TransactionNumber"":2025053117355205},""Operation"":{""Amount"":100.0,""BillDespensed"":100.0,""CardNumber"":""2583"",""HostIP"":"""",""RegistrationDatetime"":""2025-05-31T17:36:27.840-07:00"",""SequenceNumber"":""2025053117355205"",""Status"":""COMPLETED""},""TransactionDetail"":{""Amount"":100.0,""DispensedTotal"":100.0,""BillDenom_01"":1,""BillDenom_02"":5,""BillDenom_03"":10,""BillDenom_04"":20,""BillDenom_05"":50,""BillDenom_06"":100,""CoinDenom_01"":1,""CoinDenom_02"":5,""CoinDenom_03"":10,""CoinDenom_04"":25,""CoinDenom_05"":0,""CoinDenom_06"":0,""BillCount_01"":0,""BillCount_02"":0,""BillCount_03"":0,""BillCount_04"":0,""BillCount_05"":0,""BillCount_06"":1,""CoinCount_01"":0,""CoinCount_02"":0,""CoinCount_03"":0,""CoinCount_04"":0,""CoinCount_05"":0,""CoinCount_06"":0,""ManualPay"":0.0,""TransactionNumber"":0,""TransactionType"":""WDRAWTX""}}'",2025-05-31 17:36:27.840-07:00,2025053117355205,100.0,100.0,COMPLETED,2767,2583,nan,WDRAWTX,ATM
"___17:38:17 403002 ATM.     'Posting Transaction Result  0:{""type"":""ATM"",""accountType"":""CHEKAC"",""seqNumber"":""2025053117373605"",""Authorization"":{""AuthNumber"":""2768"",""ErrorCode"":""0"",""ErrorDescription"":""0"",""Fee"":4.95,""OrderId"":""2768"",""RegisterTime"":""2025-05-31T17:38:17.878-07:00"",""TransactionNumber"":2025053117373605},""Operation"":{""Amount"":400.0,""BillDespensed"":400.0,""CardNumber"":""5566"",""HostIP"":"""",""RegistrationDatetime"":""2025-05-31T17:38:17.878-07:00"",""SequenceNumber"":""2025053117373605"",""Status"":""COMPLETED""},""TransactionDetail"":{""Amount"":400.0,""DispensedTotal"":400.0,""BillDenom_01"":1,""BillDenom_02"":5,""BillDenom_03"":10,""BillDenom_04"":20,""BillDenom_05"":50,""BillDenom_06"":100,""CoinDenom_01"":1,""CoinDenom_02"":5,""CoinDenom_03"":10,""CoinDenom_04"":25,""CoinDenom_05"":0,""CoinDenom_06"":0,""BillCount_01"":0,""BillCount_02"":0,""BillCount_03"":0,""BillCount_04"":0,""BillCount_05"":0,""BillCount_06"":4,""CoinCount_01"":0,""CoinCount_02"":0,""CoinCount_03"":0,""CoinCount_04"":0,""CoinCount_05"":0,""CoinCount_06"":0,""ManualPay"":0.0,""TransactionNumber"":0,""TransactionType"":""WDRAWTX""}}'",2025-05-31 17:38:17.878-07:00,2025053117373605,400.0,400.0,COMPLETED,2768,5566,nan,WDRAWTX,ATM
"___17:41:43 403002 ATM.     'Posting Transaction Result  0:{""type"":""ATM"",""accountType"":""CHEKAC"",""seqNumber"":""2025053117405805"",""Authorization"":{""AuthNumber"":""2769"",""ErrorCode"":""0"",""ErrorDescription"":""0"",""Fee"":4.95,""OrderId"":""2769"",""RegisterTime"":""2025-05-31T17:41:42.749-07:00"",""TransactionNumber"":2025053117405805},""Operation"":{""Amount"":200.0,""BillDespensed"":200.0,""CardNumber"":""8297"",""HostIP"":"""",""RegistrationDatetime"":""2025-05-31T17:41:42.749-07:00"",""SequenceNumber"":""2025053117405805"",""Status"":""COMPLETED""},""TransactionDetail"":{""Amount"":200.0,""DispensedTotal"":200.0,""BillDenom_01"":1,""BillDenom_02"":5,""BillDenom_03"":10,""BillDenom_04"":20,""BillDenom_05"":50,""BillDenom_06"":100,""CoinDenom_01"":1,""CoinDenom_02"":5,""CoinDenom_03"":10,""CoinDenom_04"":25,""CoinDenom_05"":0,""CoinDenom_06"":0,""BillCount_01"":0,""BillCount_02"":0,""BillCount_03"":0,""BillCount_04"":0,""BillCount_05"":0,""BillCount_06"":2,""CoinCount_01"":0,""CoinCount_02"":0,""CoinCount_03"":0,""CoinCount_04"":0,""CoinCount_05"":0,""CoinCount_06"":0,""ManualPay"":0.0,""TransactionNumber"":0,""TransactionType"":""WDRAWTX""}}'",2025-05-31 17:41:42.749-07:00,2025053117405805,200.0,200.0,COMPLETED,2769,8297,nan,WDRAWTX,ATM
"___17:44:33 403002 ATM.     'Posting Transaction Result  0:{""type"":""ATM"",""accountType"":""CHEKAC"",""seqNumber"":""2025053117440105"",""Authorization"":{""AuthNumber"":""2770"",""ErrorCode"":""0"",""ErrorDescription"":""0"",""Fee"":4.95,""OrderId"":""2770"",""RegisterTime"":""2025-05-31T17:44:33.435-07:00"",""TransactionNumber"":2025053117440105},""Operation"":{""Amount"":100.0,""BillDespensed"":100.0,""CardNumber"":""5278"",""HostIP"":"""",""RegistrationDatetime"":""2025-05-31T17:44:33.435-07:00"",""SequenceNumber"":""2025053117440105"",""Status"":""COMPLETED""},""TransactionDetail"":{""Amount"":100.0,""DispensedTotal"":100.0,""BillDenom_01"":1,""BillDenom_02"":5,""BillDenom_03"":10,""BillDenom_04"":20,""BillDenom_05"":50,""BillDenom_06"":100,""CoinDenom_01"":1,""CoinDenom_02"":5,""CoinDenom_03"":10,""CoinDenom_04"":25,""CoinDenom_05"":0,""CoinDenom_06"":0,""BillCount_01"":0,""BillCount_02"":0,""BillCount_03"":0,""BillCount_04"":0,""BillCount_05"":0,""BillCount_06"":1,""CoinCount_01"":0,""CoinCount_02"":0,""CoinCount_03"":0,""CoinCount_04"":0,""CoinCount_05"":0,""CoinCount_06"":0,""ManualPay"":0.0,""TransactionNumber"":0,""TransactionType"":""WDRAWTX""}}'",2025-05-31 17:44:33.435-07:00,2025053117440105,100.0,100.0,COMPLETED,2770,5278,nan,WDRAWTX,ATM
"___17:48:45 403002 ATM.     'Posting Transaction Result  0:{""type"":""ATM"",""accountType"":""CHEKAC"",""seqNumber"":""2025053117480905"",""Authorization"":{""AuthNumber"":""2771"",""ErrorCode"":""0"",""ErrorDescription"":""0"",""Fee"":4.95,""OrderId"":""2771"",""RegisterTime"":""2025-05-31T17:48:45.873-07:00"",""TransactionNumber"":2025053117480905},""Operation"":{""Amount"":500.0,""BillDespensed"":500.0,""CardNumber"":""3485"",""HostIP"":"""",""RegistrationDatetime"":""2025-05-31T17:48:45.873-07:00"",""SequenceNumber"":""2025053117480905"",""Status"":""COMPLETED""},""TransactionDetail"":{""Amount"":500.0,""DispensedTotal"":500.0,""BillDenom_01"":1,""BillDenom_02"":5,""BillDenom_03"":10,""BillDenom_04"":20,""BillDenom_05"":50,""BillDenom_06"":100,""CoinDenom_01"":1,""CoinDenom_02"":5,""CoinDenom_03"":10,""CoinDenom_04"":25,""CoinDenom_05"":0,""CoinDenom_06"":0,""BillCount_01"":0,""BillCount_02"":0,""BillCount_03"":0,""BillCount_04"":0,""BillCount_05"":0,""BillCount_06"":5,""CoinCount_01"":0,""CoinCount_02"":0,""CoinCount_03"":0,""CoinCount_04"":0,""CoinCount_05"":0,""CoinCount_06"":0,""ManualPay"":0.0,""TransactionNumber"":0,""TransactionType"":""WDRAWTX""}}'",2025-05-31 17:48:45.873-07:00,2025053117480905,500.0,500.0,COMPLETED,2771,3485,nan,WDRAWTX,ATM
"___17:52:06 403002 ATM.     'Posting Transaction Result  0:{""type"":""ATM"",""accountType"":""CHEKAC"",""seqNumber"":""2025053117510905"",""Authorization"":{""AuthNumber"":""2772"",""ErrorCode"":""0"",""ErrorDescription"":""0"",""Fee"":4.95,""OrderId"":""2772"",""RegisterTime"":""2025-05-31T17:52:05.736-07:00"",""TransactionNumber"":2025053117510905},""Operation"":{""Amount"":60.0,""BillDespensed"":60.0,""CardNumber"":""1238"",""HostIP"":"""",""RegistrationDatetime"":""2025-05-31T17:52:05.736-07:00"",""SequenceNumber"":""2025053117510905"",""Status"":""COMPLETED""},""TransactionDetail"":{""Amount"":60.0,""DispensedTotal"":60.0,""BillDenom_01"":1,""BillDenom_02"":5,""BillDenom_03"":10,""BillDenom_04"":20,""BillDenom_05"":50,""BillDenom_06"":100,""CoinDenom_01"":1,""CoinDenom_02"":5,""CoinDenom_03"":10,""CoinDenom_04"":25,""CoinDenom_05"":0,""CoinDenom_06"":0,""BillCount_01"":0,""BillCount_02"":0,""BillCount_03"":0,""BillCount_04"":3,""BillCount_05"":0,""BillCount_06"":0,""CoinCount_01"":0,""CoinCount_02"":0,""CoinCount_03"":0,""CoinCount_04"":0,""CoinCount_05"":0,""CoinCount_06"":0,""ManualPay"":0.0,""TransactionNumber"":0,""TransactionType"":""WDRAWTX""}}'",2025-05-31 17:52:05.736-07:00,2025053117510905,60.0,60.0,COMPLETED,2772,1238,nan,WDRAWTX,ATM
"___17:57:00 403002 ATM.     'Posting Transaction Result  0:{""type"":""ATM"",""accountType"":""CHEKAC"",""seqNumber"":""2025053117560705"",""Authorization"":{""AuthNumber"":""2773"",""ErrorCode"":""0"",""ErrorDescription"":""0"",""Fee"":4.95,""OrderId"":""2773"",""RegisterTime"":""2025-05-31T17:56:59.030-07:00"",""TransactionNumber"":2025053117560705},""Operation"":{""Amount"":100.0,""BillDespensed"":100.0,""CardNumber"":""3514"",""HostIP"":"""",""RegistrationDatetime"":""2025-05-31T17:56:59.030-07:00"",""SequenceNumber"":""2025053117560705"",""Status"":""COMPLETED""},""TransactionDetail"":{""Amount"":100.0,""DispensedTotal"":100.0,""BillDenom_01"":1,""BillDenom_02"":5,""BillDenom_03"":10,""BillDenom_04"":20,""BillDenom_05"":50,""BillDenom_06"":100,""CoinDenom_01"":1,""CoinDenom_02"":5,""CoinDenom_03"":10,""CoinDenom_04"":25,""CoinDenom_05"":0,""CoinDenom_06"":0,""BillCount_01"":0,""BillCount_02"":0,""BillCount_03"":0,""BillCount_04"":0,""BillCount_05"":0,""BillCount_06"":1,""CoinCount_01"":0,""CoinCount_02"":0,""CoinCount_03"":0,""CoinCount_04"":0,""CoinCount_05"":0,""CoinCount_06"":0,""ManualPay"":0.0,""TransactionNumber"":0,""TransactionType"":""WDRAWTX""}}'",2025-05-31 17:56:59.030-07:00,2025053117560705,100.0,100.0,COMPLETED,2773,3514,nan,WDRAWTX,ATM
"___17:58:32 403002 ATM.     'Posting Transaction Result  0:{""type"":""ATM"",""accountType"":""CHEKAC"",""seqNumber"":""2025053117581105"",""Authorization"":{""ErrorCode"":""0"",""ErrorDescription"":""0"",""Fee"":0.0,""RegisterTime"":""2025-05-31T17:58:32.141-07:00"",""TransactionNumber"":2025053117581105},""Operation"":{""Amount"":60.0,""BillDespensed"":0.0,""CardNumber"":""1851"",""HostIP"":"""",""RegistrationDatetime"":""2025-05-31T17:58:32.141-07:00"",""SequenceNumber"":""2025053117581105"",""Status"":""DENIED""},""TransactionDetail"":{""Amount"":60.0,""DispensedTotal"":0.0,""BillDenom_01"":1,""BillDenom_02"":5,""BillDenom_03"":10,""BillDenom_04"":20,""BillDenom_05"":50,""BillDenom_06"":100,""CoinDenom_01"":1,""CoinDenom_02"":5,""CoinDenom_03"":10,""CoinDenom_04"":25,""CoinDenom_05"":0,""CoinDenom_06"":0,""BillCount_01"":0,""BillCount_02"":0,""BillCount_03"":0,""BillCount_04"":0,""BillCount_05"":0,""BillCount_06"":0,""CoinCount_01"":0,""CoinCount_02"":0,""CoinCount_03"":0,""CoinCount_04"":0,""CoinCount_05"":0,""CoinCount_06"":0,""ManualPay"":0.0,""TransactionNumber"":0,""TransactionType"":""WDRAWTX""}}'",2025-05-31 17:58:32.141-07:00,2025053117581105,60.0,0.0,DENIED,nan,1851,nan,WDRAWTX,ATM
"___18:00:09 403002 ATM.     'Posting Transaction Result  0:{""type"":""ATM"",""accountType"":""CHEKAC"",""seqNumber"":""2025053117593405"",""Authorization"":{""AuthNumber"":""2775"",""ErrorCode"":""0"",""ErrorDescription"":""0"",""Fee"":4.95,""OrderId"":""2775"",""RegisterTime"":""2025-05-31T18:00:09.627-07:00"",""TransactionNumber"":2025053117593405},""Operation"":{""Amount"":60.0,""BillDespensed"":60.0,""CardNumber"":""3267"",""HostIP"":"""",""RegistrationDatetime"":""2025-05-31T18:00:09.627-07:00"",""SequenceNumber"":""2025053117593405"",""Status"":""COMPLETED""},""TransactionDetail"":{""Amount"":60.0,""DispensedTotal"":60.0,""BillDenom_01"":1,""BillDenom_02"":5,""BillDenom_03"":10,""BillDenom_04"":20,""BillDenom_05"":50,""BillDenom_06"":100,""CoinDenom_01"":1,""CoinDenom_02"":5,""CoinDenom_03"":10,""CoinDenom_04"":25,""CoinDenom_05"":0,""CoinDenom_06"":0,""BillCount_01"":0,""BillCount_02"":0,""BillCount_03"":0,""BillCount_04"":3,""BillCount_05"":0,""BillCount_06"":0,""CoinCount_01"":0,""CoinCount_02"":0,""CoinCount_03"":0,""CoinCount_04"":0,""CoinCount_05"":0,""CoinCount_06"":0,""ManualPay"":0.0,""TransactionNumber"":0,""TransactionType"":""WDRAWTX""}}'",2025-05-31 18:00:09.627-07:00,2025053117593405,60.0,60.0,COMPLETED,2775,3267,nan,WDRAWTX,ATM
"___18:13:20 403002 ATM.     'Posting Transaction Result  0:{""type"":""ATM"",""accountType"":""CHEKAC"",""seqNumber"":""2025053118121805"",""Authorization"":{""AuthNumber"":""2776"",""ErrorCode"":""0"",""ErrorDescription"":""0"",""Fee"":4.95,""OrderId"":""2776"",""RegisterTime"":""2025-05-31T18:13:19.281-07:00"",""TransactionNumber"":2025053118121805},""Operation"":{""Amount"":60.0,""BillDespensed"":60.0,""CardNumber"":""9997"",""HostIP"":"""",""RegistrationDatetime"":""2025-05-31T18:13:19.281-07:00"",""SequenceNumber"":""2025053118121805"",""Status"":""COMPLETED""},""TransactionDetail"":{""Amount"":60.0,""DispensedTotal"":60.0,""BillDenom_01"":1,""BillDenom_02"":5,""BillDenom_03"":10,""BillDenom_04"":20,""BillDenom_05"":50,""BillDenom_06"":100,""CoinDenom_01"":1,""CoinDenom_02"":5,""CoinDenom_03"":10,""CoinDenom_04"":25,""CoinDenom_05"":0,""CoinDenom_06"":0,""BillCount_01"":0,""BillCount_02"":0,""BillCount_03"":0,""BillCount_04"":3,""BillCount_05"":0,""BillCount_06"":0,""CoinCount_01"":0,""CoinCount_02"":0,""CoinCount_03"":0,""CoinCount_04"":0,""CoinCount_05"":0,""CoinCount_06"":0,""ManualPay"":0.0,""TransactionNumber"":0,""TransactionType"":""WDRAWTX""}}'",2025-05-31 18:13:19.281-07:00,2025053118121805,60.0,60.0,COMPLETED,2776,9997,nan,WDRAWTX,ATM
"___18:14:30 403002 ATM.     'Posting Transaction Result  0:{""type"":""ATM"",""accountType"":""CHEKAC"",""seqNumber"":""2025053118141505"",""Authorization"":{""ErrorCode"":""0"",""ErrorDescription"":""0"",""Fee"":0.0,""RegisterTime"":""2025-05-31T18:14:30.479-07:00"",""TransactionNumber"":2025053118141505},""Operation"":{""Amount"":200.0,""BillDespensed"":0.0,""CardNumber"":""2392"",""HostIP"":"""",""RegistrationDatetime"":""2025-05-31T18:14:30.479-07:00"",""SequenceNumber"":""2025053118141505"",""Status"":""DENIED""},""TransactionDetail"":{""Amount"":200.0,""DispensedTotal"":0.0,""BillDenom_01"":1,""BillDenom_02"":5,""BillDenom_03"":10,""BillDenom_04"":20,""BillDenom_05"":50,""BillDenom_06"":100,""CoinDenom_01"":1,""CoinDenom_02"":5,""CoinDenom_03"":10,""CoinDenom_04"":25,""CoinDenom_05"":0,""CoinDenom_06"":0,""BillCount_01"":0,""BillCount_02"":0,""BillCount_03"":0,""BillCount_04"":0,""BillCount_05"":0,""BillCount_06"":0,""CoinCount_01"":0,""CoinCount_02"":0,""CoinCount_03"":0,""CoinCount_04"":0,""CoinCount_05"":0,""CoinCount_06"":0,""ManualPay"":0.0,""TransactionNumber"":0,""TransactionType"":""WDRAWTX""}}'",2025-05-31 18:14:30.479-07:00,2025053118141505,200.0,0.0,DENIED,nan,2392,nan,WDRAWTX,ATM
"___18:21:05 403002 ATM.     'Posting Transaction Result  0:{""type"":""ATM"",""accountType"":""CHEKAC"",""seqNumber"":""2025053118204505"",""Authorization"":{""ErrorCode"":""0"",""ErrorDescription"":""0"",""Fee"":0.0,""RegisterTime"":""2025-05-31T18:21:05.065-07:00"",""TransactionNumber"":2025053118204505},""Operation"":{""Amount"":200.0,""BillDespensed"":0.0,""CardNumber"":""4876"",""HostIP"":"""",""RegistrationDatetime"":""2025-05-31T18:21:05.065-07:00"",""SequenceNumber"":""2025053118204505"",""Status"":""DENIED""},""TransactionDetail"":{""Amount"":200.0,""DispensedTotal"":0.0,""BillDenom_01"":1,""BillDenom_02"":5,""BillDenom_03"":10,""BillDenom_04"":20,""BillDenom_05"":50,""BillDenom_06"":100,""CoinDenom_01"":1,""CoinDenom_02"":5,""CoinDenom_03"":10,""CoinDenom_04"":25,""CoinDenom_05"":0,""CoinDenom_06"":0,""BillCount_01"":0,""BillCount_02"":0,""BillCount_03"":0,""BillCount_04"":0,""BillCount_05"":0,""BillCount_06"":0,""CoinCount_01"":0,""CoinCount_02"":0,""CoinCount_03"":0,""CoinCount_04"":0,""CoinCount_05"":0,""CoinCount_06"":0,""ManualPay"":0.0,""TransactionNumber"":0,""TransactionType"":""WDRAWTX""}}'",2025-05-31 18:21:05.065-07:00,2025053118204505,200.0,0.0,DENIED,nan,4876,nan,WDRAWTX,ATM
"___18:45:17 403002 ATM.     'Posting Transaction Result  0:{""type"":""ATM"",""accountType"":""CHEKAC"",""seqNumber"":""2025053118444205"",""Authorization"":{""AuthNumber"":""2781"",""ErrorCode"":""0"",""ErrorDescription"":""0"",""Fee"":4.95,""OrderId"":""2781"",""RegisterTime"":""2025-05-31T18:45:17.203-07:00"",""TransactionNumber"":2025053118444205},""Operation"":{""Amount"":100.0,""BillDespensed"":100.0,""CardNumber"":""0749"",""HostIP"":"""",""RegistrationDatetime"":""2025-05-31T18:45:17.203-07:00"",""SequenceNumber"":""2025053118444205"",""Status"":""COMPLETED""},""TransactionDetail"":{""Amount"":100.0,""DispensedTotal"":100.0,""BillDenom_01"":1,""BillDenom_02"":5,""BillDenom_03"":10,""BillDenom_04"":20,""BillDenom_05"":50,""BillDenom_06"":100,""CoinDenom_01"":1,""CoinDenom_02"":5,""CoinDenom_03"":10,""CoinDenom_04"":25,""CoinDenom_05"":0,""CoinDenom_06"":0,""BillCount_01"":0,""BillCount_02"":0,""BillCount_03"":0,""BillCount_04"":0,""BillCount_05"":0,""BillCount_06"":1,""CoinCount_01"":0,""CoinCount_02"":0,""CoinCount_03"":0,""CoinCount_04"":0,""CoinCount_05"":0,""CoinCount_06"":0,""ManualPay"":0.0,""TransactionNumber"":0,""TransactionType"":""WDRAWTX""}}'",2025-05-31 18:45:17.203-07:00,2025053118444205,100.0,100.0,COMPLETED,2781,0749,nan,WDRAWTX,ATM
"___18:50:54 403002 ATM.     'Posting Transaction Result  0:{""type"":""ATM"",""accountType"":""CHEKAC"",""seqNumber"":""2025053118501605"",""Authorization"":{""AuthNumber"":""2782"",""ErrorCode"":""0"",""ErrorDescription"":""0"",""Fee"":4.95,""OrderId"":""2782"",""RegisterTime"":""2025-05-31T18:50:54.833-07:00"",""TransactionNumber"":2025053118501605},""Operation"":{""Amount"":100.0,""BillDespensed"":100.0,""CardNumber"":""7427"",""HostIP"":"""",""RegistrationDatetime"":""2025-05-31T18:50:54.833-07:00"",""SequenceNumber"":""2025053118501605"",""Status"":""COMPLETED""},""TransactionDetail"":{""Amount"":100.0,""DispensedTotal"":100.0,""BillDenom_01"":1,""BillDenom_02"":5,""BillDenom_03"":10,""BillDenom_04"":20,""BillDenom_05"":50,""BillDenom_06"":100,""CoinDenom_01"":1,""CoinDenom_02"":5,""CoinDenom_03"":10,""CoinDenom_04"":25,""CoinDenom_05"":0,""CoinDenom_06"":0,""BillCount_01"":0,""BillCount_02"":0,""BillCount_03"":0,""BillCount_04"":0,""BillCount_05"":0,""BillCount_06"":1,""CoinCount_01"":0,""CoinCount_02"":0,""CoinCount_03"":0,""CoinCount_04"":0,""CoinCount_05"":0,""CoinCount_06"":0,""ManualPay"":0.0,""TransactionNumber"":0,""TransactionType"":""WDRAWTX""}}'",2025-05-31 18:50:54.833-07:00,2025053118501605,100.0,100.0,COMPLETED,2782,7427,nan,WDRAWTX,ATM
"___18:58:04 403002 ATM.     'Posting Transaction Result  0:{""type"":""ATM"",""accountType"":""CHEKAC"",""seqNumber"":""2025053118571205"",""Authorization"":{""AuthNumber"":""2783"",""ErrorCode"":""0"",""ErrorDescription"":""0"",""Fee"":4.95,""OrderId"":""2783"",""RegisterTime"":""2025-05-31T18:58:04.052-07:00"",""TransactionNumber"":2025053118571205},""Operation"":{""Amount"":60.0,""BillDespensed"":60.0,""CardNumber"":""8259"",""HostIP"":"""",""RegistrationDatetime"":""2025-05-31T18:58:04.052-07:00"",""SequenceNumber"":""2025053118571205"",""Status"":""COMPLETED""},""TransactionDetail"":{""Amount"":60.0,""DispensedTotal"":60.0,""BillDenom_01"":1,""BillDenom_02"":5,""BillDenom_03"":10,""BillDenom_04"":20,""BillDenom_05"":50,""BillDenom_06"":100,""CoinDenom_01"":1,""CoinDenom_02"":5,""CoinDenom_03"":10,""CoinDenom_04"":25,""CoinDenom_05"":0,""CoinDenom_06"":0,""BillCount_01"":0,""BillCount_02"":0,""BillCount_03"":0,""BillCount_04"":3,""BillCount_05"":0,""BillCount_06"":0,""CoinCount_01"":0,""CoinCount_02"":0,""CoinCount_03"":0,""CoinCount_04"":0,""CoinCount_05"":0,""CoinCount_06"":0,""ManualPay"":0.0,""TransactionNumber"":0,""TransactionType"":""WDRAWTX""}}'",2025-05-31 18:58:04.052-07:00,2025053118571205,60.0,60.0,COMPLETED,2783,8259,nan,WDRAWTX,ATM
"___19:04:27 403002 ATM.     'Posting Transaction Result  0:{""type"":""ATM"",""accountType"":""CHEKAC"",""seqNumber"":""2025053119031905"",""Authorization"":{""AuthNumber"":""2784"",""ErrorCode"":""0"",""ErrorDescription"":""0"",""Fee"":4.95,""OrderId"":""2784"",""RegisterTime"":""2025-05-31T19:04:27.644-07:00"",""TransactionNumber"":2025053119031905},""Operation"":{""Amount"":500.0,""BillDespensed"":500.0,""CardNumber"":""7774"",""HostIP"":"""",""RegistrationDatetime"":""2025-05-31T19:04:27.644-07:00"",""SequenceNumber"":""2025053119031905"",""Status"":""COMPLETED""},""TransactionDetail"":{""Amount"":500.0,""DispensedTotal"":500.0,""BillDenom_01"":1,""BillDenom_02"":5,""BillDenom_03"":10,""BillDenom_04"":20,""BillDenom_05"":50,""BillDenom_06"":100,""CoinDenom_01"":1,""CoinDenom_02"":5,""CoinDenom_03"":10,""CoinDenom_04"":25,""CoinDenom_05"":0,""CoinDenom_06"":0,""BillCount_01"":0,""BillCount_02"":0,""BillCount_03"":0,""BillCount_04"":0,""BillCount_05"":0,""BillCount_06"":5,""CoinCount_01"":0,""CoinCount_02"":0,""CoinCount_03"":0,""CoinCount_04"":0,""CoinCount_05"":0,""CoinCount_06"":0,""ManualPay"":0.0,""TransactionNumber"":0,""TransactionType"":""WDRAWTX""}}'",2025-05-31 19:04:27.644-07:00,2025053119031905,500.0,500.0,COMPLETED,2784,7774,nan,WDRAWTX,ATM
"___19:06:10 403002 ATM.     'Posting Transaction Result  0:{""type"":""ATM"",""accountType"":""CHEKAC"",""seqNumber"":""2025053119053805"",""Authorization"":{""AuthNumber"":""2785"",""ErrorCode"":""0"",""ErrorDescription"":""0"",""Fee"":4.95,""OrderId"":""2785"",""RegisterTime"":""2025-05-31T19:06:10.200-07:00"",""TransactionNumber"":2025053119053805},""Operation"":{""Amount"":140.0,""BillDespensed"":140.0,""CardNumber"":""2694"",""HostIP"":"""",""RegistrationDatetime"":""2025-05-31T19:06:10.200-07:00"",""SequenceNumber"":""2025053119053805"",""Status"":""COMPLETED""},""TransactionDetail"":{""Amount"":140.0,""DispensedTotal"":140.0,""BillDenom_01"":1,""BillDenom_02"":5,""BillDenom_03"":10,""BillDenom_04"":20,""BillDenom_05"":50,""BillDenom_06"":100,""CoinDenom_01"":1,""CoinDenom_02"":5,""CoinDenom_03"":10,""CoinDenom_04"":25,""CoinDenom_05"":0,""CoinDenom_06"":0,""BillCount_01"":0,""BillCount_02"":0,""BillCount_03"":0,""BillCount_04"":2,""BillCount_05"":0,""BillCount_06"":1,""CoinCount_01"":0,""CoinCount_02"":0,""CoinCount_03"":0,""CoinCount_04"":0,""CoinCount_05"":0,""CoinCount_06"":0,""ManualPay"":0.0,""TransactionNumber"":0,""TransactionType"":""WDRAWTX""}}'",2025-05-31 19:06:10.200-07:00,2025053119053805,140.0,140.0,COMPLETED,2785,2694,nan,WDRAWTX,ATM
"___19:12:51 403002 ATM.     'Posting Transaction Result  0:{""type"":""ATM"",""accountType"":""CHEKAC"",""seqNumber"":""2025053119121605"",""Authorization"":{""ErrorCode"":""0"",""ErrorDescription"":""0"",""Fee"":0.0,""RegisterTime"":""2025-05-31T19:12:51.499-07:00"",""TransactionNumber"":2025053119121605},""Operation"":{""Amount"":200.0,""BillDespensed"":0.0,""CardNumber"":""0869"",""HostIP"":"""",""RegistrationDatetime"":""2025-05-31T19:12:51.499-07:00"",""SequenceNumber"":""2025053119121605"",""Status"":""DENIED""},""TransactionDetail"":{""Amount"":200.0,""DispensedTotal"":0.0,""BillDenom_01"":1,""BillDenom_02"":5,""BillDenom_03"":10,""BillDenom_04"":20,""BillDenom_05"":50,""BillDenom_06"":100,""CoinDenom_01"":1,""CoinDenom_02"":5,""CoinDenom_03"":10,""CoinDenom_04"":25,""CoinDenom_05"":0,""CoinDenom_06"":0,""BillCount_01"":0,""BillCount_02"":0,""BillCount_03"":0,""BillCount_04"":0,""BillCount_05"":0,""BillCount_06"":0,""CoinCount_01"":0,""CoinCount_02"":0,""CoinCount_03"":0,""CoinCount_04"":0,""CoinCount_05"":0,""CoinCount_06"":0,""ManualPay"":0.0,""TransactionNumber"":0,""TransactionType"":""WDRAWTX""}}'",2025-05-31 19:12:51.499-07:00,2025053119121605,200.0,0.0,DENIED,nan,0869,nan,WDRAWTX,ATM
"___19:14:55 403002 ATM.     'Posting Transaction Result  0:{""type"":""ATM"",""accountType"":""CHEKAC"",""seqNumber"":""2025053119141405"",""Authorization"":{""AuthNumber"":""2787"",""ErrorCode"":""0"",""ErrorDescription"":""0"",""Fee"":4.95,""OrderId"":""2787"",""RegisterTime"":""2025-05-31T19:14:55.043-07:00"",""TransactionNumber"":2025053119141405},""Operation"":{""Amount"":200.0,""BillDespensed"":200.0,""CardNumber"":""0869"",""HostIP"":"""",""RegistrationDatetime"":""2025-05-31T19:14:55.043-07:00"",""SequenceNumber"":""2025053119141405"",""Status"":""COMPLETED""},""TransactionDetail"":{""Amount"":200.0,""DispensedTotal"":200.0,""BillDenom_01"":1,""BillDenom_02"":5,""BillDenom_03"":10,""BillDenom_04"":20,""BillDenom_05"":50,""BillDenom_06"":100,""CoinDenom_01"":1,""CoinDenom_02"":5,""CoinDenom_03"":10,""CoinDenom_04"":25,""CoinDenom_05"":0,""CoinDenom_06"":0,""BillCount_01"":0,""BillCount_02"":0,""BillCount_03"":0,""BillCount_04"":0,""BillCount_05"":0,""BillCount_06"":2,""CoinCount_01"":0,""CoinCount_02"":0,""CoinCount_03"":0,""CoinCount_04"":0,""CoinCount_05"":0,""CoinCount_06"":0,""ManualPay"":0.0,""TransactionNumber"":0,""TransactionType"":""WDRAWTX""}}'",2025-05-31 19:14:55.043-07:00,2025053119141405,200.0,200.0,COMPLETED,2787,0869,nan,WDRAWTX,ATM
"___19:27:41 403002 ATM.     'Posting Transaction Result  0:{""type"":""ATM"",""accountType"":""CHEKAC"",""seqNumber"":""2025053119272305"",""Authorization"":{""ErrorCode"":""0"",""ErrorDescription"":""0"",""Fee"":0.0,""RegisterTime"":""2025-05-31T19:27:41.221-07:00"",""TransactionNumber"":2025053119272305},""Operation"":{""Amount"":20.0,""BillDespensed"":0.0,""CardNumber"":""6599"",""HostIP"":"""",""RegistrationDatetime"":""2025-05-31T19:27:41.221-07:00"",""SequenceNumber"":""2025053119272305"",""Status"":""DENIED""},""TransactionDetail"":{""Amount"":20.0,""DispensedTotal"":0.0,""BillDenom_01"":1,""BillDenom_02"":5,""BillDenom_03"":10,""BillDenom_04"":20,""BillDenom_05"":50,""BillDenom_06"":100,""CoinDenom_01"":1,""CoinDenom_02"":5,""CoinDenom_03"":10,""CoinDenom_04"":25,""CoinDenom_05"":0,""CoinDenom_06"":0,""BillCount_01"":0,""BillCount_02"":0,""BillCount_03"":0,""BillCount_04"":0,""BillCount_05"":0,""BillCount_06"":0,""CoinCount_01"":0,""CoinCount_02"":0,""CoinCount_03"":0,""CoinCount_04"":0,""CoinCount_05"":0,""CoinCount_06"":0,""ManualPay"":0.0,""TransactionNumber"":0,""TransactionType"":""WDRAWTX""}}'",2025-05-31 19:27:41.221-07:00,2025053119272305,20.0,0.0,DENIED,nan,6599,nan,WDRAWTX,ATM
"___19:29:05 403002 ATM.     'Posting Transaction Result  0:{""type"":""ATM"",""accountType"":""CHEKAC"",""seqNumber"":""2025053119284805"",""Authorization"":{""ErrorCode"":""0"",""ErrorDescription"":""0"",""Fee"":0.0,""RegisterTime"":""2025-05-31T19:29:05.243-07:00"",""TransactionNumber"":2025053119284805},""Operation"":{""Amount"":0.0,""BillDespensed"":0.0,""CardNumber"":""8825"",""HostIP"":"""",""RegistrationDatetime"":""2025-05-31T19:29:05.243-07:00"",""SequenceNumber"":""2025053119284805"",""Status"":""COMPLETED""},""TransactionDetail"":{""Amount"":0.0,""DispensedTotal"":0.0,""BillDenom_01"":1,""BillDenom_02"":5,""BillDenom_03"":10,""BillDenom_04"":20,""BillDenom_05"":50,""BillDenom_06"":100,""CoinDenom_01"":1,""CoinDenom_02"":5,""CoinDenom_03"":10,""CoinDenom_04"":25,""CoinDenom_05"":0,""CoinDenom_06"":0,""BillCount_01"":0,""BillCount_02"":0,""BillCount_03"":0,""BillCount_04"":0,""BillCount_05"":0,""BillCount_06"":0,""CoinCount_01"":0,""CoinCount_02"":0,""CoinCount_03"":0,""CoinCount_04"":0,""CoinCount_05"":0,""CoinCount_06"":0,""ManualPay"":0.0,""TransactionNumber"":0,""TransactionType"":""BLNCINQRTX""}}'",2025-05-31 19:29:05.243-07:00,2025053119284805,0.0,0.0,COMPLETED,nan,8825,nan,BLNCINQRTX,ATM
"___19:29:41 403002 ATM.     'Posting Transaction Result  0:{""type"":""ATM"",""accountType"":""CHEKAC"",""seqNumber"":""2025053119292405"",""Authorization"":{""ErrorCode"":""0"",""ErrorDescription"":""0"",""Fee"":0.0,""RegisterTime"":""2025-05-31T19:29:41.327-07:00"",""TransactionNumber"":2025053119292405},""Operation"":{""Amount"":100.0,""BillDespensed"":0.0,""CardNumber"":""8825"",""HostIP"":"""",""RegistrationDatetime"":""2025-05-31T19:29:41.327-07:00"",""SequenceNumber"":""2025053119292405"",""Status"":""DENIED""},""TransactionDetail"":{""Amount"":100.0,""DispensedTotal"":0.0,""BillDenom_01"":1,""BillDenom_02"":5,""BillDenom_03"":10,""BillDenom_04"":20,""BillDenom_05"":50,""BillDenom_06"":100,""CoinDenom_01"":1,""CoinDenom_02"":5,""CoinDenom_03"":10,""CoinDenom_04"":25,""CoinDenom_05"":0,""CoinDenom_06"":0,""BillCount_01"":0,""BillCount_02"":0,""BillCount_03"":0,""BillCount_04"":0,""BillCount_05"":0,""BillCount_06"":0,""CoinCount_01"":0,""CoinCount_02"":0,""CoinCount_03"":0,""CoinCount_04"":0,""CoinCount_05"":0,""CoinCount_06"":0,""ManualPay"":0.0,""TransactionNumber"":0,""TransactionType"":""WDRAWTX""}}'",2025-05-31 19:29:41.327-07:00,2025053119292405,100.0,0.0,DENIED,nan,8825,nan,WDRAWTX,ATM
"___19:36:32 403002 ATM.     'Posting Transaction Result  0:{""type"":""ATM"",""accountType"":""CHEKAC"",""seqNumber"":""2025053119354205"",""Authorization"":{""AuthNumber"":""2791"",""ErrorCode"":""0"",""ErrorDescription"":""0"",""Fee"":4.95,""OrderId"":""2791"",""RegisterTime"":""2025-05-31T19:36:32.312-07:00"",""TransactionNumber"":2025053119354205},""Operation"":{""Amount"":200.0,""BillDespensed"":200.0,""CardNumber"":""4227"",""HostIP"":"""",""RegistrationDatetime"":""2025-05-31T19:36:32.312-07:00"",""SequenceNumber"":""2025053119354205"",""Status"":""COMPLETED""},""TransactionDetail"":{""Amount"":200.0,""DispensedTotal"":200.0,""BillDenom_01"":1,""BillDenom_02"":5,""BillDenom_03"":10,""BillDenom_04"":20,""BillDenom_05"":50,""BillDenom_06"":100,""CoinDenom_01"":1,""CoinDenom_02"":5,""CoinDenom_03"":10,""CoinDenom_04"":25,""CoinDenom_05"":0,""CoinDenom_06"":0,""BillCount_01"":0,""BillCount_02"":0,""BillCount_03"":0,""BillCount_04"":0,""BillCount_05"":0,""BillCount_06"":2,""CoinCount_01"":0,""CoinCount_02"":0,""CoinCount_03"":0,""CoinCount_04"":0,""CoinCount_05"":0,""CoinCount_06"":0,""ManualPay"":0.0,""TransactionNumber"":0,""TransactionType"":""WDRAWTX""}}'",2025-05-31 19:36:32.312-07:00,2025053119354205,200.0,200.0,COMPLETED,2791,4227,nan,WDRAWTX,ATM
"___19:42:11 403002 ATM.     'Posting Transaction Result  0:{""type"":""ATM"",""accountType"":""CHEKAC"",""seqNumber"":""2025053119405905"",""Authorization"":{""AuthNumber"":""2792"",""ErrorCode"":""0"",""ErrorDescription"":""0"",""Fee"":4.95,""OrderId"":""2792"",""RegisterTime"":""2025-05-31T19:42:10.501-07:00"",""TransactionNumber"":2025053119405905},""Operation"":{""Amount"":500.0,""BillDespensed"":500.0,""CardNumber"":""3377"",""HostIP"":"""",""RegistrationDatetime"":""2025-05-31T19:42:10.501-07:00"",""SequenceNumber"":""2025053119405905"",""Status"":""COMPLETED""},""TransactionDetail"":{""Amount"":500.0,""DispensedTotal"":500.0,""BillDenom_01"":1,""BillDenom_02"":5,""BillDenom_03"":10,""BillDenom_04"":20,""BillDenom_05"":50,""BillDenom_06"":100,""CoinDenom_01"":1,""CoinDenom_02"":5,""CoinDenom_03"":10,""CoinDenom_04"":25,""CoinDenom_05"":0,""CoinDenom_06"":0,""BillCount_01"":0,""BillCount_02"":0,""BillCount_03"":0,""BillCount_04"":0,""BillCount_05"":0,""BillCount_06"":5,""CoinCount_01"":0,""CoinCount_02"":0,""CoinCount_03"":0,""CoinCount_04"":0,""CoinCount_05"":0,""CoinCount_06"":0,""ManualPay"":0.0,""TransactionNumber"":0,""TransactionType"":""WDRAWTX""}}'",2025-05-31 19:42:10.501-07:00,2025053119405905,500.0,500.0,COMPLETED,2792,3377,nan,WDRAWTX,ATM
"___19:50:24 403002 ATM.     'Posting Transaction Result  0:{""type"":""ATM"",""accountType"":""CHEKAC"",""seqNumber"":""2025053119492605"",""Authorization"":{""AuthNumber"":""2793"",""ErrorCode"":""0"",""ErrorDescription"":""0"",""Fee"":4.95,""OrderId"":""2793"",""RegisterTime"":""2025-05-31T19:50:24.703-07:00"",""TransactionNumber"":2025053119492605},""Operation"":{""Amount"":400.0,""BillDespensed"":400.0,""CardNumber"":""7616"",""HostIP"":"""",""RegistrationDatetime"":""2025-05-31T19:50:24.703-07:00"",""SequenceNumber"":""2025053119492605"",""Status"":""COMPLETED""},""TransactionDetail"":{""Amount"":400.0,""DispensedTotal"":400.0,""BillDenom_01"":1,""BillDenom_02"":5,""BillDenom_03"":10,""BillDenom_04"":20,""BillDenom_05"":50,""BillDenom_06"":100,""CoinDenom_01"":1,""CoinDenom_02"":5,""CoinDenom_03"":10,""CoinDenom_04"":25,""CoinDenom_05"":0,""CoinDenom_06"":0,""BillCount_01"":0,""BillCount_02"":0,""BillCount_03"":0,""BillCount_04"":0,""BillCount_05"":0,""BillCount_06"":4,""CoinCount_01"":0,""CoinCount_02"":0,""CoinCount_03"":0,""CoinCount_04"":0,""CoinCount_05"":0,""CoinCount_06"":0,""ManualPay"":0.0,""TransactionNumber"":0,""TransactionType"":""WDRAWTX""}}'",2025-05-31 19:50:24.703-07:00,2025053119492605,400.0,400.0,COMPLETED,2793,7616,nan,WDRAWTX,ATM
"___19:56:07 403002 ATM.     'Posting Transaction Result  0:{""type"":""ATM"",""accountType"":""CHEKAC"",""seqNumber"":""2025053119554205"",""Authorization"":{""ErrorCode"":""0"",""ErrorDescription"":""0"",""Fee"":0.0,""RegisterTime"":""2025-05-31T19:56:07.362-07:00"",""TransactionNumber"":2025053119554205},""Operation"":{""Amount"":100.0,""BillDespensed"":0.0,""CardNumber"":""5439"",""HostIP"":"""",""RegistrationDatetime"":""2025-05-31T19:56:07.362-07:00"",""SequenceNumber"":""2025053119554205"",""Status"":""DENIED""},""TransactionDetail"":{""Amount"":100.0,""DispensedTotal"":0.0,""BillDenom_01"":1,""BillDenom_02"":5,""BillDenom_03"":10,""BillDenom_04"":20,""BillDenom_05"":50,""BillDenom_06"":100,""CoinDenom_01"":1,""CoinDenom_02"":5,""CoinDenom_03"":10,""CoinDenom_04"":25,""CoinDenom_05"":0,""CoinDenom_06"":0,""BillCount_01"":0,""BillCount_02"":0,""BillCount_03"":0,""BillCount_04"":0,""BillCount_05"":0,""BillCount_06"":0,""CoinCount_01"":0,""CoinCount_02"":0,""CoinCount_03"":0,""CoinCount_04"":0,""CoinCount_05"":0,""CoinCount_06"":0,""ManualPay"":0.0,""TransactionNumber"":0,""TransactionType"":""WDRAWTX""}}'",2025-05-31 19:56:07.362-07:00,2025053119554205,100.0,0.0,DENIED,nan,5439,nan,WDRAWTX,ATM
"___19:58:25 403002 ATM.     'Posting Transaction Result  0:{""type"":""ATM"",""accountType"":""CHEKAC"",""seqNumber"":""2025053119580905"",""Authorization"":{""ErrorCode"":""0"",""ErrorDescription"":""0"",""Fee"":0.0,""RegisterTime"":""2025-05-31T19:58:25.375-07:00"",""TransactionNumber"":2025053119580905},""Operation"":{""Amount"":100.0,""BillDespensed"":0.0,""CardNumber"":""1485"",""HostIP"":"""",""RegistrationDatetime"":""2025-05-31T19:58:25.375-07:00"",""SequenceNumber"":""2025053119580905"",""Status"":""DENIED""},""TransactionDetail"":{""Amount"":100.0,""DispensedTotal"":0.0,""BillDenom_01"":1,""BillDenom_02"":5,""BillDenom_03"":10,""BillDenom_04"":20,""BillDenom_05"":50,""BillDenom_06"":100,""CoinDenom_01"":1,""CoinDenom_02"":5,""CoinDenom_03"":10,""CoinDenom_04"":25,""CoinDenom_05"":0,""CoinDenom_06"":0,""BillCount_01"":0,""BillCount_02"":0,""BillCount_03"":0,""BillCount_04"":0,""BillCount_05"":0,""BillCount_06"":0,""CoinCount_01"":0,""CoinCount_02"":0,""CoinCount_03"":0,""CoinCount_04"":0,""CoinCount_05"":0,""CoinCount_06"":0,""ManualPay"":0.0,""TransactionNumber"":0,""TransactionType"":""WDRAWTX""}}'",2025-05-31 19:58:25.375-07:00,2025053119580905,100.0,0.0,DENIED,nan,1485,nan,WDRAWTX,ATM
"___19:59:20 403002 ATM.     'Posting Transaction Result  0:{""type"":""ATM"",""accountType"":""CHEKAC"",""seqNumber"":""2025053119590705"",""Authorization"":{""ErrorCode"":""0"",""ErrorDescription"":""0"",""Fee"":0.0,""RegisterTime"":""2025-05-31T19:59:20.279-07:00"",""TransactionNumber"":2025053119590705},""Operation"":{""Amount"":100.0,""BillDespensed"":0.0,""CardNumber"":""1485"",""HostIP"":"""",""RegistrationDatetime"":""2025-05-31T19:59:20.279-07:00"",""SequenceNumber"":""2025053119590705"",""Status"":""DENIED""},""TransactionDetail"":{""Amount"":100.0,""DispensedTotal"":0.0,""BillDenom_01"":1,""BillDenom_02"":5,""BillDenom_03"":10,""BillDenom_04"":20,""BillDenom_05"":50,""BillDenom_06"":100,""CoinDenom_01"":1,""CoinDenom_02"":5,""CoinDenom_03"":10,""CoinDenom_04"":25,""CoinDenom_05"":0,""CoinDenom_06"":0,""BillCount_01"":0,""BillCount_02"":0,""BillCount_03"":0,""BillCount_04"":0,""BillCount_05"":0,""BillCount_06"":0,""CoinCount_01"":0,""CoinCount_02"":0,""CoinCount_03"":0,""CoinCount_04"":0,""CoinCount_05"":0,""CoinCount_06"":0,""ManualPay"":0.0,""TransactionNumber"":0,""TransactionType"":""WDRAWTX""}}'",2025-05-31 19:59:20.279-07:00,2025053119590705,100.0,0.0,DENIED,nan,1485,nan,WDRAWTX,ATM
"___20:00:54 403002 ATM.     'Posting Transaction Result  0:{""type"":""ATM"",""accountType"":""CHEKAC"",""seqNumber"":""2025053120003805"",""Authorization"":{""ErrorCode"":""0"",""ErrorDescription"":""0"",""Fee"":0.0,""RegisterTime"":""2025-05-31T20:00:54.728-07:00"",""TransactionNumber"":2025053120003805},""Operation"":{""Amount"":0.0,""BillDespensed"":0.0,""CardNumber"":""2916"",""HostIP"":"""",""RegistrationDatetime"":""2025-05-31T20:00:54.728-07:00"",""SequenceNumber"":""2025053120003805"",""Status"":""COMPLETED""},""TransactionDetail"":{""Amount"":0.0,""DispensedTotal"":0.0,""BillDenom_01"":1,""BillDenom_02"":5,""BillDenom_03"":10,""BillDenom_04"":20,""BillDenom_05"":50,""BillDenom_06"":100,""CoinDenom_01"":1,""CoinDenom_02"":5,""CoinDenom_03"":10,""CoinDenom_04"":25,""CoinDenom_05"":0,""CoinDenom_06"":0,""BillCount_01"":0,""BillCount_02"":0,""BillCount_03"":0,""BillCount_04"":0,""BillCount_05"":0,""BillCount_06"":0,""CoinCount_01"":0,""CoinCount_02"":0,""CoinCount_03"":0,""CoinCount_04"":0,""CoinCount_05"":0,""CoinCount_06"":0,""ManualPay"":0.0,""TransactionNumber"":0,""TransactionType"":""BLNCINQRTX""}}'",2025-05-31 20:00:54.728-07:00,2025053120003805,0.0,0.0,COMPLETED,nan,2916,nan,BLNCINQRTX,ATM
"___20:12:53 403002 ATM.     'Posting Transaction Result  0:{""type"":""ATM"",""accountType"":""CHEKAC"",""seqNumber"":""2025053120120805"",""Authorization"":{""AuthNumber"":""2798"",""ErrorCode"":""0"",""ErrorDescription"":""0"",""Fee"":4.95,""OrderId"":""2798"",""RegisterTime"":""2025-05-31T20:12:53.590-07:00"",""TransactionNumber"":2025053120120805},""Operation"":{""Amount"":200.0,""BillDespensed"":200.0,""CardNumber"":""5789"",""HostIP"":"""",""RegistrationDatetime"":""2025-05-31T20:12:53.590-07:00"",""SequenceNumber"":""2025053120120805"",""Status"":""COMPLETED""},""TransactionDetail"":{""Amount"":200.0,""DispensedTotal"":200.0,""BillDenom_01"":1,""BillDenom_02"":5,""BillDenom_03"":10,""BillDenom_04"":20,""BillDenom_05"":50,""BillDenom_06"":100,""CoinDenom_01"":1,""CoinDenom_02"":5,""CoinDenom_03"":10,""CoinDenom_04"":25,""CoinDenom_05"":0,""CoinDenom_06"":0,""BillCount_01"":0,""BillCount_02"":0,""BillCount_03"":0,""BillCount_04"":0,""BillCount_05"":0,""BillCount_06"":2,""CoinCount_01"":0,""CoinCount_02"":0,""CoinCount_03"":0,""CoinCount_04"":0,""CoinCount_05"":0,""CoinCount_06"":0,""ManualPay"":0.0,""TransactionNumber"":0,""TransactionType"":""WDRAWTX""}}'",2025-05-31 20:12:53.590-07:00,2025053120120805,200.0,200.0,COMPLETED,2798,5789,nan,WDRAWTX,ATM
"___20:21:51 403002 ATM.     'Posting Transaction Result  0:{""type"":""ATM"",""accountType"":""CHEKAC"",""seqNumber"":""2025053120213405"",""Authorization"":{""ErrorCode"":""0"",""ErrorDescription"":""0"",""Fee"":0.0,""RegisterTime"":""2025-05-31T20:21:51.500-07:00"",""TransactionNumber"":2025053120213405},""Operation"":{""Amount"":0.0,""BillDespensed"":0.0,""CardNumber"":""9352"",""HostIP"":"""",""RegistrationDatetime"":""2025-05-31T20:21:51.500-07:00"",""SequenceNumber"":""2025053120213405"",""Status"":""COMPLETED""},""TransactionDetail"":{""Amount"":0.0,""DispensedTotal"":0.0,""BillDenom_01"":1,""BillDenom_02"":5,""BillDenom_03"":10,""BillDenom_04"":20,""BillDenom_05"":50,""BillDenom_06"":100,""CoinDenom_01"":1,""CoinDenom_02"":5,""CoinDenom_03"":10,""CoinDenom_04"":25,""CoinDenom_05"":0,""CoinDenom_06"":0,""BillCount_01"":0,""BillCount_02"":0,""BillCount_03"":0,""BillCount_04"":0,""BillCount_05"":0,""BillCount_06"":0,""CoinCount_01"":0,""CoinCount_02"":0,""CoinCount_03"":0,""CoinCount_04"":0,""CoinCount_05"":0,""CoinCount_06"":0,""ManualPay"":0.0,""TransactionNumber"":0,""TransactionType"":""BLNCINQRTX""}}'",2025-05-31 20:21:51.500-07:00,2025053120213405,0.0,0.0,COMPLETED,nan,9352,nan,BLNCINQRTX,ATM
"___20:22:39 403002 ATM.     'Posting Transaction Result  0:{""type"":""ATM"",""accountType"":""CHEKAC"",""seqNumber"":""2025053120222505"",""Authorization"":{""ErrorCode"":""0"",""ErrorDescription"":""0"",""Fee"":0.0,""RegisterTime"":""2025-05-31T20:22:39.489-07:00"",""TransactionNumber"":2025053120222505},""Operation"":{""Amount"":400.0,""BillDespensed"":0.0,""CardNumber"":""9352"",""HostIP"":"""",""RegistrationDatetime"":""2025-05-31T20:22:39.489-07:00"",""SequenceNumber"":""2025053120222505"",""Status"":""DENIED""},""TransactionDetail"":{""Amount"":400.0,""DispensedTotal"":0.0,""BillDenom_01"":1,""BillDenom_02"":5,""BillDenom_03"":10,""BillDenom_04"":20,""BillDenom_05"":50,""BillDenom_06"":100,""CoinDenom_01"":1,""CoinDenom_02"":5,""CoinDenom_03"":10,""CoinDenom_04"":25,""CoinDenom_05"":0,""CoinDenom_06"":0,""BillCount_01"":0,""BillCount_02"":0,""BillCount_03"":0,""BillCount_04"":0,""BillCount_05"":0,""BillCount_06"":0,""CoinCount_01"":0,""CoinCount_02"":0,""CoinCount_03"":0,""CoinCount_04"":0,""CoinCount_05"":0,""CoinCount_06"":0,""ManualPay"":0.0,""TransactionNumber"":0,""TransactionType"":""WDRAWTX""}}'",2025-05-31 20:22:39.489-07:00,2025053120222505,400.0,0.0,DENIED,nan,9352,nan,WDRAWTX,ATM
"___20:36:24 403002 ATM.     'Posting Transaction Result  0:{""type"":""ATM"",""accountType"":""CHEKAC"",""seqNumber"":""2025053120355105"",""Authorization"":{""AuthNumber"":""2801"",""ErrorCode"":""0"",""ErrorDescription"":""0"",""Fee"":4.95,""OrderId"":""2801"",""RegisterTime"":""2025-05-31T20:36:24.781-07:00"",""TransactionNumber"":2025053120355105},""Operation"":{""Amount"":40.0,""BillDespensed"":40.0,""CardNumber"":""8082"",""HostIP"":"""",""RegistrationDatetime"":""2025-05-31T20:36:24.781-07:00"",""SequenceNumber"":""2025053120355105"",""Status"":""COMPLETED""},""TransactionDetail"":{""Amount"":40.0,""DispensedTotal"":40.0,""BillDenom_01"":1,""BillDenom_02"":5,""BillDenom_03"":10,""BillDenom_04"":20,""BillDenom_05"":50,""BillDenom_06"":100,""CoinDenom_01"":1,""CoinDenom_02"":5,""CoinDenom_03"":10,""CoinDenom_04"":25,""CoinDenom_05"":0,""CoinDenom_06"":0,""BillCount_01"":0,""BillCount_02"":0,""BillCount_03"":0,""BillCount_04"":2,""BillCount_05"":0,""BillCount_06"":0,""CoinCount_01"":0,""CoinCount_02"":0,""CoinCount_03"":0,""CoinCount_04"":0,""CoinCount_05"":0,""CoinCount_06"":0,""ManualPay"":0.0,""TransactionNumber"":0,""TransactionType"":""WDRAWTX""}}'",2025-05-31 20:36:24.781-07:00,2025053120355105,40.0,40.0,COMPLETED,2801,8082,nan,WDRAWTX,ATM
"___20:46:33 403002 ATM.     'Posting Transaction Result  0:{""type"":""ATM"",""accountType"":""CHEKAC"",""seqNumber"":""2025053120452705"",""Authorization"":{""AuthNumber"":""2802"",""ErrorCode"":""0"",""ErrorDescription"":""0"",""Fee"":4.95,""OrderId"":""2802"",""RegisterTime"":""2025-05-31T20:46:32.591-07:00"",""TransactionNumber"":2025053120452705},""Operation"":{""Amount"":500.0,""BillDespensed"":500.0,""CardNumber"":""1505"",""HostIP"":"""",""RegistrationDatetime"":""2025-05-31T20:46:32.591-07:00"",""SequenceNumber"":""2025053120452705"",""Status"":""COMPLETED""},""TransactionDetail"":{""Amount"":500.0,""DispensedTotal"":500.0,""BillDenom_01"":1,""BillDenom_02"":5,""BillDenom_03"":10,""BillDenom_04"":20,""BillDenom_05"":50,""BillDenom_06"":100,""CoinDenom_01"":1,""CoinDenom_02"":5,""CoinDenom_03"":10,""CoinDenom_04"":25,""CoinDenom_05"":0,""CoinDenom_06"":0,""BillCount_01"":0,""BillCount_02"":0,""BillCount_03"":0,""BillCount_04"":0,""BillCount_05"":0,""BillCount_06"":5,""CoinCount_01"":0,""CoinCount_02"":0,""CoinCount_03"":0,""CoinCount_04"":0,""CoinCount_05"":0,""CoinCount_06"":0,""ManualPay"":0.0,""TransactionNumber"":0,""TransactionType"":""WDRAWTX""}}'",2025-05-31 20:46:32.591-07:00,2025053120452705,500.0,500.0,COMPLETED,2802,1505,nan,WDRAWTX,ATM
"___20:56:39 403002 ATM.     'Posting Transaction Result  0:{""type"":""ATM"",""accountType"":""CHEKAC"",""seqNumber"":""2025053120554405"",""Authorization"":{""AuthNumber"":""2803"",""ErrorCode"":""0"",""ErrorDescription"":""0"",""Fee"":4.95,""OrderId"":""2803"",""RegisterTime"":""2025-05-31T20:56:38.292-07:00"",""TransactionNumber"":2025053120554405},""Operation"":{""Amount"":140.0,""BillDespensed"":140.0,""CardNumber"":""2447"",""HostIP"":"""",""RegistrationDatetime"":""2025-05-31T20:56:38.292-07:00"",""SequenceNumber"":""2025053120554405"",""Status"":""COMPLETED""},""TransactionDetail"":{""Amount"":140.0,""DispensedTotal"":140.0,""BillDenom_01"":1,""BillDenom_02"":5,""BillDenom_03"":10,""BillDenom_04"":20,""BillDenom_05"":50,""BillDenom_06"":100,""CoinDenom_01"":1,""CoinDenom_02"":5,""CoinDenom_03"":10,""CoinDenom_04"":25,""CoinDenom_05"":0,""CoinDenom_06"":0,""BillCount_01"":0,""BillCount_02"":0,""BillCount_03"":0,""BillCount_04"":2,""BillCount_05"":0,""BillCount_06"":1,""CoinCount_01"":0,""CoinCount_02"":0,""CoinCount_03"":0,""CoinCount_04"":0,""CoinCount_05"":0,""CoinCount_06"":0,""ManualPay"":0.0,""TransactionNumber"":0,""TransactionType"":""WDRAWTX""}}'",2025-05-31 20:56:38.292-07:00,2025053120554405,140.0,140.0,COMPLETED,2803,2447,nan,WDRAWTX,ATM
"___21:01:08 403002 ATM.     'Posting Transaction Result  0:{""type"":""ATM"",""accountType"":""CHEKAC"",""seqNumber"":""2025053121003305"",""Authorization"":{""AuthNumber"":""2805"",""ErrorCode"":""0"",""ErrorDescription"":""0"",""Fee"":4.95,""OrderId"":""2805"",""RegisterTime"":""2025-05-31T21:01:07.974-07:00"",""TransactionNumber"":2025053121003305},""Operation"":{""Amount"":420.0,""BillDespensed"":420.0,""CardNumber"":""6679"",""HostIP"":"""",""RegistrationDatetime"":""2025-05-31T21:01:07.974-07:00"",""SequenceNumber"":""2025053121003305"",""Status"":""COMPLETED""},""TransactionDetail"":{""Amount"":420.0,""DispensedTotal"":420.0,""BillDenom_01"":1,""BillDenom_02"":5,""BillDenom_03"":10,""BillDenom_04"":20,""BillDenom_05"":50,""BillDenom_06"":100,""CoinDenom_01"":1,""CoinDenom_02"":5,""CoinDenom_03"":10,""CoinDenom_04"":25,""CoinDenom_05"":0,""CoinDenom_06"":0,""BillCount_01"":0,""BillCount_02"":0,""BillCount_03"":0,""BillCount_04"":1,""BillCount_05"":0,""BillCount_06"":4,""CoinCount_01"":0,""CoinCount_02"":0,""CoinCount_03"":0,""CoinCount_04"":0,""CoinCount_05"":0,""CoinCount_06"":0,""ManualPay"":0.0,""TransactionNumber"":0,""TransactionType"":""WDRAWTX""}}'",2025-05-31 21:01:07.974-07:00,2025053121003305,420.0,420.0,COMPLETED,2805,6679,nan,WDRAWTX,ATM
"___21:14:45 403002 ATM.     'Posting Transaction Result  0:{""type"":""ATM"",""accountType"":""CHEKAC"",""seqNumber"":""2025053121133205"",""Authorization"":{""AuthNumber"":""2806"",""ErrorCode"":""0"",""ErrorDescription"":""0"",""Fee"":4.95,""OrderId"":""2806"",""RegisterTime"":""2025-05-31T21:14:44.569-07:00"",""TransactionNumber"":2025053121133205},""Operation"":{""Amount"":100.0,""BillDespensed"":100.0,""CardNumber"":""7981"",""HostIP"":"""",""RegistrationDatetime"":""2025-05-31T21:14:44.569-07:00"",""SequenceNumber"":""2025053121133205"",""Status"":""COMPLETED""},""TransactionDetail"":{""Amount"":100.0,""DispensedTotal"":100.0,""BillDenom_01"":1,""BillDenom_02"":5,""BillDenom_03"":10,""BillDenom_04"":20,""BillDenom_05"":50,""BillDenom_06"":100,""CoinDenom_01"":1,""CoinDenom_02"":5,""CoinDenom_03"":10,""CoinDenom_04"":25,""CoinDenom_05"":0,""CoinDenom_06"":0,""BillCount_01"":0,""BillCount_02"":0,""BillCount_03"":0,""BillCount_04"":0,""BillCount_05"":0,""BillCount_06"":1,""CoinCount_01"":0,""CoinCount_02"":0,""CoinCount_03"":0,""CoinCount_04"":0,""CoinCount_05"":0,""CoinCount_06"":0,""ManualPay"":0.0,""TransactionNumber"":0,""TransactionType"":""WDRAWTX""}}'",2025-05-31 21:14:44.569-07:00,2025053121133205,100.0,100.0,COMPLETED,2806,7981,nan,WDRAWTX,ATM
"___21:17:58 403002 ATM.     'Posting Transaction Result  0:{""type"":""ATM"",""accountType"":""CHEKAC"",""seqNumber"":""2025053121171705"",""Authorization"":{""AuthNumber"":""2807"",""ErrorCode"":""0"",""ErrorDescription"":""0"",""Fee"":4.95,""OrderId"":""2807"",""RegisterTime"":""2025-05-31T21:17:58.864-07:00"",""TransactionNumber"":2025053121171705},""Operation"":{""Amount"":200.0,""BillDespensed"":200.0,""CardNumber"":""2760"",""HostIP"":"""",""RegistrationDatetime"":""2025-05-31T21:17:58.864-07:00"",""SequenceNumber"":""2025053121171705"",""Status"":""COMPLETED""},""TransactionDetail"":{""Amount"":200.0,""DispensedTotal"":200.0,""BillDenom_01"":1,""BillDenom_02"":5,""BillDenom_03"":10,""BillDenom_04"":20,""BillDenom_05"":50,""BillDenom_06"":100,""CoinDenom_01"":1,""CoinDenom_02"":5,""CoinDenom_03"":10,""CoinDenom_04"":25,""CoinDenom_05"":0,""CoinDenom_06"":0,""BillCount_01"":0,""BillCount_02"":0,""BillCount_03"":0,""BillCount_04"":0,""BillCount_05"":0,""BillCount_06"":2,""CoinCount_01"":0,""CoinCount_02"":0,""CoinCount_03"":0,""CoinCount_04"":0,""CoinCount_05"":0,""CoinCount_06"":0,""ManualPay"":0.0,""TransactionNumber"":0,""TransactionType"":""WDRAWTX""}}'",2025-05-31 21:17:58.864-07:00,2025053121171705,200.0,200.0,COMPLETED,2807,2760,nan,WDRAWTX,ATM
"___21:19:32 403002 ATM.     'Posting Transaction Result  0:{""type"":""ATM"",""accountType"":""CHEKAC"",""seqNumber"":""2025053121190005"",""Authorization"":{""AuthNumber"":""2808"",""ErrorCode"":""0"",""ErrorDescription"":""0"",""Fee"":4.95,""OrderId"":""2808"",""RegisterTime"":""2025-05-31T21:19:32.362-07:00"",""TransactionNumber"":2025053121190005},""Operation"":{""Amount"":20.0,""BillDespensed"":20.0,""CardNumber"":""0676"",""HostIP"":"""",""RegistrationDatetime"":""2025-05-31T21:19:32.362-07:00"",""SequenceNumber"":""2025053121190005"",""Status"":""COMPLETED""},""TransactionDetail"":{""Amount"":20.0,""DispensedTotal"":20.0,""BillDenom_01"":1,""BillDenom_02"":5,""BillDenom_03"":10,""BillDenom_04"":20,""BillDenom_05"":50,""BillDenom_06"":100,""CoinDenom_01"":1,""CoinDenom_02"":5,""CoinDenom_03"":10,""CoinDenom_04"":25,""CoinDenom_05"":0,""CoinDenom_06"":0,""BillCount_01"":0,""BillCount_02"":0,""BillCount_03"":0,""BillCount_04"":1,""BillCount_05"":0,""BillCount_06"":0,""CoinCount_01"":0,""CoinCount_02"":0,""CoinCount_03"":0,""CoinCount_04"":0,""CoinCount_05"":0,""CoinCount_06"":0,""ManualPay"":0.0,""TransactionNumber"":0,""TransactionType"":""WDRAWTX""}}'",2025-05-31 21:19:32.362-07:00,2025053121190005,20.0,20.0,COMPLETED,2808,0676,nan,WDRAWTX,ATM
"___21:21:57 403002 ATM.     'Posting Transaction Result  0:{""type"":""ATM"",""accountType"":""CHEKAC"",""seqNumber"":""2025053121211105"",""Authorization"":{""AuthNumber"":""2809"",""ErrorCode"":""0"",""ErrorDescription"":""0"",""Fee"":4.95,""OrderId"":""2809"",""RegisterTime"":""2025-05-31T21:21:57.728-07:00"",""TransactionNumber"":2025053121211105},""Operation"":{""Amount"":500.0,""BillDespensed"":500.0,""CardNumber"":""2705"",""HostIP"":"""",""RegistrationDatetime"":""2025-05-31T21:21:57.728-07:00"",""SequenceNumber"":""2025053121211105"",""Status"":""COMPLETED""},""TransactionDetail"":{""Amount"":500.0,""DispensedTotal"":500.0,""BillDenom_01"":1,""BillDenom_02"":5,""BillDenom_03"":10,""BillDenom_04"":20,""BillDenom_05"":50,""BillDenom_06"":100,""CoinDenom_01"":1,""CoinDenom_02"":5,""CoinDenom_03"":10,""CoinDenom_04"":25,""CoinDenom_05"":0,""CoinDenom_06"":0,""BillCount_01"":0,""BillCount_02"":0,""BillCount_03"":0,""BillCount_04"":0,""BillCount_05"":0,""BillCount_06"":5,""CoinCount_01"":0,""CoinCount_02"":0,""CoinCount_03"":0,""CoinCount_04"":0,""CoinCount_05"":0,""CoinCount_06"":0,""ManualPay"":0.0,""TransactionNumber"":0,""TransactionType"":""WDRAWTX""}}'",2025-05-31 21:21:57.728-07:00,2025053121211105,500.0,500.0,COMPLETED,2809,2705,nan,WDRAWTX,ATM
"___21:25:38 403002 ATM.     'Posting Transaction Result  0:{""type"":""ATM"",""accountType"":""CHEKAC"",""seqNumber"":""2025053121244205"",""Authorization"":{""AuthNumber"":""2810"",""ErrorCode"":""0"",""ErrorDescription"":""0"",""Fee"":4.95,""OrderId"":""2810"",""RegisterTime"":""2025-05-31T21:25:38.861-07:00"",""TransactionNumber"":2025053121244205},""Operation"":{""Amount"":200.0,""BillDespensed"":200.0,""CardNumber"":""1907"",""HostIP"":"""",""RegistrationDatetime"":""2025-05-31T21:25:38.861-07:00"",""SequenceNumber"":""2025053121244205"",""Status"":""COMPLETED""},""TransactionDetail"":{""Amount"":200.0,""DispensedTotal"":200.0,""BillDenom_01"":1,""BillDenom_02"":5,""BillDenom_03"":10,""BillDenom_04"":20,""BillDenom_05"":50,""BillDenom_06"":100,""CoinDenom_01"":1,""CoinDenom_02"":5,""CoinDenom_03"":10,""CoinDenom_04"":25,""CoinDenom_05"":0,""CoinDenom_06"":0,""BillCount_01"":0,""BillCount_02"":0,""BillCount_03"":0,""BillCount_04"":0,""BillCount_05"":0,""BillCount_06"":2,""CoinCount_01"":0,""CoinCount_02"":0,""CoinCount_03"":0,""CoinCount_04"":0,""CoinCount_05"":0,""CoinCount_06"":0,""ManualPay"":0.0,""TransactionNumber"":0,""TransactionType"":""WDRAWTX""}}'",2025-05-31 21:25:38.861-07:00,2025053121244205,200.0,200.0,COMPLETED,2810,1907,nan,WDRAWTX,ATM
"___21:27:14 403002 ATM.     'Posting Transaction Result  0:{""type"":""ATM"",""accountType"":""CHEKAC"",""seqNumber"":""2025053121263705"",""Authorization"":{""AuthNumber"":""2811"",""ErrorCode"":""0"",""ErrorDescription"":""0"",""Fee"":4.95,""OrderId"":""2811"",""RegisterTime"":""2025-05-31T21:27:14.929-07:00"",""TransactionNumber"":2025053121263705},""Operation"":{""Amount"":400.0,""BillDespensed"":400.0,""CardNumber"":""3396"",""HostIP"":"""",""RegistrationDatetime"":""2025-05-31T21:27:14.929-07:00"",""SequenceNumber"":""2025053121263705"",""Status"":""COMPLETED""},""TransactionDetail"":{""Amount"":400.0,""DispensedTotal"":400.0,""BillDenom_01"":1,""BillDenom_02"":5,""BillDenom_03"":10,""BillDenom_04"":20,""BillDenom_05"":50,""BillDenom_06"":100,""CoinDenom_01"":1,""CoinDenom_02"":5,""CoinDenom_03"":10,""CoinDenom_04"":25,""CoinDenom_05"":0,""CoinDenom_06"":0,""BillCount_01"":0,""BillCount_02"":0,""BillCount_03"":0,""BillCount_04"":0,""BillCount_05"":0,""BillCount_06"":4,""CoinCount_01"":0,""CoinCount_02"":0,""CoinCount_03"":0,""CoinCount_04"":0,""CoinCount_05"":0,""CoinCount_06"":0,""ManualPay"":0.0,""TransactionNumber"":0,""TransactionType"":""WDRAWTX""}}'",2025-05-31 21:27:14.929-07:00,2025053121263705,400.0,400.0,COMPLETED,2811,3396,nan,WDRAWTX,ATM
"___21:30:37 403002 ATM.     'Posting Transaction Result  0:{""type"":""ATM"",""accountType"":""CHEKAC"",""seqNumber"":""2025053121295705"",""Authorization"":{""AuthNumber"":""2812"",""ErrorCode"":""0"",""ErrorDescription"":""0"",""Fee"":4.95,""OrderId"":""2812"",""RegisterTime"":""2025-05-31T21:30:37.680-07:00"",""TransactionNumber"":2025053121295705},""Operation"":{""Amount"":260.0,""BillDespensed"":260.0,""CardNumber"":""3418"",""HostIP"":"""",""RegistrationDatetime"":""2025-05-31T21:30:37.680-07:00"",""SequenceNumber"":""2025053121295705"",""Status"":""COMPLETED""},""TransactionDetail"":{""Amount"":260.0,""DispensedTotal"":260.0,""BillDenom_01"":1,""BillDenom_02"":5,""BillDenom_03"":10,""BillDenom_04"":20,""BillDenom_05"":50,""BillDenom_06"":100,""CoinDenom_01"":1,""CoinDenom_02"":5,""CoinDenom_03"":10,""CoinDenom_04"":25,""CoinDenom_05"":0,""CoinDenom_06"":0,""BillCount_01"":0,""BillCount_02"":0,""BillCount_03"":0,""BillCount_04"":3,""BillCount_05"":0,""BillCount_06"":2,""CoinCount_01"":0,""CoinCount_02"":0,""CoinCount_03"":0,""CoinCount_04"":0,""CoinCount_05"":0,""CoinCount_06"":0,""ManualPay"":0.0,""TransactionNumber"":0,""TransactionType"":""WDRAWTX""}}'",2025-05-31 21:30:37.680-07:00,2025053121295705,260.0,260.0,COMPLETED,2812,3418,nan,WDRAWTX,ATM
"___21:32:26 403002 ATM.     'Posting Transaction Result  0:{""type"":""ATM"",""accountType"":""CHEKAC"",""seqNumber"":""2025053121314905"",""Authorization"":{""AuthNumber"":""2813"",""ErrorCode"":""0"",""ErrorDescription"":""0"",""Fee"":4.95,""OrderId"":""2813"",""RegisterTime"":""2025-05-31T21:32:26.336-07:00"",""TransactionNumber"":2025053121314905},""Operation"":{""Amount"":100.0,""BillDespensed"":100.0,""CardNumber"":""3846"",""HostIP"":"""",""RegistrationDatetime"":""2025-05-31T21:32:26.336-07:00"",""SequenceNumber"":""2025053121314905"",""Status"":""COMPLETED""},""TransactionDetail"":{""Amount"":100.0,""DispensedTotal"":100.0,""BillDenom_01"":1,""BillDenom_02"":5,""BillDenom_03"":10,""BillDenom_04"":20,""BillDenom_05"":50,""BillDenom_06"":100,""CoinDenom_01"":1,""CoinDenom_02"":5,""CoinDenom_03"":10,""CoinDenom_04"":25,""CoinDenom_05"":0,""CoinDenom_06"":0,""BillCount_01"":0,""BillCount_02"":0,""BillCount_03"":0,""BillCount_04"":0,""BillCount_05"":0,""BillCount_06"":1,""CoinCount_01"":0,""CoinCount_02"":0,""CoinCount_03"":0,""CoinCount_04"":0,""CoinCount_05"":0,""CoinCount_06"":0,""ManualPay"":0.0,""TransactionNumber"":0,""TransactionType"":""WDRAWTX""}}'",2025-05-31 21:32:26.336-07:00,2025053121314905,100.0,100.0,COMPLETED,2813,3846,nan,WDRAWTX,ATM
"___21:34:44 403002 ATM.     'Posting Transaction Result  0:{""type"":""ATM"",""accountType"":""CHEKAC"",""seqNumber"":""2025053121341205"",""Authorization"":{""AuthNumber"":""2814"",""ErrorCode"":""0"",""ErrorDescription"":""0"",""Fee"":4.95,""OrderId"":""2814"",""RegisterTime"":""2025-05-31T21:34:44.310-07:00"",""TransactionNumber"":2025053121341205},""Operation"":{""Amount"":100.0,""BillDespensed"":100.0,""CardNumber"":""3344"",""HostIP"":"""",""RegistrationDatetime"":""2025-05-31T21:34:44.310-07:00"",""SequenceNumber"":""2025053121341205"",""Status"":""COMPLETED""},""TransactionDetail"":{""Amount"":100.0,""DispensedTotal"":100.0,""BillDenom_01"":1,""BillDenom_02"":5,""BillDenom_03"":10,""BillDenom_04"":20,""BillDenom_05"":50,""BillDenom_06"":100,""CoinDenom_01"":1,""CoinDenom_02"":5,""CoinDenom_03"":10,""CoinDenom_04"":25,""CoinDenom_05"":0,""CoinDenom_06"":0,""BillCount_01"":0,""BillCount_02"":0,""BillCount_03"":0,""BillCount_04"":0,""BillCount_05"":0,""BillCount_06"":1,""CoinCount_01"":0,""CoinCount_02"":0,""CoinCount_03"":0,""CoinCount_04"":0,""CoinCount_05"":0,""CoinCount_06"":0,""ManualPay"":0.0,""TransactionNumber"":0,""TransactionType"":""WDRAWTX""}}'",2025-05-31 21:34:44.310-07:00,2025053121341205,100.0,100.0,COMPLETED,2814,3344,nan,WDRAWTX,ATM
"___21:41:09 403002 ATM.     'Posting Transaction Result  0:{""type"":""ATM"",""accountType"":""CHEKAC"",""seqNumber"":""2025053121395005"",""Authorization"":{""AuthNumber"":""2815"",""ErrorCode"":""0"",""ErrorDescription"":""0"",""Fee"":4.95,""OrderId"":""2815"",""RegisterTime"":""2025-05-31T21:41:09.017-07:00"",""TransactionNumber"":2025053121395005},""Operation"":{""Amount"":100.0,""BillDespensed"":100.0,""CardNumber"":""0152"",""HostIP"":"""",""RegistrationDatetime"":""2025-05-31T21:41:09.017-07:00"",""SequenceNumber"":""2025053121395005"",""Status"":""COMPLETED""},""TransactionDetail"":{""Amount"":100.0,""DispensedTotal"":100.0,""BillDenom_01"":1,""BillDenom_02"":5,""BillDenom_03"":10,""BillDenom_04"":20,""BillDenom_05"":50,""BillDenom_06"":100,""CoinDenom_01"":1,""CoinDenom_02"":5,""CoinDenom_03"":10,""CoinDenom_04"":25,""CoinDenom_05"":0,""CoinDenom_06"":0,""BillCount_01"":0,""BillCount_02"":0,""BillCount_03"":0,""BillCount_04"":0,""BillCount_05"":0,""BillCount_06"":1,""CoinCount_01"":0,""CoinCount_02"":0,""CoinCount_03"":0,""CoinCount_04"":0,""CoinCount_05"":0,""CoinCount_06"":0,""ManualPay"":0.0,""TransactionNumber"":0,""TransactionType"":""WDRAWTX""}}'",2025-05-31 21:41:09.017-07:00,2025053121395005,100.0,100.0,COMPLETED,2815,0152,nan,WDRAWTX,ATM
"___21:44:53 403002 ATM.     'Posting Transaction Result  0:{""type"":""ATM"",""accountType"":""CHEKAC"",""seqNumber"":""2025053121433705"",""Authorization"":{""AuthNumber"":""2816"",""ErrorCode"":""0"",""ErrorDescription"":""0"",""Fee"":4.95,""OrderId"":""2816"",""RegisterTime"":""2025-05-31T21:44:53.600-07:00"",""TransactionNumber"":2025053121433705},""Operation"":{""Amount"":200.0,""BillDespensed"":200.0,""CardNumber"":""4224"",""HostIP"":"""",""RegistrationDatetime"":""2025-05-31T21:44:53.600-07:00"",""SequenceNumber"":""2025053121433705"",""Status"":""COMPLETED""},""TransactionDetail"":{""Amount"":200.0,""DispensedTotal"":200.0,""BillDenom_01"":1,""BillDenom_02"":5,""BillDenom_03"":10,""BillDenom_04"":20,""BillDenom_05"":50,""BillDenom_06"":100,""CoinDenom_01"":1,""CoinDenom_02"":5,""CoinDenom_03"":10,""CoinDenom_04"":25,""CoinDenom_05"":0,""CoinDenom_06"":0,""BillCount_01"":0,""BillCount_02"":0,""BillCount_03"":0,""BillCount_04"":0,""BillCount_05"":0,""BillCount_06"":2,""CoinCount_01"":0,""CoinCount_02"":0,""CoinCount_03"":0,""CoinCount_04"":0,""CoinCount_05"":0,""CoinCount_06"":0,""ManualPay"":0.0,""TransactionNumber"":0,""TransactionType"":""WDRAWTX""}}'",2025-05-31 21:44:53.600-07:00,2025053121433705,200.0,200.0,COMPLETED,2816,4224,nan,WDRAWTX,ATM
"___21:55:55 403002 ATM.     'Posting Transaction Result  0:{""type"":""ATM"",""accountType"":""CHEKAC"",""seqNumber"":""2025053121552705"",""Authorization"":{""ErrorCode"":""0"",""ErrorDescription"":""0"",""Fee"":0.0,""RegisterTime"":""2025-05-31T21:55:54.790-07:00"",""TransactionNumber"":2025053121552705},""Operation"":{""Amount"":20.0,""BillDespensed"":0.0,""CardNumber"":""8325"",""HostIP"":"""",""RegistrationDatetime"":""2025-05-31T21:55:54.790-07:00"",""SequenceNumber"":""2025053121552705"",""Status"":""DENIED""},""TransactionDetail"":{""Amount"":20.0,""DispensedTotal"":0.0,""BillDenom_01"":1,""BillDenom_02"":5,""BillDenom_03"":10,""BillDenom_04"":20,""BillDenom_05"":50,""BillDenom_06"":100,""CoinDenom_01"":1,""CoinDenom_02"":5,""CoinDenom_03"":10,""CoinDenom_04"":25,""CoinDenom_05"":0,""CoinDenom_06"":0,""BillCount_01"":0,""BillCount_02"":0,""BillCount_03"":0,""BillCount_04"":0,""BillCount_05"":0,""BillCount_06"":0,""CoinCount_01"":0,""CoinCount_02"":0,""CoinCount_03"":0,""CoinCount_04"":0,""CoinCount_05"":0,""CoinCount_06"":0,""ManualPay"":0.0,""TransactionNumber"":0,""TransactionType"":""WDRAWTX""}}'",2025-05-31 21:55:54.790-07:00,2025053121552705,20.0,0.0,DENIED,nan,8325,nan,WDRAWTX,ATM
"___21:58:59 403002 ATM.     'Posting Transaction Result  0:{""type"":""ATM"",""accountType"":""CHEKAC"",""seqNumber"":""2025053121582405"",""Authorization"":{""AuthNumber"":""2818"",""ErrorCode"":""0"",""ErrorDescription"":""0"",""Fee"":4.95,""OrderId"":""2818"",""RegisterTime"":""2025-05-31T21:58:59.358-07:00"",""TransactionNumber"":2025053121582405},""Operation"":{""Amount"":20.0,""BillDespensed"":20.0,""CardNumber"":""0907"",""HostIP"":"""",""RegistrationDatetime"":""2025-05-31T21:58:59.358-07:00"",""SequenceNumber"":""2025053121582405"",""Status"":""COMPLETED""},""TransactionDetail"":{""Amount"":20.0,""DispensedTotal"":20.0,""BillDenom_01"":1,""BillDenom_02"":5,""BillDenom_03"":10,""BillDenom_04"":20,""BillDenom_05"":50,""BillDenom_06"":100,""CoinDenom_01"":1,""CoinDenom_02"":5,""CoinDenom_03"":10,""CoinDenom_04"":25,""CoinDenom_05"":0,""CoinDenom_06"":0,""BillCount_01"":0,""BillCount_02"":0,""BillCount_03"":0,""BillCount_04"":1,""BillCount_05"":0,""BillCount_06"":0,""CoinCount_01"":0,""CoinCount_02"":0,""CoinCount_03"":0,""CoinCount_04"":0,""CoinCount_05"":0,""CoinCount_06"":0,""ManualPay"":0.0,""TransactionNumber"":0,""TransactionType"":""WDRAWTX""}}'",2025-05-31 21:58:59.358-07:00,2025053121582405,20.0,20.0,COMPLETED,2818,0907,nan,WDRAWTX,ATM
"___22:00:38 403002 ATM.     'Posting Transaction Result  0:{""type"":""ATM"",""accountType"":""CHEKAC"",""seqNumber"":""2025053122000405"",""Authorization"":{""AuthNumber"":""2819"",""ErrorCode"":""0"",""ErrorDescription"":""0"",""Fee"":4.95,""OrderId"":""2819"",""RegisterTime"":""2025-05-31T22:00:38.449-07:00"",""TransactionNumber"":2025053122000405},""Operation"":{""Amount"":20.0,""BillDespensed"":20.0,""CardNumber"":""3952"",""HostIP"":"""",""RegistrationDatetime"":""2025-05-31T22:00:38.449-07:00"",""SequenceNumber"":""2025053122000405"",""Status"":""COMPLETED""},""TransactionDetail"":{""Amount"":20.0,""DispensedTotal"":20.0,""BillDenom_01"":1,""BillDenom_02"":5,""BillDenom_03"":10,""BillDenom_04"":20,""BillDenom_05"":50,""BillDenom_06"":100,""CoinDenom_01"":1,""CoinDenom_02"":5,""CoinDenom_03"":10,""CoinDenom_04"":25,""CoinDenom_05"":0,""CoinDenom_06"":0,""BillCount_01"":0,""BillCount_02"":0,""BillCount_03"":0,""BillCount_04"":1,""BillCount_05"":0,""BillCount_06"":0,""CoinCount_01"":0,""CoinCount_02"":0,""CoinCount_03"":0,""CoinCount_04"":0,""CoinCount_05"":0,""CoinCount_06"":0,""ManualPay"":0.0,""TransactionNumber"":0,""TransactionType"":""WDRAWTX""}}'",2025-05-31 22:00:38.449-07:00,2025053122000405,20.0,20.0,COMPLETED,2819,3952,nan,WDRAWTX,ATM
"___22:06:34 403002 ATM.     'Posting Transaction Result  0:{""type"":""ATM"",""accountType"":""CHEKAC"",""seqNumber"":""2025053122055205"",""Authorization"":{""AuthNumber"":""2820"",""ErrorCode"":""0"",""ErrorDescription"":""0"",""Fee"":4.95,""OrderId"":""2820"",""RegisterTime"":""2025-05-31T22:06:34.484-07:00"",""TransactionNumber"":2025053122055205},""Operation"":{""Amount"":400.0,""BillDespensed"":400.0,""CardNumber"":""5690"",""HostIP"":"""",""RegistrationDatetime"":""2025-05-31T22:06:34.484-07:00"",""SequenceNumber"":""2025053122055205"",""Status"":""COMPLETED""},""TransactionDetail"":{""Amount"":400.0,""DispensedTotal"":400.0,""BillDenom_01"":1,""BillDenom_02"":5,""BillDenom_03"":10,""BillDenom_04"":20,""BillDenom_05"":50,""BillDenom_06"":100,""CoinDenom_01"":1,""CoinDenom_02"":5,""CoinDenom_03"":10,""CoinDenom_04"":25,""CoinDenom_05"":0,""CoinDenom_06"":0,""BillCount_01"":0,""BillCount_02"":0,""BillCount_03"":0,""BillCount_04"":0,""BillCount_05"":0,""BillCount_06"":4,""CoinCount_01"":0,""CoinCount_02"":0,""CoinCount_03"":0,""CoinCount_04"":0,""CoinCount_05"":0,""CoinCount_06"":0,""ManualPay"":0.0,""TransactionNumber"":0,""TransactionType"":""WDRAWTX""}}'",2025-05-31 22:06:34.484-07:00,2025053122055205,400.0,400.0,COMPLETED,2820,5690,nan,WDRAWTX,ATM
"___22:08:09 403002 ATM.     'Posting Transaction Result  0:{""type"":""ATM"",""accountType"":""CHEKAC"",""seqNumber"":""2025053122073605"",""Authorization"":{""AuthNumber"":""2821"",""ErrorCode"":""0"",""ErrorDescription"":""0"",""Fee"":4.95,""OrderId"":""2821"",""RegisterTime"":""2025-05-31T22:08:09.209-07:00"",""TransactionNumber"":2025053122073605},""Operation"":{""Amount"":100.0,""BillDespensed"":100.0,""CardNumber"":""1880"",""HostIP"":"""",""RegistrationDatetime"":""2025-05-31T22:08:09.209-07:00"",""SequenceNumber"":""2025053122073605"",""Status"":""COMPLETED""},""TransactionDetail"":{""Amount"":100.0,""DispensedTotal"":100.0,""BillDenom_01"":1,""BillDenom_02"":5,""BillDenom_03"":10,""BillDenom_04"":20,""BillDenom_05"":50,""BillDenom_06"":100,""CoinDenom_01"":1,""CoinDenom_02"":5,""CoinDenom_03"":10,""CoinDenom_04"":25,""CoinDenom_05"":0,""CoinDenom_06"":0,""BillCount_01"":0,""BillCount_02"":0,""BillCount_03"":0,""BillCount_04"":0,""BillCount_05"":0,""BillCount_06"":1,""CoinCount_01"":0,""CoinCount_02"":0,""CoinCount_03"":0,""CoinCount_04"":0,""CoinCount_05"":0,""CoinCount_06"":0,""ManualPay"":0.0,""TransactionNumber"":0,""TransactionType"":""WDRAWTX""}}'",2025-05-31 22:08:09.209-07:00,2025053122073605,100.0,100.0,COMPLETED,2821,1880,nan,WDRAWTX,ATM
"___22:21:45 403002 ATM.     'Posting Transaction Result  0:{""type"":""ATM"",""accountType"":""CHEKAC"",""seqNumber"":""2025053122210905"",""Authorization"":{""AuthNumber"":""2822"",""ErrorCode"":""0"",""ErrorDescription"":""0"",""Fee"":4.95,""OrderId"":""2822"",""RegisterTime"":""2025-05-31T22:21:45.326-07:00"",""TransactionNumber"":2025053122210905},""Operation"":{""Amount"":200.0,""BillDespensed"":200.0,""CardNumber"":""0475"",""HostIP"":"""",""RegistrationDatetime"":""2025-05-31T22:21:45.326-07:00"",""SequenceNumber"":""2025053122210905"",""Status"":""COMPLETED""},""TransactionDetail"":{""Amount"":200.0,""DispensedTotal"":200.0,""BillDenom_01"":1,""BillDenom_02"":5,""BillDenom_03"":10,""BillDenom_04"":20,""BillDenom_05"":50,""BillDenom_06"":100,""CoinDenom_01"":1,""CoinDenom_02"":5,""CoinDenom_03"":10,""CoinDenom_04"":25,""CoinDenom_05"":0,""CoinDenom_06"":0,""BillCount_01"":0,""BillCount_02"":0,""BillCount_03"":0,""BillCount_04"":0,""BillCount_05"":0,""BillCount_06"":2,""CoinCount_01"":0,""CoinCount_02"":0,""CoinCount_03"":0,""CoinCount_04"":0,""CoinCount_05"":0,""CoinCount_06"":0,""ManualPay"":0.0,""TransactionNumber"":0,""TransactionType"":""WDRAWTX""}}'",2025-05-31 22:21:45.326-07:00,2025053122210905,200.0,200.0,COMPLETED,2822,0475,nan,WDRAWTX,ATM
"___22:25:04 403002 ATM.     'Posting Transaction Result  0:{""type"":""ATM"",""accountType"":""CHEKAC"",""seqNumber"":""2025053122235505"",""Authorization"":{""AuthNumber"":""2823"",""ErrorCode"":""0"",""ErrorDescription"":""0"",""Fee"":4.95,""OrderId"":""2823"",""RegisterTime"":""2025-05-31T22:25:03.888-07:00"",""TransactionNumber"":2025053122235505},""Operation"":{""Amount"":100.0,""BillDespensed"":100.0,""CardNumber"":""6532"",""HostIP"":"""",""RegistrationDatetime"":""2025-05-31T22:25:03.888-07:00"",""SequenceNumber"":""2025053122235505"",""Status"":""COMPLETED""},""TransactionDetail"":{""Amount"":100.0,""DispensedTotal"":100.0,""BillDenom_01"":1,""BillDenom_02"":5,""BillDenom_03"":10,""BillDenom_04"":20,""BillDenom_05"":50,""BillDenom_06"":100,""CoinDenom_01"":1,""CoinDenom_02"":5,""CoinDenom_03"":10,""CoinDenom_04"":25,""CoinDenom_05"":0,""CoinDenom_06"":0,""BillCount_01"":0,""BillCount_02"":0,""BillCount_03"":0,""BillCount_04"":0,""BillCount_05"":0,""BillCount_06"":1,""CoinCount_01"":0,""CoinCount_02"":0,""CoinCount_03"":0,""CoinCount_04"":0,""CoinCount_05"":0,""CoinCount_06"":0,""ManualPay"":0.0,""TransactionNumber"":0,""TransactionType"":""WDRAWTX""}}'",2025-05-31 22:25:03.888-07:00,2025053122235505,100.0,100.0,COMPLETED,2823,6532,nan,WDRAWTX,ATM
"___22:31:01 403002 ATM.     'Posting Transaction Result  0:{""type"":""ATM"",""accountType"":""CHEKAC"",""seqNumber"":""2025053122302305"",""Authorization"":{""AuthNumber"":""2826"",""ErrorCode"":""0"",""ErrorDescription"":""0"",""Fee"":4.95,""OrderId"":""2826"",""RegisterTime"":""2025-05-31T22:31:01.181-07:00"",""TransactionNumber"":2025053122302305},""Operation"":{""Amount"":200.0,""BillDespensed"":200.0,""CardNumber"":""9453"",""HostIP"":"""",""RegistrationDatetime"":""2025-05-31T22:31:01.181-07:00"",""SequenceNumber"":""2025053122302305"",""Status"":""COMPLETED""},""TransactionDetail"":{""Amount"":200.0,""DispensedTotal"":200.0,""BillDenom_01"":1,""BillDenom_02"":5,""BillDenom_03"":10,""BillDenom_04"":20,""BillDenom_05"":50,""BillDenom_06"":100,""CoinDenom_01"":1,""CoinDenom_02"":5,""CoinDenom_03"":10,""CoinDenom_04"":25,""CoinDenom_05"":0,""CoinDenom_06"":0,""BillCount_01"":0,""BillCount_02"":0,""BillCount_03"":0,""BillCount_04"":0,""BillCount_05"":0,""BillCount_06"":2,""CoinCount_01"":0,""CoinCount_02"":0,""CoinCount_03"":0,""CoinCount_04"":0,""CoinCount_05"":0,""CoinCount_06"":0,""ManualPay"":0.0,""TransactionNumber"":0,""TransactionType"":""WDRAWTX""}}'",2025-05-31 22:31:01.181-07:00,2025053122302305,200.0,200.0,COMPLETED,2826,9453,nan,WDRAWTX,ATM
"___22:38:37 403002 ATM.     'Posting Transaction Result  0:{""type"":""ATM"",""accountType"":""CHEKAC"",""seqNumber"":""2025053122375105"",""Authorization"":{""AuthNumber"":""2827"",""ErrorCode"":""0"",""ErrorDescription"":""0"",""Fee"":4.95,""OrderId"":""2827"",""RegisterTime"":""2025-05-31T22:38:37.103-07:00"",""TransactionNumber"":2025053122375105},""Operation"":{""Amount"":260.0,""BillDespensed"":260.0,""CardNumber"":""5473"",""HostIP"":"""",""RegistrationDatetime"":""2025-05-31T22:38:37.103-07:00"",""SequenceNumber"":""2025053122375105"",""Status"":""COMPLETED""},""TransactionDetail"":{""Amount"":260.0,""DispensedTotal"":260.0,""BillDenom_01"":1,""BillDenom_02"":5,""BillDenom_03"":10,""BillDenom_04"":20,""BillDenom_05"":50,""BillDenom_06"":100,""CoinDenom_01"":1,""CoinDenom_02"":5,""CoinDenom_03"":10,""CoinDenom_04"":25,""CoinDenom_05"":0,""CoinDenom_06"":0,""BillCount_01"":0,""BillCount_02"":0,""BillCount_03"":0,""BillCount_04"":3,""BillCount_05"":0,""BillCount_06"":2,""CoinCount_01"":0,""CoinCount_02"":0,""CoinCount_03"":0,""CoinCount_04"":0,""CoinCount_05"":0,""CoinCount_06"":0,""ManualPay"":0.0,""TransactionNumber"":0,""TransactionType"":""WDRAWTX""}}'",2025-05-31 22:38:37.103-07:00,2025053122375105,260.0,260.0,COMPLETED,2827,5473,nan,WDRAWTX,ATM
"___22:42:42 403002 ATM.     'Posting Transaction Result  0:{""type"":""ATM"",""accountType"":""CHEKAC"",""seqNumber"":""2025053122413205"",""Authorization"":{""AuthNumber"":""2828"",""ErrorCode"":""0"",""ErrorDescription"":""0"",""Fee"":4.95,""OrderId"":""2828"",""RegisterTime"":""2025-05-31T22:42:41.811-07:00"",""TransactionNumber"":2025053122413205},""Operation"":{""Amount"":500.0,""BillDespensed"":500.0,""CardNumber"":""3953"",""HostIP"":"""",""RegistrationDatetime"":""2025-05-31T22:42:41.811-07:00"",""SequenceNumber"":""2025053122413205"",""Status"":""COMPLETED""},""TransactionDetail"":{""Amount"":500.0,""DispensedTotal"":500.0,""BillDenom_01"":1,""BillDenom_02"":5,""BillDenom_03"":10,""BillDenom_04"":20,""BillDenom_05"":50,""BillDenom_06"":100,""CoinDenom_01"":1,""CoinDenom_02"":5,""CoinDenom_03"":10,""CoinDenom_04"":25,""CoinDenom_05"":0,""CoinDenom_06"":0,""BillCount_01"":0,""BillCount_02"":0,""BillCount_03"":0,""BillCount_04"":0,""BillCount_05"":0,""BillCount_06"":5,""CoinCount_01"":0,""CoinCount_02"":0,""CoinCount_03"":0,""CoinCount_04"":0,""CoinCount_05"":0,""CoinCount_06"":0,""ManualPay"":0.0,""TransactionNumber"":0,""TransactionType"":""WDRAWTX""}}'",2025-05-31 22:42:41.811-07:00,2025053122413205,500.0,500.0,COMPLETED,2828,3953,nan,WDRAWTX,ATM
"___22:46:48 403002 ATM.     'Posting Transaction Result  0:{""type"":""ATM"",""accountType"":""CHEKAC"",""seqNumber"":""2025053122453605"",""Authorization"":{""AuthNumber"":""2829"",""ErrorCode"":""0"",""ErrorDescription"":""0"",""Fee"":4.95,""OrderId"":""2829"",""RegisterTime"":""2025-05-31T22:46:47.616-07:00"",""TransactionNumber"":2025053122453605},""Operation"":{""Amount"":200.0,""BillDespensed"":200.0,""CardNumber"":""9704"",""HostIP"":"""",""RegistrationDatetime"":""2025-05-31T22:46:47.616-07:00"",""SequenceNumber"":""2025053122453605"",""Status"":""COMPLETED""},""TransactionDetail"":{""Amount"":200.0,""DispensedTotal"":200.0,""BillDenom_01"":1,""BillDenom_02"":5,""BillDenom_03"":10,""BillDenom_04"":20,""BillDenom_05"":50,""BillDenom_06"":100,""CoinDenom_01"":1,""CoinDenom_02"":5,""CoinDenom_03"":10,""CoinDenom_04"":25,""CoinDenom_05"":0,""CoinDenom_06"":0,""BillCount_01"":0,""BillCount_02"":0,""BillCount_03"":0,""BillCount_04"":0,""BillCount_05"":0,""BillCount_06"":2,""CoinCount_01"":0,""CoinCount_02"":0,""CoinCount_03"":0,""CoinCount_04"":0,""CoinCount_05"":0,""CoinCount_06"":0,""ManualPay"":0.0,""TransactionNumber"":0,""TransactionType"":""WDRAWTX""}}'",2025-05-31 22:46:47.616-07:00,2025053122453605,200.0,200.0,COMPLETED,2829,9704,nan,WDRAWTX,ATM
"___22:48:30 403002 ATM.     'Posting Transaction Result  0:{""type"":""ATM"",""accountType"":""CHEKAC"",""seqNumber"":""2025053122475805"",""Authorization"":{""AuthNumber"":""2830"",""ErrorCode"":""0"",""ErrorDescription"":""0"",""Fee"":4.95,""OrderId"":""2830"",""RegisterTime"":""2025-05-31T22:48:30.481-07:00"",""TransactionNumber"":2025053122475805},""Operation"":{""Amount"":180.0,""BillDespensed"":180.0,""CardNumber"":""7741"",""HostIP"":"""",""RegistrationDatetime"":""2025-05-31T22:48:30.481-07:00"",""SequenceNumber"":""2025053122475805"",""Status"":""COMPLETED""},""TransactionDetail"":{""Amount"":180.0,""DispensedTotal"":180.0,""BillDenom_01"":1,""BillDenom_02"":5,""BillDenom_03"":10,""BillDenom_04"":20,""BillDenom_05"":50,""BillDenom_06"":100,""CoinDenom_01"":1,""CoinDenom_02"":5,""CoinDenom_03"":10,""CoinDenom_04"":25,""CoinDenom_05"":0,""CoinDenom_06"":0,""BillCount_01"":0,""BillCount_02"":0,""BillCount_03"":0,""BillCount_04"":4,""BillCount_05"":0,""BillCount_06"":1,""CoinCount_01"":0,""CoinCount_02"":0,""CoinCount_03"":0,""CoinCount_04"":0,""CoinCount_05"":0,""CoinCount_06"":0,""ManualPay"":0.0,""TransactionNumber"":0,""TransactionType"":""WDRAWTX""}}'",2025-05-31 22:48:30.481-07:00,2025053122475805,180.0,180.0,COMPLETED,2830,7741,nan,WDRAWTX,ATM
"___22:59:25 403002 ATM.     'Posting Transaction Result  0:{""type"":""ATM"",""accountType"":""CHEKAC"",""seqNumber"":""2025053122580405"",""Authorization"":{""ErrorCode"":""0"",""ErrorDescription"":""0"",""Fee"":0.0,""RegisterTime"":""2025-05-31T22:59:25.940-07:00"",""TransactionNumber"":2025053122580405},""Operation"":{""Amount"":200.0,""BillDespensed"":0.0,""CardNumber"":""7521"",""HostIP"":"""",""RegistrationDatetime"":""2025-05-31T22:59:25.940-07:00"",""SequenceNumber"":""2025053122580405"",""Status"":""DENIED""},""TransactionDetail"":{""Amount"":200.0,""DispensedTotal"":0.0,""BillDenom_01"":1,""BillDenom_02"":5,""BillDenom_03"":10,""BillDenom_04"":20,""BillDenom_05"":50,""BillDenom_06"":100,""CoinDenom_01"":1,""CoinDenom_02"":5,""CoinDenom_03"":10,""CoinDenom_04"":25,""CoinDenom_05"":0,""CoinDenom_06"":0,""BillCount_01"":0,""BillCount_02"":0,""BillCount_03"":0,""BillCount_04"":0,""BillCount_05"":0,""BillCount_06"":0,""CoinCount_01"":0,""CoinCount_02"":0,""CoinCount_03"":0,""CoinCount_04"":0,""CoinCount_05"":0,""CoinCount_06"":0,""ManualPay"":0.0,""TransactionNumber"":0,""TransactionType"":""WDRAWTX""}}'",2025-05-31 22:59:25.940-07:00,2025053122580405,200.0,0.0,DENIED,nan,7521,nan,WDRAWTX,ATM
"___23:00:55 403002 ATM.     'Posting Transaction Result  0:{""type"":""ATM"",""accountType"":""CHEKAC"",""seqNumber"":""2025053123003805"",""Authorization"":{""ErrorCode"":""0"",""ErrorDescription"":""0"",""Fee"":0.0,""RegisterTime"":""2025-05-31T23:00:55.011-07:00"",""TransactionNumber"":2025053123003805},""Operation"":{""Amount"":160.0,""BillDespensed"":0.0,""CardNumber"":""8367"",""HostIP"":"""",""RegistrationDatetime"":""2025-05-31T23:00:55.011-07:00"",""SequenceNumber"":""2025053123003805"",""Status"":""DENIED""},""TransactionDetail"":{""Amount"":160.0,""DispensedTotal"":0.0,""BillDenom_01"":1,""BillDenom_02"":5,""BillDenom_03"":10,""BillDenom_04"":20,""BillDenom_05"":50,""BillDenom_06"":100,""CoinDenom_01"":1,""CoinDenom_02"":5,""CoinDenom_03"":10,""CoinDenom_04"":25,""CoinDenom_05"":0,""CoinDenom_06"":0,""BillCount_01"":0,""BillCount_02"":0,""BillCount_03"":0,""BillCount_04"":0,""BillCount_05"":0,""BillCount_06"":0,""CoinCount_01"":0,""CoinCount_02"":0,""CoinCount_03"":0,""CoinCount_04"":0,""CoinCount_05"":0,""CoinCount_06"":0,""ManualPay"":0.0,""TransactionNumber"":0,""TransactionType"":""WDRAWTX""}}'",2025-05-31 23:00:55.011-07:00,2025053123003805,160.0,0.0,DENIED,nan,8367,nan,WDRAWTX,ATM
"___23:01:59 403002 ATM.     'Posting Transaction Result  0:{""type"":""ATM"",""accountType"":""CHEKAC"",""seqNumber"":""2025053123014205"",""Authorization"":{""ErrorCode"":""0"",""ErrorDescription"":""0"",""Fee"":0.0,""RegisterTime"":""2025-05-31T23:01:59.531-07:00"",""TransactionNumber"":2025053123014205},""Operation"":{""Amount"":100.0,""BillDespensed"":0.0,""CardNumber"":""8367"",""HostIP"":"""",""RegistrationDatetime"":""2025-05-31T23:01:59.531-07:00"",""SequenceNumber"":""2025053123014205"",""Status"":""DENIED""},""TransactionDetail"":{""Amount"":100.0,""DispensedTotal"":0.0,""BillDenom_01"":1,""BillDenom_02"":5,""BillDenom_03"":10,""BillDenom_04"":20,""BillDenom_05"":50,""BillDenom_06"":100,""CoinDenom_01"":1,""CoinDenom_02"":5,""CoinDenom_03"":10,""CoinDenom_04"":25,""CoinDenom_05"":0,""CoinDenom_06"":0,""BillCount_01"":0,""BillCount_02"":0,""BillCount_03"":0,""BillCount_04"":0,""BillCount_05"":0,""BillCount_06"":0,""CoinCount_01"":0,""CoinCount_02"":0,""CoinCount_03"":0,""CoinCount_04"":0,""CoinCount_05"":0,""CoinCount_06"":0,""ManualPay"":0.0,""TransactionNumber"":0,""TransactionType"":""WDRAWTX""}}'",2025-05-31 23:01:59.531-07:00,2025053123014205,100.0,0.0,DENIED,nan,8367,nan,WDRAWTX,ATM
"___23:03:23 403002 ATM.     'Posting Transaction Result  0:{""type"":""ATM"",""accountType"":""CHEKAC"",""seqNumber"":""2025053123024905"",""Authorization"":{""ErrorCode"":""0"",""ErrorDescription"":""0"",""Fee"":0.0,""RegisterTime"":""2025-05-31T23:03:22.969-07:00"",""TransactionNumber"":2025053123024905},""Operation"":{""Amount"":200.0,""BillDespensed"":0.0,""CardNumber"":""7521"",""HostIP"":"""",""RegistrationDatetime"":""2025-05-31T23:03:22.969-07:00"",""SequenceNumber"":""2025053123024905"",""Status"":""DENIED""},""TransactionDetail"":{""Amount"":200.0,""DispensedTotal"":0.0,""BillDenom_01"":1,""BillDenom_02"":5,""BillDenom_03"":10,""BillDenom_04"":20,""BillDenom_05"":50,""BillDenom_06"":100,""CoinDenom_01"":1,""CoinDenom_02"":5,""CoinDenom_03"":10,""CoinDenom_04"":25,""CoinDenom_05"":0,""CoinDenom_06"":0,""BillCount_01"":0,""BillCount_02"":0,""BillCount_03"":0,""BillCount_04"":0,""BillCount_05"":0,""BillCount_06"":0,""CoinCount_01"":0,""CoinCount_02"":0,""CoinCount_03"":0,""CoinCount_04"":0,""CoinCount_05"":0,""CoinCount_06"":0,""ManualPay"":0.0,""TransactionNumber"":0,""TransactionType"":""WDRAWTX""}}'",2025-05-31 23:03:22.969-07:00,2025053123024905,200.0,0.0,DENIED,nan,7521,nan,WDRAWTX,ATM
"___23:14:17 403002 ATM.     'Posting Transaction Result  0:{""type"":""ATM"",""accountType"":""CHEKAC"",""seqNumber"":""2025053123122705"",""Authorization"":{""ErrorCode"":""0"",""ErrorDescription"":""0"",""Fee"":0.0,""RegisterTime"":""2025-05-31T23:14:17.203-07:00"",""TransactionNumber"":2025053123122705},""Operation"":{""Amount"":400.0,""BillDespensed"":0.0,""CardNumber"":""9641"",""HostIP"":"""",""RegistrationDatetime"":""2025-05-31T23:14:17.203-07:00"",""SequenceNumber"":""2025053123122705"",""Status"":""DENIED""},""TransactionDetail"":{""Amount"":400.0,""DispensedTotal"":0.0,""BillDenom_01"":1,""BillDenom_02"":5,""BillDenom_03"":10,""BillDenom_04"":20,""BillDenom_05"":50,""BillDenom_06"":100,""CoinDenom_01"":1,""CoinDenom_02"":5,""CoinDenom_03"":10,""CoinDenom_04"":25,""CoinDenom_05"":0,""CoinDenom_06"":0,""BillCount_01"":0,""BillCount_02"":0,""BillCount_03"":0,""BillCount_04"":0,""BillCount_05"":0,""BillCount_06"":0,""CoinCount_01"":0,""CoinCount_02"":0,""CoinCount_03"":0,""CoinCount_04"":0,""CoinCount_05"":0,""CoinCount_06"":0,""ManualPay"":0.0,""TransactionNumber"":0,""TransactionType"":""WDRAWTX""}}'",2025-05-31 23:14:17.203-07:00,2025053123122705,400.0,0.0,DENIED,nan,9641,nan,WDRAWTX,ATM
"___23:15:56 403002 ATM.     'Posting Transaction Result  0:{""type"":""ATM"",""accountType"":""CHEKAC"",""seqNumber"":""2025053123154005"",""Authorization"":{""ErrorCode"":""0"",""ErrorDescription"":""0"",""Fee"":0.0,""RegisterTime"":""2025-05-31T23:15:56.338-07:00"",""TransactionNumber"":2025053123154005},""Operation"":{""Amount"":200.0,""BillDespensed"":0.0,""CardNumber"":""5895"",""HostIP"":"""",""RegistrationDatetime"":""2025-05-31T23:15:56.338-07:00"",""SequenceNumber"":""2025053123154005"",""Status"":""DENIED""},""TransactionDetail"":{""Amount"":200.0,""DispensedTotal"":0.0,""BillDenom_01"":1,""BillDenom_02"":5,""BillDenom_03"":10,""BillDenom_04"":20,""BillDenom_05"":50,""BillDenom_06"":100,""CoinDenom_01"":1,""CoinDenom_02"":5,""CoinDenom_03"":10,""CoinDenom_04"":25,""CoinDenom_05"":0,""CoinDenom_06"":0,""BillCount_01"":0,""BillCount_02"":0,""BillCount_03"":0,""BillCount_04"":0,""BillCount_05"":0,""BillCount_06"":0,""CoinCount_01"":0,""CoinCount_02"":0,""CoinCount_03"":0,""CoinCount_04"":0,""CoinCount_05"":0,""CoinCount_06"":0,""ManualPay"":0.0,""TransactionNumber"":0,""TransactionType"":""WDRAWTX""}}'",2025-05-31 23:15:56.338-07:00,2025053123154005,200.0,0.0,DENIED,nan,5895,nan,WDRAWTX,ATM
"___23:17:39 403002 ATM.     'Posting Transaction Result  0:{""type"":""ATM"",""accountType"":""CHEKAC"",""seqNumber"":""2025053123164705"",""Authorization"":{""AuthNumber"":""2843"",""ErrorCode"":""0"",""ErrorDescription"":""0"",""Fee"":4.95,""OrderId"":""2843"",""RegisterTime"":""2025-05-31T23:17:39.936-07:00"",""TransactionNumber"":2025053123164705},""Operation"":{""Amount"":100.0,""BillDespensed"":100.0,""CardNumber"":""7006"",""HostIP"":"""",""RegistrationDatetime"":""2025-05-31T23:17:39.936-07:00"",""SequenceNumber"":""2025053123164705"",""Status"":""COMPLETED""},""TransactionDetail"":{""Amount"":100.0,""DispensedTotal"":100.0,""BillDenom_01"":1,""BillDenom_02"":5,""BillDenom_03"":10,""BillDenom_04"":20,""BillDenom_05"":50,""BillDenom_06"":100,""CoinDenom_01"":1,""CoinDenom_02"":5,""CoinDenom_03"":10,""CoinDenom_04"":25,""CoinDenom_05"":0,""CoinDenom_06"":0,""BillCount_01"":0,""BillCount_02"":0,""BillCount_03"":0,""BillCount_04"":0,""BillCount_05"":0,""BillCount_06"":1,""CoinCount_01"":0,""CoinCount_02"":0,""CoinCount_03"":0,""CoinCount_04"":0,""CoinCount_05"":0,""CoinCount_06"":0,""ManualPay"":0.0,""TransactionNumber"":0,""TransactionType"":""WDRAWTX""}}'",2025-05-31 23:17:39.936-07:00,2025053123164705,100.0,100.0,COMPLETED,2843,7006,nan,WDRAWTX,ATM
"___23:19:54 403002 ATM.     'Posting Transaction Result  0:{""type"":""ATM"",""accountType"":""CHEKAC"",""seqNumber"":""2025053123190105"",""Authorization"":{""AuthNumber"":""2844"",""ErrorCode"":""0"",""ErrorDescription"":""0"",""Fee"":4.95,""OrderId"":""2844"",""RegisterTime"":""2025-05-31T23:19:53.397-07:00"",""TransactionNumber"":2025053123190105},""Operation"":{""Amount"":100.0,""BillDespensed"":100.0,""CardNumber"":""6764"",""HostIP"":"""",""RegistrationDatetime"":""2025-05-31T23:19:53.397-07:00"",""SequenceNumber"":""2025053123190105"",""Status"":""COMPLETED""},""TransactionDetail"":{""Amount"":100.0,""DispensedTotal"":100.0,""BillDenom_01"":1,""BillDenom_02"":5,""BillDenom_03"":10,""BillDenom_04"":20,""BillDenom_05"":50,""BillDenom_06"":100,""CoinDenom_01"":1,""CoinDenom_02"":5,""CoinDenom_03"":10,""CoinDenom_04"":25,""CoinDenom_05"":0,""CoinDenom_06"":0,""BillCount_01"":0,""BillCount_02"":0,""BillCount_03"":0,""BillCount_04"":0,""BillCount_05"":0,""BillCount_06"":1,""CoinCount_01"":0,""CoinCount_02"":0,""CoinCount_03"":0,""CoinCount_04"":0,""CoinCount_05"":0,""CoinCount_06"":0,""ManualPay"":0.0,""TransactionNumber"":0,""TransactionType"":""WDRAWTX""}}'",2025-05-31 23:19:53.397-07:00,2025053123190105,100.0,100.0,COMPLETED,2844,6764,nan,WDRAWTX,ATM
"___23:29:08 403002 ATM.     'Posting Transaction Result  0:{""type"":""ATM"",""accountType"":""CHEKAC"",""seqNumber"":""2025053123274905"",""Authorization"":{""AuthNumber"":""2845"",""ErrorCode"":""0"",""ErrorDescription"":""0"",""Fee"":4.95,""OrderId"":""2845"",""RegisterTime"":""2025-05-31T23:29:07.793-07:00"",""TransactionNumber"":2025053123274905},""Operation"":{""Amount"":200.0,""BillDespensed"":200.0,""CardNumber"":""4170"",""HostIP"":"""",""RegistrationDatetime"":""2025-05-31T23:29:07.793-07:00"",""SequenceNumber"":""2025053123274905"",""Status"":""COMPLETED""},""TransactionDetail"":{""Amount"":200.0,""DispensedTotal"":200.0,""BillDenom_01"":1,""BillDenom_02"":5,""BillDenom_03"":10,""BillDenom_04"":20,""BillDenom_05"":50,""BillDenom_06"":100,""CoinDenom_01"":1,""CoinDenom_02"":5,""CoinDenom_03"":10,""CoinDenom_04"":25,""CoinDenom_05"":0,""CoinDenom_06"":0,""BillCount_01"":0,""BillCount_02"":0,""BillCount_03"":0,""BillCount_04"":0,""BillCount_05"":0,""BillCount_06"":2,""CoinCount_01"":0,""CoinCount_02"":0,""CoinCount_03"":0,""CoinCount_04"":0,""CoinCount_05"":0,""CoinCount_06"":0,""ManualPay"":0.0,""TransactionNumber"":0,""TransactionType"":""WDRAWTX""}}'",2025-05-31 23:29:07.793-07:00,2025053123274905,200.0,200.0,COMPLETED,2845,4170,nan,WDRAWTX,ATM
"___23:30:58 403002 ATM.     'Posting Transaction Result  0:{""type"":""ATM"",""accountType"":""CHEKAC"",""seqNumber"":""2025053123302205"",""Authorization"":{""AuthNumber"":""2846"",""ErrorCode"":""0"",""ErrorDescription"":""0"",""Fee"":4.95,""OrderId"":""2846"",""RegisterTime"":""2025-05-31T23:30:58.328-07:00"",""TransactionNumber"":2025053123302205},""Operation"":{""Amount"":300.0,""BillDespensed"":300.0,""CardNumber"":""1140"",""HostIP"":"""",""RegistrationDatetime"":""2025-05-31T23:30:58.328-07:00"",""SequenceNumber"":""2025053123302205"",""Status"":""COMPLETED""},""TransactionDetail"":{""Amount"":300.0,""DispensedTotal"":300.0,""BillDenom_01"":1,""BillDenom_02"":5,""BillDenom_03"":10,""BillDenom_04"":20,""BillDenom_05"":50,""BillDenom_06"":100,""CoinDenom_01"":1,""CoinDenom_02"":5,""CoinDenom_03"":10,""CoinDenom_04"":25,""CoinDenom_05"":0,""CoinDenom_06"":0,""BillCount_01"":0,""BillCount_02"":0,""BillCount_03"":0,""BillCount_04"":0,""BillCount_05"":0,""BillCount_06"":3,""CoinCount_01"":0,""CoinCount_02"":0,""CoinCount_03"":0,""CoinCount_04"":0,""CoinCount_05"":0,""CoinCount_06"":0,""ManualPay"":0.0,""TransactionNumber"":0,""TransactionType"":""WDRAWTX""}}'",2025-05-31 23:30:58.328-07:00,2025053123302205,300.0,300.0,COMPLETED,2846,1140,nan,WDRAWTX,ATM
"___23:34:01 403002 ATM.     'Posting Transaction Result  0:{""type"":""ATM"",""accountType"":""CHEKAC"",""seqNumber"":""2025053123331805"",""Authorization"":{""AuthNumber"":""2847"",""ErrorCode"":""0"",""ErrorDescription"":""0"",""Fee"":4.949997,""OrderId"":""2847"",""RegisterTime"":""2025-05-31T23:34:01.037-07:00"",""TransactionNumber"":2025053123331805},""Operation"":{""Amount"":200.0,""BillDespensed"":0.0,""CardNumber"":""6148"",""HostIP"":"""",""RegistrationDatetime"":""2025-05-31T23:34:01.037-07:00"",""SequenceNumber"":""2025053123331805"",""Status"":""DENIED"",""TicketData"":""DCC""},""TransactionDetail"":{""Amount"":200.0,""DispensedTotal"":200.0,""BillDenom_01"":1,""BillDenom_02"":5,""BillDenom_03"":10,""BillDenom_04"":20,""BillDenom_05"":50,""BillDenom_06"":100,""CoinDenom_01"":1,""CoinDenom_02"":5,""CoinDenom_03"":10,""CoinDenom_04"":25,""CoinDenom_05"":0,""CoinDenom_06"":0,""BillCount_01"":0,""BillCount_02"":0,""BillCount_03"":0,""BillCount_04"":0,""BillCount_05"":0,""BillCount_06"":2,""CoinCount_01"":0,""CoinCount_02"":0,""CoinCount_03"":0,""CoinCount_04"":0,""CoinCount_05"":0,""CoinCount_06"":0,""ManualPay"":0.0,""TransactionNumber"":0,""TransactionType"":""WDRAWTX""}}'",2025-05-31 23:34:01.037-07:00,2025053123331805,200.0,200.0,DENIED,2847,6148,nan,WDRAWTX,ATM
"___23:45:30 403002 ATM.     'Posting Transaction Result  0:{""type"":""ATM"",""accountType"":""CHEKAC"",""seqNumber"":""2025053123441605"",""Authorization"":{""AuthNumber"":""2848"",""ErrorCode"":""0"",""ErrorDescription"":""0"",""Fee"":4.95,""OrderId"":""2848"",""RegisterTime"":""2025-05-31T23:45:29.988-07:00"",""TransactionNumber"":2025053123441605},""Operation"":{""Amount"":500.0,""BillDespensed"":500.0,""CardNumber"":""7992"",""HostIP"":"""",""RegistrationDatetime"":""2025-05-31T23:45:29.988-07:00"",""SequenceNumber"":""2025053123441605"",""Status"":""COMPLETED""},""TransactionDetail"":{""Amount"":500.0,""DispensedTotal"":500.0,""BillDenom_01"":1,""BillDenom_02"":5,""BillDenom_03"":10,""BillDenom_04"":20,""BillDenom_05"":50,""BillDenom_06"":100,""CoinDenom_01"":1,""CoinDenom_02"":5,""CoinDenom_03"":10,""CoinDenom_04"":25,""CoinDenom_05"":0,""CoinDenom_06"":0,""BillCount_01"":0,""BillCount_02"":0,""BillCount_03"":0,""BillCount_04"":0,""BillCount_05"":0,""BillCount_06"":5,""CoinCount_01"":0,""CoinCount_02"":0,""CoinCount_03"":0,""CoinCount_04"":0,""CoinCount_05"":0,""CoinCount_06"":0,""ManualPay"":0.0,""TransactionNumber"":0,""TransactionType"":""WDRAWTX""}}'",2025-05-31 23:45:29.988-07:00,2025053123441605,500.0,500.0,COMPLETED,2848,7992,nan,WDRAWTX,ATM
"___00:01:45 403002 ATM.     'Posting Transaction Result  0:{""type"":""ATM"",""accountType"":""CHEKAC"",""seqNumber"":""2025060100011006"",""Authorization"":{""AuthNumber"":""2849"",""ErrorCode"":""0"",""ErrorDescription"":""0"",""Fee"":4.95,""OrderId"":""2849"",""RegisterTime"":""2025-06-01T00:01:45.427-07:00"",""TransactionNumber"":2025060100011006},""Operation"":{""Amount"":500.0,""BillDespensed"":500.0,""CardNumber"":""6037"",""HostIP"":"""",""RegistrationDatetime"":""2025-06-01T00:01:45.427-07:00"",""SequenceNumber"":""2025060100011006"",""Status"":""COMPLETED""},""TransactionDetail"":{""Amount"":500.0,""DispensedTotal"":500.0,""BillDenom_01"":1,""BillDenom_02"":5,""BillDenom_03"":10,""BillDenom_04"":20,""BillDenom_05"":50,""BillDenom_06"":100,""CoinDenom_01"":1,""CoinDenom_02"":5,""CoinDenom_03"":10,""CoinDenom_04"":25,""CoinDenom_05"":0,""CoinDenom_06"":0,""BillCount_01"":0,""BillCount_02"":0,""BillCount_03"":0,""BillCount_04"":0,""BillCount_05"":0,""BillCount_06"":5,""CoinCount_01"":0,""CoinCount_02"":0,""CoinCount_03"":0,""CoinCount_04"":0,""CoinCount_05"":0,""CoinCount_06"":0,""ManualPay"":0.0,""TransactionNumber"":0,""TransactionType"":""WDRAWTX""}}'",2025-06-01 00:01:45.427-07:00,2025060100011006,500.0,500.0,COMPLETED,2849,6037,nan,WDRAWTX,ATM
"___00:04:43 403002 ATM.     'Posting Transaction Result  0:{""type"":""ATM"",""accountType"":""CHEKAC"",""seqNumber"":""2025060100042206"",""Authorization"":{""ErrorCode"":""0"",""ErrorDescription"":""0"",""Fee"":0.0,""RegisterTime"":""2025-06-01T00:04:43.081-07:00"",""TransactionNumber"":2025060100042206},""Operation"":{""Amount"":100.0,""BillDespensed"":0.0,""CardNumber"":""9239"",""HostIP"":"""",""RegistrationDatetime"":""2025-06-01T00:04:43.081-07:00"",""SequenceNumber"":""2025060100042206"",""Status"":""DENIED""},""TransactionDetail"":{""Amount"":100.0,""DispensedTotal"":0.0,""BillDenom_01"":1,""BillDenom_02"":5,""BillDenom_03"":10,""BillDenom_04"":20,""BillDenom_05"":50,""BillDenom_06"":100,""CoinDenom_01"":1,""CoinDenom_02"":5,""CoinDenom_03"":10,""CoinDenom_04"":25,""CoinDenom_05"":0,""CoinDenom_06"":0,""BillCount_01"":0,""BillCount_02"":0,""BillCount_03"":0,""BillCount_04"":0,""BillCount_05"":0,""BillCount_06"":0,""CoinCount_01"":0,""CoinCount_02"":0,""CoinCount_03"":0,""CoinCount_04"":0,""CoinCount_05"":0,""CoinCount_06"":0,""ManualPay"":0.0,""TransactionNumber"":0,""TransactionType"":""WDRAWTX""}}'",2025-06-01 00:04:43.081-07:00,2025060100042206,100.0,0.0,DENIED,nan,9239,nan,WDRAWTX,ATM
"___00:05:30 403002 ATM.     'Posting Transaction Result  0:{""type"":""ATM"",""accountType"":""CHEKAC"",""seqNumber"":""2025060100051906"",""Authorization"":{""ErrorCode"":""0"",""ErrorDescription"":""0"",""Fee"":0.0,""RegisterTime"":""2025-06-01T00:05:30.179-07:00"",""TransactionNumber"":2025060100051906},""Operation"":{""Amount"":100.0,""BillDespensed"":0.0,""CardNumber"":""9239"",""HostIP"":"""",""RegistrationDatetime"":""2025-06-01T00:05:30.179-07:00"",""SequenceNumber"":""2025060100051906"",""Status"":""DENIED""},""TransactionDetail"":{""Amount"":100.0,""DispensedTotal"":0.0,""BillDenom_01"":1,""BillDenom_02"":5,""BillDenom_03"":10,""BillDenom_04"":20,""BillDenom_05"":50,""BillDenom_06"":100,""CoinDenom_01"":1,""CoinDenom_02"":5,""CoinDenom_03"":10,""CoinDenom_04"":25,""CoinDenom_05"":0,""CoinDenom_06"":0,""BillCount_01"":0,""BillCount_02"":0,""BillCount_03"":0,""BillCount_04"":0,""BillCount_05"":0,""BillCount_06"":0,""CoinCount_01"":0,""CoinCount_02"":0,""CoinCount_03"":0,""CoinCount_04"":0,""CoinCount_05"":0,""CoinCount_06"":0,""ManualPay"":0.0,""TransactionNumber"":0,""TransactionType"":""WDRAWTX""}}'",2025-06-01 00:05:30.179-07:00,2025060100051906,100.0,0.0,DENIED,nan,9239,nan,WDRAWTX,ATM
"___00:06:31 403002 ATM.     'Posting Transaction Result  0:{""type"":""ATM"",""accountType"":""CHEKAC"",""seqNumber"":""2025060100060606"",""Authorization"":{""AuthNumber"":""2852"",""ErrorCode"":""0"",""ErrorDescription"":""0"",""Fee"":4.95,""OrderId"":""2852"",""RegisterTime"":""2025-06-01T00:06:31.117-07:00"",""TransactionNumber"":2025060100060606},""Operation"":{""Amount"":100.0,""BillDespensed"":100.0,""CardNumber"":""9239"",""HostIP"":"""",""RegistrationDatetime"":""2025-06-01T00:06:31.117-07:00"",""SequenceNumber"":""2025060100060606"",""Status"":""COMPLETED""},""TransactionDetail"":{""Amount"":100.0,""DispensedTotal"":100.0,""BillDenom_01"":1,""BillDenom_02"":5,""BillDenom_03"":10,""BillDenom_04"":20,""BillDenom_05"":50,""BillDenom_06"":100,""CoinDenom_01"":1,""CoinDenom_02"":5,""CoinDenom_03"":10,""CoinDenom_04"":25,""CoinDenom_05"":0,""CoinDenom_06"":0,""BillCount_01"":0,""BillCount_02"":0,""BillCount_03"":0,""BillCount_04"":0,""BillCount_05"":0,""BillCount_06"":1,""CoinCount_01"":0,""CoinCount_02"":0,""CoinCount_03"":0,""CoinCount_04"":0,""CoinCount_05"":0,""CoinCount_06"":0,""ManualPay"":0.0,""TransactionNumber"":0,""TransactionType"":""WDRAWTX""}}'",2025-06-01 00:06:31.117-07:00,2025060100060606,100.0,100.0,COMPLETED,2852,9239,nan,WDRAWTX,ATM
"___00:07:49 403002 ATM.     'Posting Transaction Result  0:{""type"":""ATM"",""accountType"":""CHEKAC"",""seqNumber"":""2025060100071606"",""Authorization"":{""AuthNumber"":""2853"",""ErrorCode"":""0"",""ErrorDescription"":""0"",""Fee"":4.95,""OrderId"":""2853"",""RegisterTime"":""2025-06-01T00:07:49.711-07:00"",""TransactionNumber"":2025060100071606},""Operation"":{""Amount"":100.0,""BillDespensed"":100.0,""CardNumber"":""1623"",""HostIP"":"""",""RegistrationDatetime"":""2025-06-01T00:07:49.711-07:00"",""SequenceNumber"":""2025060100071606"",""Status"":""COMPLETED""},""TransactionDetail"":{""Amount"":100.0,""DispensedTotal"":100.0,""BillDenom_01"":1,""BillDenom_02"":5,""BillDenom_03"":10,""BillDenom_04"":20,""BillDenom_05"":50,""BillDenom_06"":100,""CoinDenom_01"":1,""CoinDenom_02"":5,""CoinDenom_03"":10,""CoinDenom_04"":25,""CoinDenom_05"":0,""CoinDenom_06"":0,""BillCount_01"":0,""BillCount_02"":0,""BillCount_03"":0,""BillCount_04"":0,""BillCount_05"":0,""BillCount_06"":1,""CoinCount_01"":0,""CoinCount_02"":0,""CoinCount_03"":0,""CoinCount_04"":0,""CoinCount_05"":0,""CoinCount_06"":0,""ManualPay"":0.0,""TransactionNumber"":0,""TransactionType"":""WDRAWTX""}}'",2025-06-01 00:07:49.711-07:00,2025060100071606,100.0,100.0,COMPLETED,2853,1623,nan,WDRAWTX,ATM
"___00:09:14 403002 ATM.     'Posting Transaction Result  0:{""type"":""ATM"",""accountType"":""CHEKAC"",""seqNumber"":""2025060100084206"",""Authorization"":{""AuthNumber"":""2854"",""ErrorCode"":""0"",""ErrorDescription"":""0"",""Fee"":4.95,""OrderId"":""2854"",""RegisterTime"":""2025-06-01T00:09:14.516-07:00"",""TransactionNumber"":2025060100084206},""Operation"":{""Amount"":100.0,""BillDespensed"":100.0,""CardNumber"":""1171"",""HostIP"":"""",""RegistrationDatetime"":""2025-06-01T00:09:14.516-07:00"",""SequenceNumber"":""2025060100084206"",""Status"":""COMPLETED""},""TransactionDetail"":{""Amount"":100.0,""DispensedTotal"":100.0,""BillDenom_01"":1,""BillDenom_02"":5,""BillDenom_03"":10,""BillDenom_04"":20,""BillDenom_05"":50,""BillDenom_06"":100,""CoinDenom_01"":1,""CoinDenom_02"":5,""CoinDenom_03"":10,""CoinDenom_04"":25,""CoinDenom_05"":0,""CoinDenom_06"":0,""BillCount_01"":0,""BillCount_02"":0,""BillCount_03"":0,""BillCount_04"":0,""BillCount_05"":0,""BillCount_06"":1,""CoinCount_01"":0,""CoinCount_02"":0,""CoinCount_03"":0,""CoinCount_04"":0,""CoinCount_05"":0,""CoinCount_06"":0,""ManualPay"":0.0,""TransactionNumber"":0,""TransactionType"":""WDRAWTX""}}'",2025-06-01 00:09:14.516-07:00,2025060100084206,100.0,100.0,COMPLETED,2854,1171,nan,WDRAWTX,ATM
"___00:11:17 403002 ATM.     'Posting Transaction Result  0:{""type"":""ATM"",""accountType"":""CHEKAC"",""seqNumber"":""2025060100104406"",""Authorization"":{""AuthNumber"":""2855"",""ErrorCode"":""0"",""ErrorDescription"":""0"",""Fee"":4.95,""OrderId"":""2855"",""RegisterTime"":""2025-06-01T00:11:17.590-07:00"",""TransactionNumber"":2025060100104406},""Operation"":{""Amount"":160.0,""BillDespensed"":160.0,""CardNumber"":""6864"",""HostIP"":"""",""RegistrationDatetime"":""2025-06-01T00:11:17.590-07:00"",""SequenceNumber"":""2025060100104406"",""Status"":""COMPLETED""},""TransactionDetail"":{""Amount"":160.0,""DispensedTotal"":160.0,""BillDenom_01"":1,""BillDenom_02"":5,""BillDenom_03"":10,""BillDenom_04"":20,""BillDenom_05"":50,""BillDenom_06"":100,""CoinDenom_01"":1,""CoinDenom_02"":5,""CoinDenom_03"":10,""CoinDenom_04"":25,""CoinDenom_05"":0,""CoinDenom_06"":0,""BillCount_01"":0,""BillCount_02"":0,""BillCount_03"":0,""BillCount_04"":3,""BillCount_05"":0,""BillCount_06"":1,""CoinCount_01"":0,""CoinCount_02"":0,""CoinCount_03"":0,""CoinCount_04"":0,""CoinCount_05"":0,""CoinCount_06"":0,""ManualPay"":0.0,""TransactionNumber"":0,""TransactionType"":""WDRAWTX""}}'",2025-06-01 00:11:17.590-07:00,2025060100104406,160.0,160.0,COMPLETED,2855,6864,nan,WDRAWTX,ATM
"___00:12:45 403002 ATM.     'Posting Transaction Result  0:{""type"":""ATM"",""accountType"":""CHEKAC"",""seqNumber"":""2025060100121406"",""Authorization"":{""AuthNumber"":""2856"",""ErrorCode"":""0"",""ErrorDescription"":""0"",""Fee"":4.95,""OrderId"":""2856"",""RegisterTime"":""2025-06-01T00:12:45.324-07:00"",""TransactionNumber"":2025060100121406},""Operation"":{""Amount"":200.0,""BillDespensed"":200.0,""CardNumber"":""5367"",""HostIP"":"""",""RegistrationDatetime"":""2025-06-01T00:12:45.324-07:00"",""SequenceNumber"":""2025060100121406"",""Status"":""COMPLETED""},""TransactionDetail"":{""Amount"":200.0,""DispensedTotal"":200.0,""BillDenom_01"":1,""BillDenom_02"":5,""BillDenom_03"":10,""BillDenom_04"":20,""BillDenom_05"":50,""BillDenom_06"":100,""CoinDenom_01"":1,""CoinDenom_02"":5,""CoinDenom_03"":10,""CoinDenom_04"":25,""CoinDenom_05"":0,""CoinDenom_06"":0,""BillCount_01"":0,""BillCount_02"":0,""BillCount_03"":0,""BillCount_04"":0,""BillCount_05"":0,""BillCount_06"":2,""CoinCount_01"":0,""CoinCount_02"":0,""CoinCount_03"":0,""CoinCount_04"":0,""CoinCount_05"":0,""CoinCount_06"":0,""ManualPay"":0.0,""TransactionNumber"":0,""TransactionType"":""WDRAWTX""}}'",2025-06-01 00:12:45.324-07:00,2025060100121406,200.0,200.0,COMPLETED,2856,5367,nan,WDRAWTX,ATM
"___00:14:51 403002 ATM.     'Posting Transaction Result  0:{""type"":""ATM"",""accountType"":""CHEKAC"",""seqNumber"":""2025060100143406"",""Authorization"":{""ErrorCode"":""0"",""ErrorDescription"":""0"",""Fee"":0.0,""RegisterTime"":""2025-06-01T00:14:51.725-07:00"",""TransactionNumber"":2025060100143406},""Operation"":{""Amount"":500.0,""BillDespensed"":0.0,""CardNumber"":""0841"",""HostIP"":"""",""RegistrationDatetime"":""2025-06-01T00:14:51.725-07:00"",""SequenceNumber"":""2025060100143406"",""Status"":""DENIED""},""TransactionDetail"":{""Amount"":500.0,""DispensedTotal"":0.0,""BillDenom_01"":1,""BillDenom_02"":5,""BillDenom_03"":10,""BillDenom_04"":20,""BillDenom_05"":50,""BillDenom_06"":100,""CoinDenom_01"":1,""CoinDenom_02"":5,""CoinDenom_03"":10,""CoinDenom_04"":25,""CoinDenom_05"":0,""CoinDenom_06"":0,""BillCount_01"":0,""BillCount_02"":0,""BillCount_03"":0,""BillCount_04"":0,""BillCount_05"":0,""BillCount_06"":0,""CoinCount_01"":0,""CoinCount_02"":0,""CoinCount_03"":0,""CoinCount_04"":0,""CoinCount_05"":0,""CoinCount_06"":0,""ManualPay"":0.0,""TransactionNumber"":0,""TransactionType"":""WDRAWTX""}}'",2025-06-01 00:14:51.725-07:00,2025060100143406,500.0,0.0,DENIED,nan,0841,nan,WDRAWTX,ATM
"___00:16:14 403002 ATM.     'Posting Transaction Result  0:{""type"":""ATM"",""accountType"":""CHEKAC"",""seqNumber"":""2025060100153906"",""Authorization"":{""AuthNumber"":""2859"",""ErrorCode"":""0"",""ErrorDescription"":""0"",""Fee"":4.950012,""OrderId"":""2859"",""RegisterTime"":""2025-06-01T00:16:14.276-07:00"",""TransactionNumber"":2025060100153906},""Operation"":{""Amount"":400.0,""BillDespensed"":0.0,""CardNumber"":""0841"",""HostIP"":"""",""RegistrationDatetime"":""2025-06-01T00:16:14.276-07:00"",""SequenceNumber"":""2025060100153906"",""Status"":""DENIED"",""TicketData"":""DCC""},""TransactionDetail"":{""Amount"":400.0,""DispensedTotal"":400.0,""BillDenom_01"":1,""BillDenom_02"":5,""BillDenom_03"":10,""BillDenom_04"":20,""BillDenom_05"":50,""BillDenom_06"":100,""CoinDenom_01"":1,""CoinDenom_02"":5,""CoinDenom_03"":10,""CoinDenom_04"":25,""CoinDenom_05"":0,""CoinDenom_06"":0,""BillCount_01"":0,""BillCount_02"":0,""BillCount_03"":0,""BillCount_04"":0,""BillCount_05"":0,""BillCount_06"":4,""CoinCount_01"":0,""CoinCount_02"":0,""CoinCount_03"":0,""CoinCount_04"":0,""CoinCount_05"":0,""CoinCount_06"":0,""ManualPay"":0.0,""TransactionNumber"":0,""TransactionType"":""WDRAWTX""}}'",2025-06-01 00:16:14.276-07:00,2025060100153906,400.0,400.0,DENIED,2859,0841,nan,WDRAWTX,ATM
"___00:18:16 403002 ATM.     'Posting Transaction Result  0:{""type"":""ATM"",""accountType"":""CHEKAC"",""seqNumber"":""2025060100174106"",""Authorization"":{""AuthNumber"":""2860"",""ErrorCode"":""0"",""ErrorDescription"":""0"",""Fee"":4.95,""OrderId"":""2860"",""RegisterTime"":""2025-06-01T00:18:16.003-07:00"",""TransactionNumber"":2025060100174106},""Operation"":{""Amount"":300.0,""BillDespensed"":300.0,""CardNumber"":""0400"",""HostIP"":"""",""RegistrationDatetime"":""2025-06-01T00:18:16.003-07:00"",""SequenceNumber"":""2025060100174106"",""Status"":""COMPLETED""},""TransactionDetail"":{""Amount"":300.0,""DispensedTotal"":300.0,""BillDenom_01"":1,""BillDenom_02"":5,""BillDenom_03"":10,""BillDenom_04"":20,""BillDenom_05"":50,""BillDenom_06"":100,""CoinDenom_01"":1,""CoinDenom_02"":5,""CoinDenom_03"":10,""CoinDenom_04"":25,""CoinDenom_05"":0,""CoinDenom_06"":0,""BillCount_01"":0,""BillCount_02"":0,""BillCount_03"":0,""BillCount_04"":0,""BillCount_05"":0,""BillCount_06"":3,""CoinCount_01"":0,""CoinCount_02"":0,""CoinCount_03"":0,""CoinCount_04"":0,""CoinCount_05"":0,""CoinCount_06"":0,""ManualPay"":0.0,""TransactionNumber"":0,""TransactionType"":""WDRAWTX""}}'",2025-06-01 00:18:16.003-07:00,2025060100174106,300.0,300.0,COMPLETED,2860,0400,nan,WDRAWTX,ATM
"___00:19:45 403002 ATM.     'Posting Transaction Result  0:{""type"":""ATM"",""accountType"":""CHEKAC"",""seqNumber"":""2025060100191506"",""Authorization"":{""AuthNumber"":""2861"",""ErrorCode"":""0"",""ErrorDescription"":""0"",""Fee"":4.95,""OrderId"":""2861"",""RegisterTime"":""2025-06-01T00:19:45.188-07:00"",""TransactionNumber"":2025060100191506},""Operation"":{""Amount"":60.0,""BillDespensed"":60.0,""CardNumber"":""9430"",""HostIP"":"""",""RegistrationDatetime"":""2025-06-01T00:19:45.188-07:00"",""SequenceNumber"":""2025060100191506"",""Status"":""COMPLETED""},""TransactionDetail"":{""Amount"":60.0,""DispensedTotal"":60.0,""BillDenom_01"":1,""BillDenom_02"":5,""BillDenom_03"":10,""BillDenom_04"":20,""BillDenom_05"":50,""BillDenom_06"":100,""CoinDenom_01"":1,""CoinDenom_02"":5,""CoinDenom_03"":10,""CoinDenom_04"":25,""CoinDenom_05"":0,""CoinDenom_06"":0,""BillCount_01"":0,""BillCount_02"":0,""BillCount_03"":0,""BillCount_04"":3,""BillCount_05"":0,""BillCount_06"":0,""CoinCount_01"":0,""CoinCount_02"":0,""CoinCount_03"":0,""CoinCount_04"":0,""CoinCount_05"":0,""CoinCount_06"":0,""ManualPay"":0.0,""TransactionNumber"":0,""TransactionType"":""WDRAWTX""}}'",2025-06-01 00:19:45.188-07:00,2025060100191506,60.0,60.0,COMPLETED,2861,9430,nan,WDRAWTX,ATM
"___00:25:06 403002 ATM.     'Posting Transaction Result  0:{""type"":""ATM"",""accountType"":""CHEKAC"",""seqNumber"":""2025060100243406"",""Authorization"":{""AuthNumber"":""2862"",""ErrorCode"":""0"",""ErrorDescription"":""0"",""Fee"":4.95,""OrderId"":""2862"",""RegisterTime"":""2025-06-01T00:25:06.827-07:00"",""TransactionNumber"":2025060100243406},""Operation"":{""Amount"":100.0,""BillDespensed"":100.0,""CardNumber"":""5007"",""HostIP"":"""",""RegistrationDatetime"":""2025-06-01T00:25:06.827-07:00"",""SequenceNumber"":""2025060100243406"",""Status"":""COMPLETED""},""TransactionDetail"":{""Amount"":100.0,""DispensedTotal"":100.0,""BillDenom_01"":1,""BillDenom_02"":5,""BillDenom_03"":10,""BillDenom_04"":20,""BillDenom_05"":50,""BillDenom_06"":100,""CoinDenom_01"":1,""CoinDenom_02"":5,""CoinDenom_03"":10,""CoinDenom_04"":25,""CoinDenom_05"":0,""CoinDenom_06"":0,""BillCount_01"":0,""BillCount_02"":0,""BillCount_03"":0,""BillCount_04"":0,""BillCount_05"":0,""BillCount_06"":1,""CoinCount_01"":0,""CoinCount_02"":0,""CoinCount_03"":0,""CoinCount_04"":0,""CoinCount_05"":0,""CoinCount_06"":0,""ManualPay"":0.0,""TransactionNumber"":0,""TransactionType"":""WDRAWTX""}}'",2025-06-01 00:25:06.827-07:00,2025060100243406,100.0,100.0,COMPLETED,2862,5007,nan,WDRAWTX,ATM
"___00:31:27 403002 ATM.     'Posting Transaction Result  0:{""type"":""ATM"",""accountType"":""CHEKAC"",""seqNumber"":""2025060100310806"",""Authorization"":{""ErrorCode"":""0"",""ErrorDescription"":""0"",""Fee"":0.0,""RegisterTime"":""2025-06-01T00:31:27.013-07:00"",""TransactionNumber"":2025060100310806},""Operation"":{""Amount"":800.0,""BillDespensed"":0.0,""CardNumber"":""8822"",""HostIP"":"""",""RegistrationDatetime"":""2025-06-01T00:31:27.013-07:00"",""SequenceNumber"":""2025060100310806"",""Status"":""DENIED""},""TransactionDetail"":{""Amount"":800.0,""DispensedTotal"":0.0,""BillDenom_01"":1,""BillDenom_02"":5,""BillDenom_03"":10,""BillDenom_04"":20,""BillDenom_05"":50,""BillDenom_06"":100,""CoinDenom_01"":1,""CoinDenom_02"":5,""CoinDenom_03"":10,""CoinDenom_04"":25,""CoinDenom_05"":0,""CoinDenom_06"":0,""BillCount_01"":0,""BillCount_02"":0,""BillCount_03"":0,""BillCount_04"":0,""BillCount_05"":0,""BillCount_06"":0,""CoinCount_01"":0,""CoinCount_02"":0,""CoinCount_03"":0,""CoinCount_04"":0,""CoinCount_05"":0,""CoinCount_06"":0,""ManualPay"":0.0,""TransactionNumber"":0,""TransactionType"":""WDRAWTX""}}'",2025-06-01 00:31:27.013-07:00,2025060100310806,800.0,0.0,DENIED,nan,8822,nan,WDRAWTX,ATM
"___00:32:49 403002 ATM.     'Posting Transaction Result  0:{""type"":""ATM"",""accountType"":""CHEKAC"",""seqNumber"":""2025060100321406"",""Authorization"":{""AuthNumber"":""2864"",""ErrorCode"":""0"",""ErrorDescription"":""0"",""Fee"":4.95,""OrderId"":""2864"",""RegisterTime"":""2025-06-01T00:32:48.966-07:00"",""TransactionNumber"":2025060100321406},""Operation"":{""Amount"":500.0,""BillDespensed"":500.0,""CardNumber"":""8822"",""HostIP"":"""",""RegistrationDatetime"":""2025-06-01T00:32:48.966-07:00"",""SequenceNumber"":""2025060100321406"",""Status"":""COMPLETED""},""TransactionDetail"":{""Amount"":500.0,""DispensedTotal"":500.0,""BillDenom_01"":1,""BillDenom_02"":5,""BillDenom_03"":10,""BillDenom_04"":20,""BillDenom_05"":50,""BillDenom_06"":100,""CoinDenom_01"":1,""CoinDenom_02"":5,""CoinDenom_03"":10,""CoinDenom_04"":25,""CoinDenom_05"":0,""CoinDenom_06"":0,""BillCount_01"":0,""BillCount_02"":0,""BillCount_03"":0,""BillCount_04"":0,""BillCount_05"":0,""BillCount_06"":5,""CoinCount_01"":0,""CoinCount_02"":0,""CoinCount_03"":0,""CoinCount_04"":0,""CoinCount_05"":0,""CoinCount_06"":0,""ManualPay"":0.0,""TransactionNumber"":0,""TransactionType"":""WDRAWTX""}}'",2025-06-01 00:32:48.966-07:00,2025060100321406,500.0,500.0,COMPLETED,2864,8822,nan,WDRAWTX,ATM
"___00:37:51 403002 ATM.     'Posting Transaction Result  0:{""type"":""ATM"",""accountType"":""CHEKAC"",""seqNumber"":""2025060100371906"",""Authorization"":{""AuthNumber"":""2865"",""ErrorCode"":""0"",""ErrorDescription"":""0"",""Fee"":4.95,""OrderId"":""2865"",""RegisterTime"":""2025-06-01T00:37:51.630-07:00"",""TransactionNumber"":2025060100371906},""Operation"":{""Amount"":100.0,""BillDespensed"":100.0,""CardNumber"":""5007"",""HostIP"":"""",""RegistrationDatetime"":""2025-06-01T00:37:51.630-07:00"",""SequenceNumber"":""2025060100371906"",""Status"":""COMPLETED""},""TransactionDetail"":{""Amount"":100.0,""DispensedTotal"":100.0,""BillDenom_01"":1,""BillDenom_02"":5,""BillDenom_03"":10,""BillDenom_04"":20,""BillDenom_05"":50,""BillDenom_06"":100,""CoinDenom_01"":1,""CoinDenom_02"":5,""CoinDenom_03"":10,""CoinDenom_04"":25,""CoinDenom_05"":0,""CoinDenom_06"":0,""BillCount_01"":0,""BillCount_02"":0,""BillCount_03"":0,""BillCount_04"":0,""BillCount_05"":0,""BillCount_06"":1,""CoinCount_01"":0,""CoinCount_02"":0,""CoinCount_03"":0,""CoinCount_04"":0,""CoinCount_05"":0,""CoinCount_06"":0,""ManualPay"":0.0,""TransactionNumber"":0,""TransactionType"":""WDRAWTX""}}'",2025-06-01 00:37:51.630-07:00,2025060100371906,100.0,100.0,COMPLETED,2865,5007,nan,WDRAWTX,ATM
"___00:39:24 403002 ATM.     'Posting Transaction Result  0:{""type"":""ATM"",""accountType"":""CHEKAC"",""seqNumber"":""2025060100384806"",""Authorization"":{""AuthNumber"":""2866"",""ErrorCode"":""0"",""ErrorDescription"":""0"",""Fee"":4.95,""OrderId"":""2866"",""RegisterTime"":""2025-06-01T00:39:24.479-07:00"",""TransactionNumber"":2025060100384806},""Operation"":{""Amount"":200.0,""BillDespensed"":200.0,""CardNumber"":""5278"",""HostIP"":"""",""RegistrationDatetime"":""2025-06-01T00:39:24.479-07:00"",""SequenceNumber"":""2025060100384806"",""Status"":""COMPLETED""},""TransactionDetail"":{""Amount"":200.0,""DispensedTotal"":200.0,""BillDenom_01"":1,""BillDenom_02"":5,""BillDenom_03"":10,""BillDenom_04"":20,""BillDenom_05"":50,""BillDenom_06"":100,""CoinDenom_01"":1,""CoinDenom_02"":5,""CoinDenom_03"":10,""CoinDenom_04"":25,""CoinDenom_05"":0,""CoinDenom_06"":0,""BillCount_01"":0,""BillCount_02"":0,""BillCount_03"":0,""BillCount_04"":0,""BillCount_05"":0,""BillCount_06"":2,""CoinCount_01"":0,""CoinCount_02"":0,""CoinCount_03"":0,""CoinCount_04"":0,""CoinCount_05"":0,""CoinCount_06"":0,""ManualPay"":0.0,""TransactionNumber"":0,""TransactionType"":""WDRAWTX""}}'",2025-06-01 00:39:24.479-07:00,2025060100384806,200.0,200.0,COMPLETED,2866,5278,nan,WDRAWTX,ATM
"___00:45:42 403002 ATM.     'Posting Transaction Result  0:{""type"":""ATM"",""accountType"":""CHEKAC"",""seqNumber"":""2025060100452606"",""Authorization"":{""ErrorCode"":""0"",""ErrorDescription"":""0"",""Fee"":0.0,""RegisterTime"":""2025-06-01T00:45:42.172-07:00"",""TransactionNumber"":2025060100452606},""Operation"":{""Amount"":400.0,""BillDespensed"":0.0,""CardNumber"":""1245"",""HostIP"":"""",""RegistrationDatetime"":""2025-06-01T00:45:42.172-07:00"",""SequenceNumber"":""2025060100452606"",""Status"":""DENIED""},""TransactionDetail"":{""Amount"":400.0,""DispensedTotal"":0.0,""BillDenom_01"":1,""BillDenom_02"":5,""BillDenom_03"":10,""BillDenom_04"":20,""BillDenom_05"":50,""BillDenom_06"":100,""CoinDenom_01"":1,""CoinDenom_02"":5,""CoinDenom_03"":10,""CoinDenom_04"":25,""CoinDenom_05"":0,""CoinDenom_06"":0,""BillCount_01"":0,""BillCount_02"":0,""BillCount_03"":0,""BillCount_04"":0,""BillCount_05"":0,""BillCount_06"":0,""CoinCount_01"":0,""CoinCount_02"":0,""CoinCount_03"":0,""CoinCount_04"":0,""CoinCount_05"":0,""CoinCount_06"":0,""ManualPay"":0.0,""TransactionNumber"":0,""TransactionType"":""WDRAWTX""}}'",2025-06-01 00:45:42.172-07:00,2025060100452606,400.0,0.0,DENIED,nan,1245,nan,WDRAWTX,ATM
"___00:47:21 403002 ATM.     'Posting Transaction Result  0:{""type"":""ATM"",""accountType"":""CHEKAC"",""seqNumber"":""2025060100470306"",""Authorization"":{""ErrorCode"":""0"",""ErrorDescription"":""0"",""Fee"":0.0,""RegisterTime"":""2025-06-01T00:47:21.201-07:00"",""TransactionNumber"":2025060100470306},""Operation"":{""Amount"":200.0,""BillDespensed"":0.0,""CardNumber"":""1245"",""HostIP"":"""",""RegistrationDatetime"":""2025-06-01T00:47:21.201-07:00"",""SequenceNumber"":""2025060100470306"",""Status"":""DENIED""},""TransactionDetail"":{""Amount"":200.0,""DispensedTotal"":0.0,""BillDenom_01"":1,""BillDenom_02"":5,""BillDenom_03"":10,""BillDenom_04"":20,""BillDenom_05"":50,""BillDenom_06"":100,""CoinDenom_01"":1,""CoinDenom_02"":5,""CoinDenom_03"":10,""CoinDenom_04"":25,""CoinDenom_05"":0,""CoinDenom_06"":0,""BillCount_01"":0,""BillCount_02"":0,""BillCount_03"":0,""BillCount_04"":0,""BillCount_05"":0,""BillCount_06"":0,""CoinCount_01"":0,""CoinCount_02"":0,""CoinCount_03"":0,""CoinCount_04"":0,""CoinCount_05"":0,""CoinCount_06"":0,""ManualPay"":0.0,""TransactionNumber"":0,""TransactionType"":""WDRAWTX""}}'",2025-06-01 00:47:21.201-07:00,2025060100470306,200.0,0.0,DENIED,nan,1245,nan,WDRAWTX,ATM
"___00:50:06 403002 ATM.     'Posting Transaction Result  0:{""type"":""ATM"",""accountType"":""CHEKAC"",""seqNumber"":""2025060100493206"",""Authorization"":{""AuthNumber"":""2869"",""ErrorCode"":""0"",""ErrorDescription"":""0"",""Fee"":4.95,""OrderId"":""2869"",""RegisterTime"":""2025-06-01T00:50:06.020-07:00"",""TransactionNumber"":2025060100493206},""Operation"":{""Amount"":400.0,""BillDespensed"":400.0,""CardNumber"":""0562"",""HostIP"":"""",""RegistrationDatetime"":""2025-06-01T00:50:06.020-07:00"",""SequenceNumber"":""2025060100493206"",""Status"":""COMPLETED""},""TransactionDetail"":{""Amount"":400.0,""DispensedTotal"":400.0,""BillDenom_01"":1,""BillDenom_02"":5,""BillDenom_03"":10,""BillDenom_04"":20,""BillDenom_05"":50,""BillDenom_06"":100,""CoinDenom_01"":1,""CoinDenom_02"":5,""CoinDenom_03"":10,""CoinDenom_04"":25,""CoinDenom_05"":0,""CoinDenom_06"":0,""BillCount_01"":0,""BillCount_02"":0,""BillCount_03"":0,""BillCount_04"":0,""BillCount_05"":0,""BillCount_06"":4,""CoinCount_01"":0,""CoinCount_02"":0,""CoinCount_03"":0,""CoinCount_04"":0,""CoinCount_05"":0,""CoinCount_06"":0,""ManualPay"":0.0,""TransactionNumber"":0,""TransactionType"":""WDRAWTX""}}'",2025-06-01 00:50:06.020-07:00,2025060100493206,400.0,400.0,COMPLETED,2869,0562,nan,WDRAWTX,ATM
"___00:51:29 403002 ATM.     'Posting Transaction Result  0:{""type"":""ATM"",""accountType"":""CHEKAC"",""seqNumber"":""2025060100505906"",""Authorization"":{""AuthNumber"":""2870"",""ErrorCode"":""0"",""ErrorDescription"":""0"",""Fee"":4.95,""OrderId"":""2870"",""RegisterTime"":""2025-06-01T00:51:29.258-07:00"",""TransactionNumber"":2025060100505906},""Operation"":{""Amount"":100.0,""BillDespensed"":100.0,""CardNumber"":""6592"",""HostIP"":"""",""RegistrationDatetime"":""2025-06-01T00:51:29.258-07:00"",""SequenceNumber"":""2025060100505906"",""Status"":""COMPLETED""},""TransactionDetail"":{""Amount"":100.0,""DispensedTotal"":100.0,""BillDenom_01"":1,""BillDenom_02"":5,""BillDenom_03"":10,""BillDenom_04"":20,""BillDenom_05"":50,""BillDenom_06"":100,""CoinDenom_01"":1,""CoinDenom_02"":5,""CoinDenom_03"":10,""CoinDenom_04"":25,""CoinDenom_05"":0,""CoinDenom_06"":0,""BillCount_01"":0,""BillCount_02"":0,""BillCount_03"":0,""BillCount_04"":0,""BillCount_05"":0,""BillCount_06"":1,""CoinCount_01"":0,""CoinCount_02"":0,""CoinCount_03"":0,""CoinCount_04"":0,""CoinCount_05"":0,""CoinCount_06"":0,""ManualPay"":0.0,""TransactionNumber"":0,""TransactionType"":""WDRAWTX""}}'",2025-06-01 00:51:29.258-07:00,2025060100505906,100.0,100.0,COMPLETED,2870,6592,nan,WDRAWTX,ATM
"___00:53:13 403002 ATM.     'Posting Transaction Result  0:{""type"":""ATM"",""accountType"":""CHEKAC"",""seqNumber"":""2025060100523906"",""Authorization"":{""AuthNumber"":""2871"",""ErrorCode"":""0"",""ErrorDescription"":""0"",""Fee"":4.95,""OrderId"":""2871"",""RegisterTime"":""2025-06-01T00:53:13.762-07:00"",""TransactionNumber"":2025060100523906},""Operation"":{""Amount"":200.0,""BillDespensed"":200.0,""CardNumber"":""8396"",""HostIP"":"""",""RegistrationDatetime"":""2025-06-01T00:53:13.762-07:00"",""SequenceNumber"":""2025060100523906"",""Status"":""COMPLETED""},""TransactionDetail"":{""Amount"":200.0,""DispensedTotal"":200.0,""BillDenom_01"":1,""BillDenom_02"":5,""BillDenom_03"":10,""BillDenom_04"":20,""BillDenom_05"":50,""BillDenom_06"":100,""CoinDenom_01"":1,""CoinDenom_02"":5,""CoinDenom_03"":10,""CoinDenom_04"":25,""CoinDenom_05"":0,""CoinDenom_06"":0,""BillCount_01"":0,""BillCount_02"":0,""BillCount_03"":0,""BillCount_04"":0,""BillCount_05"":0,""BillCount_06"":2,""CoinCount_01"":0,""CoinCount_02"":0,""CoinCount_03"":0,""CoinCount_04"":0,""CoinCount_05"":0,""CoinCount_06"":0,""ManualPay"":0.0,""TransactionNumber"":0,""TransactionType"":""WDRAWTX""}}'",2025-06-01 00:53:13.762-07:00,2025060100523906,200.0,200.0,COMPLETED,2871,8396,nan,WDRAWTX,ATM
"___00:54:30 403002 ATM.     'Posting Transaction Result  0:{""type"":""ATM"",""accountType"":""CHEKAC"",""seqNumber"":""2025060100541406"",""Authorization"":{""ErrorCode"":""0"",""ErrorDescription"":""0"",""Fee"":0.0,""RegisterTime"":""2025-06-01T00:54:30.179-07:00"",""TransactionNumber"":2025060100541406},""Operation"":{""Amount"":0.0,""BillDespensed"":0.0,""CardNumber"":""6377"",""HostIP"":"""",""RegistrationDatetime"":""2025-06-01T00:54:30.179-07:00"",""SequenceNumber"":""2025060100541406"",""Status"":""COMPLETED""},""TransactionDetail"":{""Amount"":0.0,""DispensedTotal"":0.0,""BillDenom_01"":1,""BillDenom_02"":5,""BillDenom_03"":10,""BillDenom_04"":20,""BillDenom_05"":50,""BillDenom_06"":100,""CoinDenom_01"":1,""CoinDenom_02"":5,""CoinDenom_03"":10,""CoinDenom_04"":25,""CoinDenom_05"":0,""CoinDenom_06"":0,""BillCount_01"":0,""BillCount_02"":0,""BillCount_03"":0,""BillCount_04"":0,""BillCount_05"":0,""BillCount_06"":0,""CoinCount_01"":0,""CoinCount_02"":0,""CoinCount_03"":0,""CoinCount_04"":0,""CoinCount_05"":0,""CoinCount_06"":0,""ManualPay"":0.0,""TransactionNumber"":0,""TransactionType"":""BLNCINQRTX""}}'",2025-06-01 00:54:30.179-07:00,2025060100541406,0.0,0.0,COMPLETED,nan,6377,nan,BLNCINQRTX,ATM
"___00:55:37 403002 ATM.     'Posting Transaction Result  0:{""type"":""ATM"",""accountType"":""CHEKAC"",""seqNumber"":""2025060100550206"",""Authorization"":{""AuthNumber"":""2873"",""ErrorCode"":""0"",""ErrorDescription"":""0"",""Fee"":4.95,""OrderId"":""2873"",""RegisterTime"":""2025-06-01T00:55:37.777-07:00"",""TransactionNumber"":2025060100550206},""Operation"":{""Amount"":300.0,""BillDespensed"":300.0,""CardNumber"":""6377"",""HostIP"":"""",""RegistrationDatetime"":""2025-06-01T00:55:37.777-07:00"",""SequenceNumber"":""2025060100550206"",""Status"":""COMPLETED""},""TransactionDetail"":{""Amount"":300.0,""DispensedTotal"":300.0,""BillDenom_01"":1,""BillDenom_02"":5,""BillDenom_03"":10,""BillDenom_04"":20,""BillDenom_05"":50,""BillDenom_06"":100,""CoinDenom_01"":1,""CoinDenom_02"":5,""CoinDenom_03"":10,""CoinDenom_04"":25,""CoinDenom_05"":0,""CoinDenom_06"":0,""BillCount_01"":0,""BillCount_02"":0,""BillCount_03"":0,""BillCount_04"":0,""BillCount_05"":0,""BillCount_06"":3,""CoinCount_01"":0,""CoinCount_02"":0,""CoinCount_03"":0,""CoinCount_04"":0,""CoinCount_05"":0,""CoinCount_06"":0,""ManualPay"":0.0,""TransactionNumber"":0,""TransactionType"":""WDRAWTX""}}'",2025-06-01 00:55:37.777-07:00,2025060100550206,300.0,300.0,COMPLETED,2873,6377,nan,WDRAWTX,ATM
"___00:57:15 403002 ATM.     'Posting Transaction Result  0:{""type"":""ATM"",""accountType"":""CHEKAC"",""seqNumber"":""2025060100564106"",""Authorization"":{""AuthNumber"":""2874"",""ErrorCode"":""0"",""ErrorDescription"":""0"",""Fee"":4.95,""OrderId"":""2874"",""RegisterTime"":""2025-06-01T00:57:15.582-07:00"",""TransactionNumber"":2025060100564106},""Operation"":{""Amount"":100.0,""BillDespensed"":100.0,""CardNumber"":""2412"",""HostIP"":"""",""RegistrationDatetime"":""2025-06-01T00:57:15.582-07:00"",""SequenceNumber"":""2025060100564106"",""Status"":""COMPLETED""},""TransactionDetail"":{""Amount"":100.0,""DispensedTotal"":100.0,""BillDenom_01"":1,""BillDenom_02"":5,""BillDenom_03"":10,""BillDenom_04"":20,""BillDenom_05"":50,""BillDenom_06"":100,""CoinDenom_01"":1,""CoinDenom_02"":5,""CoinDenom_03"":10,""CoinDenom_04"":25,""CoinDenom_05"":0,""CoinDenom_06"":0,""BillCount_01"":0,""BillCount_02"":0,""BillCount_03"":0,""BillCount_04"":0,""BillCount_05"":0,""BillCount_06"":1,""CoinCount_01"":0,""CoinCount_02"":0,""CoinCount_03"":0,""CoinCount_04"":0,""CoinCount_05"":0,""CoinCount_06"":0,""ManualPay"":0.0,""TransactionNumber"":0,""TransactionType"":""WDRAWTX""}}'",2025-06-01 00:57:15.582-07:00,2025060100564106,100.0,100.0,COMPLETED,2874,2412,nan,WDRAWTX,ATM
"___01:01:10 403002 ATM.     'Posting Transaction Result  0:{""type"":""ATM"",""accountType"":""CHEKAC"",""seqNumber"":""2025060101004006"",""Authorization"":{""AuthNumber"":""2875"",""ErrorCode"":""0"",""ErrorDescription"":""0"",""Fee"":4.95,""OrderId"":""2875"",""RegisterTime"":""2025-06-01T01:01:10.432-07:00"",""TransactionNumber"":2025060101004006},""Operation"":{""Amount"":100.0,""BillDespensed"":100.0,""CardNumber"":""1935"",""HostIP"":"""",""RegistrationDatetime"":""2025-06-01T01:01:10.432-07:00"",""SequenceNumber"":""2025060101004006"",""Status"":""COMPLETED""},""TransactionDetail"":{""Amount"":100.0,""DispensedTotal"":100.0,""BillDenom_01"":1,""BillDenom_02"":5,""BillDenom_03"":10,""BillDenom_04"":20,""BillDenom_05"":50,""BillDenom_06"":100,""CoinDenom_01"":1,""CoinDenom_02"":5,""CoinDenom_03"":10,""CoinDenom_04"":25,""CoinDenom_05"":0,""CoinDenom_06"":0,""BillCount_01"":0,""BillCount_02"":0,""BillCount_03"":0,""BillCount_04"":0,""BillCount_05"":0,""BillCount_06"":1,""CoinCount_01"":0,""CoinCount_02"":0,""CoinCount_03"":0,""CoinCount_04"":0,""CoinCount_05"":0,""CoinCount_06"":0,""ManualPay"":0.0,""TransactionNumber"":0,""TransactionType"":""WDRAWTX""}}'",2025-06-01 01:01:10.432-07:00,2025060101004006,100.0,100.0,COMPLETED,2875,1935,nan,WDRAWTX,ATM
"___01:10:35 403002 ATM.     'Posting Transaction Result  0:{""type"":""ATM"",""accountType"":""CHEKAC"",""seqNumber"":""2025060101102306"",""Authorization"":{""ErrorCode"":""0"",""ErrorDescription"":""0"",""Fee"":0.0,""RegisterTime"":""2025-06-01T01:10:35.581-07:00"",""TransactionNumber"":2025060101102306},""Operation"":{""Amount"":60.0,""BillDespensed"":0.0,""CardNumber"":""6037"",""HostIP"":"""",""RegistrationDatetime"":""2025-06-01T01:10:35.581-07:00"",""SequenceNumber"":""2025060101102306"",""Status"":""DENIED""},""TransactionDetail"":{""Amount"":60.0,""DispensedTotal"":0.0,""BillDenom_01"":1,""BillDenom_02"":5,""BillDenom_03"":10,""BillDenom_04"":20,""BillDenom_05"":50,""BillDenom_06"":100,""CoinDenom_01"":1,""CoinDenom_02"":5,""CoinDenom_03"":10,""CoinDenom_04"":25,""CoinDenom_05"":0,""CoinDenom_06"":0,""BillCount_01"":0,""BillCount_02"":0,""BillCount_03"":0,""BillCount_04"":0,""BillCount_05"":0,""BillCount_06"":0,""CoinCount_01"":0,""CoinCount_02"":0,""CoinCount_03"":0,""CoinCount_04"":0,""CoinCount_05"":0,""CoinCount_06"":0,""ManualPay"":0.0,""TransactionNumber"":0,""TransactionType"":""WDRAWTX""}}'",2025-06-01 01:10:35.581-07:00,2025060101102306,60.0,0.0,DENIED,nan,6037,nan,WDRAWTX,ATM
"___01:21:22 403002 ATM.     'Posting Transaction Result  0:{""type"":""ATM"",""accountType"":""CHEKAC"",""seqNumber"":""2025060101204906"",""Authorization"":{""AuthNumber"":""2877"",""ErrorCode"":""0"",""ErrorDescription"":""0"",""Fee"":4.95,""OrderId"":""2877"",""RegisterTime"":""2025-06-01T01:21:22.963-07:00"",""TransactionNumber"":2025060101204906},""Operation"":{""Amount"":400.0,""BillDespensed"":400.0,""CardNumber"":""0138"",""HostIP"":"""",""RegistrationDatetime"":""2025-06-01T01:21:22.963-07:00"",""SequenceNumber"":""2025060101204906"",""Status"":""COMPLETED""},""TransactionDetail"":{""Amount"":400.0,""DispensedTotal"":400.0,""BillDenom_01"":1,""BillDenom_02"":5,""BillDenom_03"":10,""BillDenom_04"":20,""BillDenom_05"":50,""BillDenom_06"":100,""CoinDenom_01"":1,""CoinDenom_02"":5,""CoinDenom_03"":10,""CoinDenom_04"":25,""CoinDenom_05"":0,""CoinDenom_06"":0,""BillCount_01"":0,""BillCount_02"":0,""BillCount_03"":0,""BillCount_04"":0,""BillCount_05"":0,""BillCount_06"":4,""CoinCount_01"":0,""CoinCount_02"":0,""CoinCount_03"":0,""CoinCount_04"":0,""CoinCount_05"":0,""CoinCount_06"":0,""ManualPay"":0.0,""TransactionNumber"":0,""TransactionType"":""WDRAWTX""}}'",2025-06-01 01:21:22.963-07:00,2025060101204906,400.0,400.0,COMPLETED,2877,0138,nan,WDRAWTX,ATM
"___01:23:35 403002 ATM.     'Posting Transaction Result  0:{""type"":""ATM"",""accountType"":""CHEKAC"",""seqNumber"":""2025060101231906"",""Authorization"":{""ErrorCode"":""0"",""ErrorDescription"":""0"",""Fee"":0.0,""RegisterTime"":""2025-06-01T01:23:35.619-07:00"",""TransactionNumber"":2025060101231906},""Operation"":{""Amount"":200.0,""BillDespensed"":0.0,""CardNumber"":""6697"",""HostIP"":"""",""RegistrationDatetime"":""2025-06-01T01:23:35.619-07:00"",""SequenceNumber"":""2025060101231906"",""Status"":""DENIED""},""TransactionDetail"":{""Amount"":200.0,""DispensedTotal"":0.0,""BillDenom_01"":1,""BillDenom_02"":5,""BillDenom_03"":10,""BillDenom_04"":20,""BillDenom_05"":50,""BillDenom_06"":100,""CoinDenom_01"":1,""CoinDenom_02"":5,""CoinDenom_03"":10,""CoinDenom_04"":25,""CoinDenom_05"":0,""CoinDenom_06"":0,""BillCount_01"":0,""BillCount_02"":0,""BillCount_03"":0,""BillCount_04"":0,""BillCount_05"":0,""BillCount_06"":0,""CoinCount_01"":0,""CoinCount_02"":0,""CoinCount_03"":0,""CoinCount_04"":0,""CoinCount_05"":0,""CoinCount_06"":0,""ManualPay"":0.0,""TransactionNumber"":0,""TransactionType"":""WDRAWTX""}}'",2025-06-01 01:23:35.619-07:00,2025060101231906,200.0,0.0,DENIED,nan,6697,nan,WDRAWTX,ATM
"___01:25:13 403002 ATM.     'Posting Transaction Result  0:{""type"":""ATM"",""accountType"":""CHEKAC"",""seqNumber"":""2025060101244206"",""Authorization"":{""AuthNumber"":""2879"",""ErrorCode"":""0"",""ErrorDescription"":""0"",""Fee"":4.95,""OrderId"":""2879"",""RegisterTime"":""2025-06-01T01:25:13.721-07:00"",""TransactionNumber"":2025060101244206},""Operation"":{""Amount"":120.0,""BillDespensed"":120.0,""CardNumber"":""7987"",""HostIP"":"""",""RegistrationDatetime"":""2025-06-01T01:25:13.721-07:00"",""SequenceNumber"":""2025060101244206"",""Status"":""COMPLETED""},""TransactionDetail"":{""Amount"":120.0,""DispensedTotal"":120.0,""BillDenom_01"":1,""BillDenom_02"":5,""BillDenom_03"":10,""BillDenom_04"":20,""BillDenom_05"":50,""BillDenom_06"":100,""CoinDenom_01"":1,""CoinDenom_02"":5,""CoinDenom_03"":10,""CoinDenom_04"":25,""CoinDenom_05"":0,""CoinDenom_06"":0,""BillCount_01"":0,""BillCount_02"":0,""BillCount_03"":0,""BillCount_04"":1,""BillCount_05"":0,""BillCount_06"":1,""CoinCount_01"":0,""CoinCount_02"":0,""CoinCount_03"":0,""CoinCount_04"":0,""CoinCount_05"":0,""CoinCount_06"":0,""ManualPay"":0.0,""TransactionNumber"":0,""TransactionType"":""WDRAWTX""}}'",2025-06-01 01:25:13.721-07:00,2025060101244206,120.0,120.0,COMPLETED,2879,7987,nan,WDRAWTX,ATM
"___01:35:35 403002 ATM.     'Posting Transaction Result  0:{""type"":""ATM"",""accountType"":""CHEKAC"",""seqNumber"":""2025060101350106"",""Authorization"":{""AuthNumber"":""2880"",""ErrorCode"":""0"",""ErrorDescription"":""0"",""Fee"":4.95,""OrderId"":""2880"",""RegisterTime"":""2025-06-01T01:35:35.313-07:00"",""TransactionNumber"":2025060101350106},""Operation"":{""Amount"":200.0,""BillDespensed"":200.0,""CardNumber"":""6646"",""HostIP"":"""",""RegistrationDatetime"":""2025-06-01T01:35:35.313-07:00"",""SequenceNumber"":""2025060101350106"",""Status"":""COMPLETED""},""TransactionDetail"":{""Amount"":200.0,""DispensedTotal"":200.0,""BillDenom_01"":1,""BillDenom_02"":5,""BillDenom_03"":10,""BillDenom_04"":20,""BillDenom_05"":50,""BillDenom_06"":100,""CoinDenom_01"":1,""CoinDenom_02"":5,""CoinDenom_03"":10,""CoinDenom_04"":25,""CoinDenom_05"":0,""CoinDenom_06"":0,""BillCount_01"":0,""BillCount_02"":0,""BillCount_03"":0,""BillCount_04"":0,""BillCount_05"":0,""BillCount_06"":2,""CoinCount_01"":0,""CoinCount_02"":0,""CoinCount_03"":0,""CoinCount_04"":0,""CoinCount_05"":0,""CoinCount_06"":0,""ManualPay"":0.0,""TransactionNumber"":0,""TransactionType"":""WDRAWTX""}}'",2025-06-01 01:35:35.313-07:00,2025060101350106,200.0,200.0,COMPLETED,2880,6646,nan,WDRAWTX,ATM
"___01:49:42 403002 ATM.     'Posting Transaction Result  0:{""type"":""ATM"",""accountType"":""CHEKAC"",""seqNumber"":""2025060101485706"",""Authorization"":{""AuthNumber"":""2882"",""ErrorCode"":""0"",""ErrorDescription"":""0"",""Fee"":4.95,""OrderId"":""2882"",""RegisterTime"":""2025-06-01T01:49:42.493-07:00"",""TransactionNumber"":2025060101485706},""Operation"":{""Amount"":200.0,""BillDespensed"":200.0,""CardNumber"":""0421"",""HostIP"":"""",""RegistrationDatetime"":""2025-06-01T01:49:42.493-07:00"",""SequenceNumber"":""2025060101485706"",""Status"":""COMPLETED""},""TransactionDetail"":{""Amount"":200.0,""DispensedTotal"":200.0,""BillDenom_01"":1,""BillDenom_02"":5,""BillDenom_03"":10,""BillDenom_04"":20,""BillDenom_05"":50,""BillDenom_06"":100,""CoinDenom_01"":1,""CoinDenom_02"":5,""CoinDenom_03"":10,""CoinDenom_04"":25,""CoinDenom_05"":0,""CoinDenom_06"":0,""BillCount_01"":0,""BillCount_02"":0,""BillCount_03"":0,""BillCount_04"":0,""BillCount_05"":0,""BillCount_06"":2,""CoinCount_01"":0,""CoinCount_02"":0,""CoinCount_03"":0,""CoinCount_04"":0,""CoinCount_05"":0,""CoinCount_06"":0,""ManualPay"":0.0,""TransactionNumber"":0,""TransactionType"":""WDRAWTX""}}'",2025-06-01 01:49:42.493-07:00,2025060101485706,200.0,200.0,COMPLETED,2882,0421,nan,WDRAWTX,ATM
"___01:56:19 403002 ATM.     'Posting Transaction Result  0:{""type"":""ATM"",""accountType"":""CHEKAC"",""seqNumber"":""2025060101553706"",""Authorization"":{""AuthNumber"":""2883"",""ErrorCode"":""0"",""ErrorDescription"":""0"",""Fee"":4.95,""OrderId"":""2883"",""RegisterTime"":""2025-06-01T01:56:19.111-07:00"",""TransactionNumber"":2025060101553706},""Operation"":{""Amount"":100.0,""BillDespensed"":100.0,""CardNumber"":""0458"",""HostIP"":"""",""RegistrationDatetime"":""2025-06-01T01:56:19.111-07:00"",""SequenceNumber"":""2025060101553706"",""Status"":""COMPLETED""},""TransactionDetail"":{""Amount"":100.0,""DispensedTotal"":100.0,""BillDenom_01"":1,""BillDenom_02"":5,""BillDenom_03"":10,""BillDenom_04"":20,""BillDenom_05"":50,""BillDenom_06"":100,""CoinDenom_01"":1,""CoinDenom_02"":5,""CoinDenom_03"":10,""CoinDenom_04"":25,""CoinDenom_05"":0,""CoinDenom_06"":0,""BillCount_01"":0,""BillCount_02"":0,""BillCount_03"":0,""BillCount_04"":0,""BillCount_05"":0,""BillCount_06"":1,""CoinCount_01"":0,""CoinCount_02"":0,""CoinCount_03"":0,""CoinCount_04"":0,""CoinCount_05"":0,""CoinCount_06"":0,""ManualPay"":0.0,""TransactionNumber"":0,""TransactionType"":""WDRAWTX""}}'",2025-06-01 01:56:19.111-07:00,2025060101553706,100.0,100.0,COMPLETED,2883,0458,nan,WDRAWTX,ATM
"___02:07:24 403002 ATM.     'Posting Transaction Result  0:{""type"":""ATM"",""accountType"":""CHEKAC"",""seqNumber"":""2025060102065206"",""Authorization"":{""AuthNumber"":""2884"",""ErrorCode"":""0"",""ErrorDescription"":""0"",""Fee"":4.95,""OrderId"":""2884"",""RegisterTime"":""2025-06-01T02:07:24.916-07:00"",""TransactionNumber"":2025060102065206},""Operation"":{""Amount"":100.0,""BillDespensed"":100.0,""CardNumber"":""6215"",""HostIP"":"""",""RegistrationDatetime"":""2025-06-01T02:07:24.916-07:00"",""SequenceNumber"":""2025060102065206"",""Status"":""COMPLETED""},""TransactionDetail"":{""Amount"":100.0,""DispensedTotal"":100.0,""BillDenom_01"":1,""BillDenom_02"":5,""BillDenom_03"":10,""BillDenom_04"":20,""BillDenom_05"":50,""BillDenom_06"":100,""CoinDenom_01"":1,""CoinDenom_02"":5,""CoinDenom_03"":10,""CoinDenom_04"":25,""CoinDenom_05"":0,""CoinDenom_06"":0,""BillCount_01"":0,""BillCount_02"":0,""BillCount_03"":0,""BillCount_04"":0,""BillCount_05"":0,""BillCount_06"":1,""CoinCount_01"":0,""CoinCount_02"":0,""CoinCount_03"":0,""CoinCount_04"":0,""CoinCount_05"":0,""CoinCount_06"":0,""ManualPay"":0.0,""TransactionNumber"":0,""TransactionType"":""WDRAWTX""}}'",2025-06-01 02:07:24.916-07:00,2025060102065206,100.0,100.0,COMPLETED,2884,6215,nan,WDRAWTX,ATM
"___02:15:56 403002 ATM.     'Posting Transaction Result  0:{""type"":""ATM"",""accountType"":""CHEKAC"",""seqNumber"":""2025060102151906"",""Authorization"":{""AuthNumber"":""2885"",""ErrorCode"":""0"",""ErrorDescription"":""0"",""Fee"":4.95,""OrderId"":""2885"",""RegisterTime"":""2025-06-01T02:15:56.714-07:00"",""TransactionNumber"":2025060102151906},""Operation"":{""Amount"":380.0,""BillDespensed"":380.0,""CardNumber"":""5212"",""HostIP"":"""",""RegistrationDatetime"":""2025-06-01T02:15:56.714-07:00"",""SequenceNumber"":""2025060102151906"",""Status"":""COMPLETED""},""TransactionDetail"":{""Amount"":380.0,""DispensedTotal"":380.0,""BillDenom_01"":1,""BillDenom_02"":5,""BillDenom_03"":10,""BillDenom_04"":20,""BillDenom_05"":50,""BillDenom_06"":100,""CoinDenom_01"":1,""CoinDenom_02"":5,""CoinDenom_03"":10,""CoinDenom_04"":25,""CoinDenom_05"":0,""CoinDenom_06"":0,""BillCount_01"":0,""BillCount_02"":0,""BillCount_03"":0,""BillCount_04"":4,""BillCount_05"":0,""BillCount_06"":3,""CoinCount_01"":0,""CoinCount_02"":0,""CoinCount_03"":0,""CoinCount_04"":0,""CoinCount_05"":0,""CoinCount_06"":0,""ManualPay"":0.0,""TransactionNumber"":0,""TransactionType"":""WDRAWTX""}}'",2025-06-01 02:15:56.714-07:00,2025060102151906,380.0,380.0,COMPLETED,2885,5212,nan,WDRAWTX,ATM
"___02:35:28 403002 ATM.     'Posting Transaction Result  0:{""type"":""ATM"",""accountType"":""CHEKAC"",""seqNumber"":""2025060102344606"",""Authorization"":{""AuthNumber"":""2886"",""ErrorCode"":""0"",""ErrorDescription"":""0"",""Fee"":4.95,""OrderId"":""2886"",""RegisterTime"":""2025-06-01T02:35:28.297-07:00"",""TransactionNumber"":2025060102344606},""Operation"":{""Amount"":200.0,""BillDespensed"":200.0,""CardNumber"":""6245"",""HostIP"":"""",""RegistrationDatetime"":""2025-06-01T02:35:28.297-07:00"",""SequenceNumber"":""2025060102344606"",""Status"":""COMPLETED""},""TransactionDetail"":{""Amount"":200.0,""DispensedTotal"":200.0,""BillDenom_01"":1,""BillDenom_02"":5,""BillDenom_03"":10,""BillDenom_04"":20,""BillDenom_05"":50,""BillDenom_06"":100,""CoinDenom_01"":1,""CoinDenom_02"":5,""CoinDenom_03"":10,""CoinDenom_04"":25,""CoinDenom_05"":0,""CoinDenom_06"":0,""BillCount_01"":0,""BillCount_02"":0,""BillCount_03"":0,""BillCount_04"":0,""BillCount_05"":0,""BillCount_06"":2,""CoinCount_01"":0,""CoinCount_02"":0,""CoinCount_03"":0,""CoinCount_04"":0,""CoinCount_05"":0,""CoinCount_06"":0,""ManualPay"":0.0,""TransactionNumber"":0,""TransactionType"":""WDRAWTX""}}'",2025-06-01 02:35:28.297-07:00,2025060102344606,200.0,200.0,COMPLETED,2886,6245,nan,WDRAWTX,ATM
"___02:41:34 403002 ATM.     'Posting Transaction Result  0:{""type"":""ATM"",""accountType"":""CHEKAC"",""seqNumber"":""2025060102411806"",""Authorization"":{""ErrorCode"":""0"",""ErrorDescription"":""0"",""Fee"":0.0,""RegisterTime"":""2025-06-01T02:41:34.374-07:00"",""TransactionNumber"":2025060102411806},""Operation"":{""Amount"":200.0,""BillDespensed"":0.0,""CardNumber"":""7897"",""HostIP"":"""",""RegistrationDatetime"":""2025-06-01T02:41:34.374-07:00"",""SequenceNumber"":""2025060102411806"",""Status"":""DENIED""},""TransactionDetail"":{""Amount"":200.0,""DispensedTotal"":0.0,""BillDenom_01"":1,""BillDenom_02"":5,""BillDenom_03"":10,""BillDenom_04"":20,""BillDenom_05"":50,""BillDenom_06"":100,""CoinDenom_01"":1,""CoinDenom_02"":5,""CoinDenom_03"":10,""CoinDenom_04"":25,""CoinDenom_05"":0,""CoinDenom_06"":0,""BillCount_01"":0,""BillCount_02"":0,""BillCount_03"":0,""BillCount_04"":0,""BillCount_05"":0,""BillCount_06"":0,""CoinCount_01"":0,""CoinCount_02"":0,""CoinCount_03"":0,""CoinCount_04"":0,""CoinCount_05"":0,""CoinCount_06"":0,""ManualPay"":0.0,""TransactionNumber"":0,""TransactionType"":""WDRAWTX""}}'",2025-06-01 02:41:34.374-07:00,2025060102411806,200.0,0.0,DENIED,nan,7897,nan,WDRAWTX,ATM
"___02:44:37 403002 ATM.     'Posting Transaction Result  0:{""type"":""ATM"",""accountType"":""CHEKAC"",""seqNumber"":""2025060102440406"",""Authorization"":{""AuthNumber"":""2888"",""ErrorCode"":""0"",""ErrorDescription"":""0"",""Fee"":4.95,""OrderId"":""2888"",""RegisterTime"":""2025-06-01T02:44:37.081-07:00"",""TransactionNumber"":2025060102440406},""Operation"":{""Amount"":180.0,""BillDespensed"":180.0,""CardNumber"":""7897"",""HostIP"":"""",""RegistrationDatetime"":""2025-06-01T02:44:37.081-07:00"",""SequenceNumber"":""2025060102440406"",""Status"":""COMPLETED""},""TransactionDetail"":{""Amount"":180.0,""DispensedTotal"":180.0,""BillDenom_01"":1,""BillDenom_02"":5,""BillDenom_03"":10,""BillDenom_04"":20,""BillDenom_05"":50,""BillDenom_06"":100,""CoinDenom_01"":1,""CoinDenom_02"":5,""CoinDenom_03"":10,""CoinDenom_04"":25,""CoinDenom_05"":0,""CoinDenom_06"":0,""BillCount_01"":0,""BillCount_02"":0,""BillCount_03"":0,""BillCount_04"":4,""BillCount_05"":0,""BillCount_06"":1,""CoinCount_01"":0,""CoinCount_02"":0,""CoinCount_03"":0,""CoinCount_04"":0,""CoinCount_05"":0,""CoinCount_06"":0,""ManualPay"":0.0,""TransactionNumber"":0,""TransactionType"":""WDRAWTX""}}'",2025-06-01 02:44:37.081-07:00,2025060102440406,180.0,180.0,COMPLETED,2888,7897,nan,WDRAWTX,ATM
"___02:48:18 403002 ATM.     'Posting Transaction Result  0:{""type"":""ATM"",""accountType"":""CHEKAC"",""seqNumber"":""2025060102474206"",""Authorization"":{""AuthNumber"":""2889"",""ErrorCode"":""0"",""ErrorDescription"":""0"",""Fee"":4.95,""OrderId"":""2889"",""RegisterTime"":""2025-06-01T02:48:18.335-07:00"",""TransactionNumber"":2025060102474206},""Operation"":{""Amount"":200.0,""BillDespensed"":200.0,""CardNumber"":""7785"",""HostIP"":"""",""RegistrationDatetime"":""2025-06-01T02:48:18.335-07:00"",""SequenceNumber"":""2025060102474206"",""Status"":""COMPLETED""},""TransactionDetail"":{""Amount"":200.0,""DispensedTotal"":200.0,""BillDenom_01"":1,""BillDenom_02"":5,""BillDenom_03"":10,""BillDenom_04"":20,""BillDenom_05"":50,""BillDenom_06"":100,""CoinDenom_01"":1,""CoinDenom_02"":5,""CoinDenom_03"":10,""CoinDenom_04"":25,""CoinDenom_05"":0,""CoinDenom_06"":0,""BillCount_01"":0,""BillCount_02"":0,""BillCount_03"":0,""BillCount_04"":0,""BillCount_05"":0,""BillCount_06"":2,""CoinCount_01"":0,""CoinCount_02"":0,""CoinCount_03"":0,""CoinCount_04"":0,""CoinCount_05"":0,""CoinCount_06"":0,""ManualPay"":0.0,""TransactionNumber"":0,""TransactionType"":""WDRAWTX""}}'",2025-06-01 02:48:18.335-07:00,2025060102474206,200.0,200.0,COMPLETED,2889,7785,nan,WDRAWTX,ATM
"___02:49:33 403002 ATM.     'Posting Transaction Result  0:{""type"":""ATM"",""accountType"":""CHEKAC"",""seqNumber"":""2025060102491906"",""Authorization"":{""ErrorCode"":""0"",""ErrorDescription"":""0"",""Fee"":0.0,""RegisterTime"":""2025-06-01T02:49:33.773-07:00"",""TransactionNumber"":2025060102491906},""Operation"":{""Amount"":100.0,""BillDespensed"":0.0,""CardNumber"":""3310"",""HostIP"":"""",""RegistrationDatetime"":""2025-06-01T02:49:33.773-07:00"",""SequenceNumber"":""2025060102491906"",""Status"":""DENIED""},""TransactionDetail"":{""Amount"":100.0,""DispensedTotal"":0.0,""BillDenom_01"":1,""BillDenom_02"":5,""BillDenom_03"":10,""BillDenom_04"":20,""BillDenom_05"":50,""BillDenom_06"":100,""CoinDenom_01"":1,""CoinDenom_02"":5,""CoinDenom_03"":10,""CoinDenom_04"":25,""CoinDenom_05"":0,""CoinDenom_06"":0,""BillCount_01"":0,""BillCount_02"":0,""BillCount_03"":0,""BillCount_04"":0,""BillCount_05"":0,""BillCount_06"":0,""CoinCount_01"":0,""CoinCount_02"":0,""CoinCount_03"":0,""CoinCount_04"":0,""CoinCount_05"":0,""CoinCount_06"":0,""ManualPay"":0.0,""TransactionNumber"":0,""TransactionType"":""WDRAWTX""}}'",2025-06-01 02:49:33.773-07:00,2025060102491906,100.0,0.0,DENIED,nan,3310,nan,WDRAWTX,ATM
"___02:52:23 403002 ATM.     'Posting Transaction Result  0:{""type"":""ATM"",""accountType"":""CHEKAC"",""seqNumber"":""2025060102521006"",""Authorization"":{""ErrorCode"":""0"",""ErrorDescription"":""0"",""Fee"":0.0,""RegisterTime"":""2025-06-01T02:52:23.698-07:00"",""TransactionNumber"":2025060102521006},""Operation"":{""Amount"":500.0,""BillDespensed"":0.0,""CardNumber"":""7837"",""HostIP"":"""",""RegistrationDatetime"":""2025-06-01T02:52:23.698-07:00"",""SequenceNumber"":""2025060102521006"",""Status"":""DENIED""},""TransactionDetail"":{""Amount"":500.0,""DispensedTotal"":0.0,""BillDenom_01"":1,""BillDenom_02"":5,""BillDenom_03"":10,""BillDenom_04"":20,""BillDenom_05"":50,""BillDenom_06"":100,""CoinDenom_01"":1,""CoinDenom_02"":5,""CoinDenom_03"":10,""CoinDenom_04"":25,""CoinDenom_05"":0,""CoinDenom_06"":0,""BillCount_01"":0,""BillCount_02"":0,""BillCount_03"":0,""BillCount_04"":0,""BillCount_05"":0,""BillCount_06"":0,""CoinCount_01"":0,""CoinCount_02"":0,""CoinCount_03"":0,""CoinCount_04"":0,""CoinCount_05"":0,""CoinCount_06"":0,""ManualPay"":0.0,""TransactionNumber"":0,""TransactionType"":""WDRAWTX""}}'",2025-06-01 02:52:23.698-07:00,2025060102521006,500.0,0.0,DENIED,nan,7837,nan,WDRAWTX,ATM
"___02:56:11 403002 ATM.     'Posting Transaction Result  0:{""type"":""ATM"",""accountType"":""CHEKAC"",""seqNumber"":""2025060102555606"",""Authorization"":{""ErrorCode"":""0"",""ErrorDescription"":""0"",""Fee"":0.0,""RegisterTime"":""2025-06-01T02:56:11.739-07:00"",""TransactionNumber"":2025060102555606},""Operation"":{""Amount"":0.0,""BillDespensed"":0.0,""CardNumber"":""6821"",""HostIP"":"""",""RegistrationDatetime"":""2025-06-01T02:56:11.739-07:00"",""SequenceNumber"":""2025060102555606"",""Status"":""COMPLETED""},""TransactionDetail"":{""Amount"":0.0,""DispensedTotal"":0.0,""BillDenom_01"":1,""BillDenom_02"":5,""BillDenom_03"":10,""BillDenom_04"":20,""BillDenom_05"":50,""BillDenom_06"":100,""CoinDenom_01"":1,""CoinDenom_02"":5,""CoinDenom_03"":10,""CoinDenom_04"":25,""CoinDenom_05"":0,""CoinDenom_06"":0,""BillCount_01"":0,""BillCount_02"":0,""BillCount_03"":0,""BillCount_04"":0,""BillCount_05"":0,""BillCount_06"":0,""CoinCount_01"":0,""CoinCount_02"":0,""CoinCount_03"":0,""CoinCount_04"":0,""CoinCount_05"":0,""CoinCount_06"":0,""ManualPay"":0.0,""TransactionNumber"":0,""TransactionType"":""BLNCINQRTX""}}'",2025-06-01 02:56:11.739-07:00,2025060102555606,0.0,0.0,COMPLETED,nan,6821,nan,BLNCINQRTX,ATM
"___02:57:41 403002 ATM.     'Posting Transaction Result  0:{""type"":""ATM"",""accountType"":""CHEKAC"",""seqNumber"":""2025060102570506"",""Authorization"":{""AuthNumber"":""2893"",""ErrorCode"":""0"",""ErrorDescription"":""0"",""Fee"":4.95,""OrderId"":""2893"",""RegisterTime"":""2025-06-01T02:57:41.532-07:00"",""TransactionNumber"":2025060102570506},""Operation"":{""Amount"":60.0,""BillDespensed"":60.0,""CardNumber"":""6821"",""HostIP"":"""",""RegistrationDatetime"":""2025-06-01T02:57:41.532-07:00"",""SequenceNumber"":""2025060102570506"",""Status"":""COMPLETED""},""TransactionDetail"":{""Amount"":60.0,""DispensedTotal"":60.0,""BillDenom_01"":1,""BillDenom_02"":5,""BillDenom_03"":10,""BillDenom_04"":20,""BillDenom_05"":50,""BillDenom_06"":100,""CoinDenom_01"":1,""CoinDenom_02"":5,""CoinDenom_03"":10,""CoinDenom_04"":25,""CoinDenom_05"":0,""CoinDenom_06"":0,""BillCount_01"":0,""BillCount_02"":0,""BillCount_03"":0,""BillCount_04"":3,""BillCount_05"":0,""BillCount_06"":0,""CoinCount_01"":0,""CoinCount_02"":0,""CoinCount_03"":0,""CoinCount_04"":0,""CoinCount_05"":0,""CoinCount_06"":0,""ManualPay"":0.0,""TransactionNumber"":0,""TransactionType"":""WDRAWTX""}}'",2025-06-01 02:57:41.532-07:00,2025060102570506,60.0,60.0,COMPLETED,2893,6821,nan,WDRAWTX,ATM
"___02:59:46 403002 ATM.     'Posting Transaction Result  0:{""type"":""ATM"",""accountType"":""CHEKAC"",""seqNumber"":""2025060102593006"",""Authorization"":{""ErrorCode"":""0"",""ErrorDescription"":""0"",""Fee"":0.0,""RegisterTime"":""2025-06-01T02:59:46.344-07:00"",""TransactionNumber"":2025060102593006},""Operation"":{""Amount"":500.0,""BillDespensed"":0.0,""CardNumber"":""1117"",""HostIP"":"""",""RegistrationDatetime"":""2025-06-01T02:59:46.344-07:00"",""SequenceNumber"":""2025060102593006"",""Status"":""DENIED""},""TransactionDetail"":{""Amount"":500.0,""DispensedTotal"":0.0,""BillDenom_01"":1,""BillDenom_02"":5,""BillDenom_03"":10,""BillDenom_04"":20,""BillDenom_05"":50,""BillDenom_06"":100,""CoinDenom_01"":1,""CoinDenom_02"":5,""CoinDenom_03"":10,""CoinDenom_04"":25,""CoinDenom_05"":0,""CoinDenom_06"":0,""BillCount_01"":0,""BillCount_02"":0,""BillCount_03"":0,""BillCount_04"":0,""BillCount_05"":0,""BillCount_06"":0,""CoinCount_01"":0,""CoinCount_02"":0,""CoinCount_03"":0,""CoinCount_04"":0,""CoinCount_05"":0,""CoinCount_06"":0,""ManualPay"":0.0,""TransactionNumber"":0,""TransactionType"":""WDRAWTX""}}'",2025-06-01 02:59:46.344-07:00,2025060102593006,500.0,0.0,DENIED,nan,1117,nan,WDRAWTX,ATM
"___03:01:19 403002 ATM.     'Posting Transaction Result  0:{""type"":""ATM"",""accountType"":""CHEKAC"",""seqNumber"":""2025060103004906"",""Authorization"":{""AuthNumber"":""2895"",""ErrorCode"":""0"",""ErrorDescription"":""0"",""Fee"":4.95,""OrderId"":""2895"",""RegisterTime"":""2025-06-01T03:01:19.721-07:00"",""TransactionNumber"":2025060103004906},""Operation"":{""Amount"":400.0,""BillDespensed"":400.0,""CardNumber"":""1117"",""HostIP"":"""",""RegistrationDatetime"":""2025-06-01T03:01:19.721-07:00"",""SequenceNumber"":""2025060103004906"",""Status"":""COMPLETED""},""TransactionDetail"":{""Amount"":400.0,""DispensedTotal"":400.0,""BillDenom_01"":1,""BillDenom_02"":5,""BillDenom_03"":10,""BillDenom_04"":20,""BillDenom_05"":50,""BillDenom_06"":100,""CoinDenom_01"":1,""CoinDenom_02"":5,""CoinDenom_03"":10,""CoinDenom_04"":25,""CoinDenom_05"":0,""CoinDenom_06"":0,""BillCount_01"":0,""BillCount_02"":0,""BillCount_03"":0,""BillCount_04"":0,""BillCount_05"":0,""BillCount_06"":4,""CoinCount_01"":0,""CoinCount_02"":0,""CoinCount_03"":0,""CoinCount_04"":0,""CoinCount_05"":0,""CoinCount_06"":0,""ManualPay"":0.0,""TransactionNumber"":0,""TransactionType"":""WDRAWTX""}}'",2025-06-01 03:01:19.721-07:00,2025060103004906,400.0,400.0,COMPLETED,2895,1117,nan,WDRAWTX,ATM
"___03:08:44 403002 ATM.     'Posting Transaction Result  0:{""type"":""ATM"",""accountType"":""CHEKAC"",""seqNumber"":""2025060103080406"",""Authorization"":{""AuthNumber"":""2896"",""ErrorCode"":""0"",""ErrorDescription"":""0"",""Fee"":4.95,""OrderId"":""2896"",""RegisterTime"":""2025-06-01T03:08:44.704-07:00"",""TransactionNumber"":2025060103080406},""Operation"":{""Amount"":1000.0,""BillDespensed"":1000.0,""CardNumber"":""8579"",""HostIP"":"""",""RegistrationDatetime"":""2025-06-01T03:08:44.704-07:00"",""SequenceNumber"":""2025060103080406"",""Status"":""COMPLETED""},""TransactionDetail"":{""Amount"":1000.0,""DispensedTotal"":1000.0,""BillDenom_01"":1,""BillDenom_02"":5,""BillDenom_03"":10,""BillDenom_04"":20,""BillDenom_05"":50,""BillDenom_06"":100,""CoinDenom_01"":1,""CoinDenom_02"":5,""CoinDenom_03"":10,""CoinDenom_04"":25,""CoinDenom_05"":0,""CoinDenom_06"":0,""BillCount_01"":0,""BillCount_02"":0,""BillCount_03"":0,""BillCount_04"":0,""BillCount_05"":0,""BillCount_06"":10,""CoinCount_01"":0,""CoinCount_02"":0,""CoinCount_03"":0,""CoinCount_04"":0,""CoinCount_05"":0,""CoinCount_06"":0,""ManualPay"":0.0,""TransactionNumber"":0,""TransactionType"":""WDRAWTX""}}'",2025-06-01 03:08:44.704-07:00,2025060103080406,1000.0,1000.0,COMPLETED,2896,8579,nan,WDRAWTX,ATM
"___03:27:36 403002 ATM.     'Posting Transaction Result  0:{""type"":""ATM"",""accountType"":""CHEKAC"",""seqNumber"":""2025060103270006"",""Authorization"":{""AuthNumber"":""2897"",""ErrorCode"":""0"",""ErrorDescription"":""0"",""Fee"":4.95,""OrderId"":""2897"",""RegisterTime"":""2025-06-01T03:27:36.268-07:00"",""TransactionNumber"":2025060103270006},""Operation"":{""Amount"":100.0,""BillDespensed"":100.0,""CardNumber"":""8700"",""HostIP"":"""",""RegistrationDatetime"":""2025-06-01T03:27:36.268-07:00"",""SequenceNumber"":""2025060103270006"",""Status"":""COMPLETED""},""TransactionDetail"":{""Amount"":100.0,""DispensedTotal"":100.0,""BillDenom_01"":1,""BillDenom_02"":5,""BillDenom_03"":10,""BillDenom_04"":20,""BillDenom_05"":50,""BillDenom_06"":100,""CoinDenom_01"":1,""CoinDenom_02"":5,""CoinDenom_03"":10,""CoinDenom_04"":25,""CoinDenom_05"":0,""CoinDenom_06"":0,""BillCount_01"":0,""BillCount_02"":0,""BillCount_03"":0,""BillCount_04"":0,""BillCount_05"":0,""BillCount_06"":1,""CoinCount_01"":0,""CoinCount_02"":0,""CoinCount_03"":0,""CoinCount_04"":0,""CoinCount_05"":0,""CoinCount_06"":0,""ManualPay"":0.0,""TransactionNumber"":0,""TransactionType"":""WDRAWTX""}}'",2025-06-01 03:27:36.268-07:00,2025060103270006,100.0,100.0,COMPLETED,2897,8700,nan,WDRAWTX,ATM
"___03:34:14 403002 ATM.     'Posting Transaction Result  0:{""type"":""ATM"",""accountType"":""CHEKAC"",""seqNumber"":""2025060103333706"",""Authorization"":{""AuthNumber"":""2898"",""ErrorCode"":""0"",""ErrorDescription"":""0"",""Fee"":4.95,""OrderId"":""2898"",""RegisterTime"":""2025-06-01T03:34:14.140-07:00"",""TransactionNumber"":2025060103333706},""Operation"":{""Amount"":100.0,""BillDespensed"":100.0,""CardNumber"":""6626"",""HostIP"":"""",""RegistrationDatetime"":""2025-06-01T03:34:14.140-07:00"",""SequenceNumber"":""2025060103333706"",""Status"":""COMPLETED""},""TransactionDetail"":{""Amount"":100.0,""DispensedTotal"":100.0,""BillDenom_01"":1,""BillDenom_02"":5,""BillDenom_03"":10,""BillDenom_04"":20,""BillDenom_05"":50,""BillDenom_06"":100,""CoinDenom_01"":1,""CoinDenom_02"":5,""CoinDenom_03"":10,""CoinDenom_04"":25,""CoinDenom_05"":0,""CoinDenom_06"":0,""BillCount_01"":0,""BillCount_02"":0,""BillCount_03"":0,""BillCount_04"":0,""BillCount_05"":0,""BillCount_06"":1,""CoinCount_01"":0,""CoinCount_02"":0,""CoinCount_03"":0,""CoinCount_04"":0,""CoinCount_05"":0,""CoinCount_06"":0,""ManualPay"":0.0,""TransactionNumber"":0,""TransactionType"":""WDRAWTX""}}'",2025-06-01 03:34:14.140-07:00,2025060103333706,100.0,100.0,COMPLETED,2898,6626,nan,WDRAWTX,ATM
"___03:56:31 403002 ATM.     'Posting Transaction Result  0:{""type"":""ATM"",""accountType"":""CHEKAC"",""seqNumber"":""2025060103554606"",""Authorization"":{""AuthNumber"":""2899"",""ErrorCode"":""0"",""ErrorDescription"":""0"",""Fee"":4.95,""OrderId"":""2899"",""RegisterTime"":""2025-06-01T03:56:31.054-07:00"",""TransactionNumber"":2025060103554606},""Operation"":{""Amount"":200.0,""BillDespensed"":200.0,""CardNumber"":""2327"",""HostIP"":"""",""RegistrationDatetime"":""2025-06-01T03:56:31.054-07:00"",""SequenceNumber"":""2025060103554606"",""Status"":""COMPLETED""},""TransactionDetail"":{""Amount"":200.0,""DispensedTotal"":200.0,""BillDenom_01"":1,""BillDenom_02"":5,""BillDenom_03"":10,""BillDenom_04"":20,""BillDenom_05"":50,""BillDenom_06"":100,""CoinDenom_01"":1,""CoinDenom_02"":5,""CoinDenom_03"":10,""CoinDenom_04"":25,""CoinDenom_05"":0,""CoinDenom_06"":0,""BillCount_01"":0,""BillCount_02"":0,""BillCount_03"":0,""BillCount_04"":0,""BillCount_05"":0,""BillCount_06"":2,""CoinCount_01"":0,""CoinCount_02"":0,""CoinCount_03"":0,""CoinCount_04"":0,""CoinCount_05"":0,""CoinCount_06"":0,""ManualPay"":0.0,""TransactionNumber"":0,""TransactionType"":""WDRAWTX""}}'",2025-06-01 03:56:31.054-07:00,2025060103554606,200.0,200.0,COMPLETED,2899,2327,nan,WDRAWTX,ATM
"___04:11:26 403002 ATM.     'Posting Transaction Result  0:{""type"":""ATM"",""accountType"":""CHEKAC"",""seqNumber"":""2025060104105406"",""Authorization"":{""AuthNumber"":""2900"",""ErrorCode"":""0"",""ErrorDescription"":""0"",""Fee"":4.95,""OrderId"":""2900"",""RegisterTime"":""2025-06-01T04:11:26.014-07:00"",""TransactionNumber"":2025060104105406},""Operation"":{""Amount"":40.0,""BillDespensed"":40.0,""CardNumber"":""4080"",""HostIP"":"""",""RegistrationDatetime"":""2025-06-01T04:11:26.014-07:00"",""SequenceNumber"":""2025060104105406"",""Status"":""COMPLETED""},""TransactionDetail"":{""Amount"":40.0,""DispensedTotal"":40.0,""BillDenom_01"":1,""BillDenom_02"":5,""BillDenom_03"":10,""BillDenom_04"":20,""BillDenom_05"":50,""BillDenom_06"":100,""CoinDenom_01"":1,""CoinDenom_02"":5,""CoinDenom_03"":10,""CoinDenom_04"":25,""CoinDenom_05"":0,""CoinDenom_06"":0,""BillCount_01"":0,""BillCount_02"":0,""BillCount_03"":0,""BillCount_04"":2,""BillCount_05"":0,""BillCount_06"":0,""CoinCount_01"":0,""CoinCount_02"":0,""CoinCount_03"":0,""CoinCount_04"":0,""CoinCount_05"":0,""CoinCount_06"":0,""ManualPay"":0.0,""TransactionNumber"":0,""TransactionType"":""WDRAWTX""}}'",2025-06-01 04:11:26.014-07:00,2025060104105406,40.0,40.0,COMPLETED,2900,4080,nan,WDRAWTX,ATM
"___04:27:43 403002 ATM.     'Posting Transaction Result  0:{""type"":""ATM"",""accountType"":""CHEKAC"",""seqNumber"":""2025060104270106"",""Authorization"":{""AuthNumber"":""2901"",""ErrorCode"":""0"",""ErrorDescription"":""0"",""Fee"":4.95,""OrderId"":""2901"",""RegisterTime"":""2025-06-01T04:27:42.990-07:00"",""TransactionNumber"":2025060104270106},""Operation"":{""Amount"":140.0,""BillDespensed"":140.0,""CardNumber"":""3281"",""HostIP"":"""",""RegistrationDatetime"":""2025-06-01T04:27:42.990-07:00"",""SequenceNumber"":""2025060104270106"",""Status"":""COMPLETED""},""TransactionDetail"":{""Amount"":140.0,""DispensedTotal"":140.0,""BillDenom_01"":1,""BillDenom_02"":5,""BillDenom_03"":10,""BillDenom_04"":20,""BillDenom_05"":50,""BillDenom_06"":100,""CoinDenom_01"":1,""CoinDenom_02"":5,""CoinDenom_03"":10,""CoinDenom_04"":25,""CoinDenom_05"":0,""CoinDenom_06"":0,""BillCount_01"":0,""BillCount_02"":0,""BillCount_03"":0,""BillCount_04"":2,""BillCount_05"":0,""BillCount_06"":1,""CoinCount_01"":0,""CoinCount_02"":0,""CoinCount_03"":0,""CoinCount_04"":0,""CoinCount_05"":0,""CoinCount_06"":0,""ManualPay"":0.0,""TransactionNumber"":0,""TransactionType"":""WDRAWTX""}}'",2025-06-01 04:27:42.990-07:00,2025060104270106,140.0,140.0,COMPLETED,2901,3281,nan,WDRAWTX,ATM
"___04:34:55 403002 ATM.     'Posting Transaction Result  0:{""type"":""ATM"",""accountType"":""CHEKAC"",""seqNumber"":""2025060104342206"",""Authorization"":{""AuthNumber"":""2902"",""ErrorCode"":""0"",""ErrorDescription"":""0"",""Fee"":4.95,""OrderId"":""2902"",""RegisterTime"":""2025-06-01T04:34:55.132-07:00"",""TransactionNumber"":2025060104342206},""Operation"":{""Amount"":300.0,""BillDespensed"":300.0,""CardNumber"":""4915"",""HostIP"":"""",""RegistrationDatetime"":""2025-06-01T04:34:55.132-07:00"",""SequenceNumber"":""2025060104342206"",""Status"":""COMPLETED""},""TransactionDetail"":{""Amount"":300.0,""DispensedTotal"":300.0,""BillDenom_01"":1,""BillDenom_02"":5,""BillDenom_03"":10,""BillDenom_04"":20,""BillDenom_05"":50,""BillDenom_06"":100,""CoinDenom_01"":1,""CoinDenom_02"":5,""CoinDenom_03"":10,""CoinDenom_04"":25,""CoinDenom_05"":0,""CoinDenom_06"":0,""BillCount_01"":0,""BillCount_02"":0,""BillCount_03"":0,""BillCount_04"":0,""BillCount_05"":0,""BillCount_06"":3,""CoinCount_01"":0,""CoinCount_02"":0,""CoinCount_03"":0,""CoinCount_04"":0,""CoinCount_05"":0,""CoinCount_06"":0,""ManualPay"":0.0,""TransactionNumber"":0,""TransactionType"":""WDRAWTX""}}'",2025-06-01 04:34:55.132-07:00,2025060104342206,300.0,300.0,COMPLETED,2902,4915,nan,WDRAWTX,ATM
"___04:38:41 403002 ATM.     'Posting Transaction Result  0:{""type"":""ATM"",""accountType"":""CHEKAC"",""seqNumber"":""2025060104373506"",""Authorization"":{""ErrorCode"":""0"",""ErrorDescription"":""0"",""Fee"":0.0,""RegisterTime"":""2025-06-01T04:38:41.448-07:00"",""TransactionNumber"":2025060104373506},""Operation"":{""Amount"":60.0,""BillDespensed"":0.0,""CardNumber"":""5531"",""HostIP"":"""",""RegistrationDatetime"":""2025-06-01T04:38:41.448-07:00"",""SequenceNumber"":""2025060104373506"",""Status"":""DENIED""},""TransactionDetail"":{""Amount"":60.0,""DispensedTotal"":0.0,""BillDenom_01"":1,""BillDenom_02"":5,""BillDenom_03"":10,""BillDenom_04"":20,""BillDenom_05"":50,""BillDenom_06"":100,""CoinDenom_01"":1,""CoinDenom_02"":5,""CoinDenom_03"":10,""CoinDenom_04"":25,""CoinDenom_05"":0,""CoinDenom_06"":0,""BillCount_01"":0,""BillCount_02"":0,""BillCount_03"":0,""BillCount_04"":0,""BillCount_05"":0,""BillCount_06"":0,""CoinCount_01"":0,""CoinCount_02"":0,""CoinCount_03"":0,""CoinCount_04"":0,""CoinCount_05"":0,""CoinCount_06"":0,""ManualPay"":0.0,""TransactionNumber"":0,""TransactionType"":""WDRAWTX""}}'",2025-06-01 04:38:41.448-07:00,2025060104373506,60.0,0.0,DENIED,nan,5531,nan,WDRAWTX,ATM
"___04:43:36 403002 ATM.     'Posting Transaction Result  0:{""type"":""ATM"",""accountType"":""CHEKAC"",""seqNumber"":""2025060104430406"",""Authorization"":{""AuthNumber"":""2907"",""ErrorCode"":""0"",""ErrorDescription"":""0"",""Fee"":4.95,""OrderId"":""2907"",""RegisterTime"":""2025-06-01T04:43:36.764-07:00"",""TransactionNumber"":2025060104430406},""Operation"":{""Amount"":200.0,""BillDespensed"":200.0,""CardNumber"":""0220"",""HostIP"":"""",""RegistrationDatetime"":""2025-06-01T04:43:36.764-07:00"",""SequenceNumber"":""2025060104430406"",""Status"":""COMPLETED""},""TransactionDetail"":{""Amount"":200.0,""DispensedTotal"":200.0,""BillDenom_01"":1,""BillDenom_02"":5,""BillDenom_03"":10,""BillDenom_04"":20,""BillDenom_05"":50,""BillDenom_06"":100,""CoinDenom_01"":1,""CoinDenom_02"":5,""CoinDenom_03"":10,""CoinDenom_04"":25,""CoinDenom_05"":0,""CoinDenom_06"":0,""BillCount_01"":0,""BillCount_02"":0,""BillCount_03"":0,""BillCount_04"":0,""BillCount_05"":0,""BillCount_06"":2,""CoinCount_01"":0,""CoinCount_02"":0,""CoinCount_03"":0,""CoinCount_04"":0,""CoinCount_05"":0,""CoinCount_06"":0,""ManualPay"":0.0,""TransactionNumber"":0,""TransactionType"":""WDRAWTX""}}'",2025-06-01 04:43:36.764-07:00,2025060104430406,200.0,200.0,COMPLETED,2907,0220,nan,WDRAWTX,ATM
"___04:47:55 403002 ATM.     'Posting Transaction Result  0:{""type"":""ATM"",""accountType"":""CHEKAC"",""seqNumber"":""2025060104471706"",""Authorization"":{""AuthNumber"":""2908"",""ErrorCode"":""0"",""ErrorDescription"":""0"",""Fee"":4.95,""OrderId"":""2908"",""RegisterTime"":""2025-06-01T04:47:55.190-07:00"",""TransactionNumber"":2025060104471706},""Operation"":{""Amount"":200.0,""BillDespensed"":200.0,""CardNumber"":""5760"",""HostIP"":"""",""RegistrationDatetime"":""2025-06-01T04:47:55.190-07:00"",""SequenceNumber"":""2025060104471706"",""Status"":""COMPLETED""},""TransactionDetail"":{""Amount"":200.0,""DispensedTotal"":200.0,""BillDenom_01"":1,""BillDenom_02"":5,""BillDenom_03"":10,""BillDenom_04"":20,""BillDenom_05"":50,""BillDenom_06"":100,""CoinDenom_01"":1,""CoinDenom_02"":5,""CoinDenom_03"":10,""CoinDenom_04"":25,""CoinDenom_05"":0,""CoinDenom_06"":0,""BillCount_01"":0,""BillCount_02"":0,""BillCount_03"":0,""BillCount_04"":0,""BillCount_05"":0,""BillCount_06"":2,""CoinCount_01"":0,""CoinCount_02"":0,""CoinCount_03"":0,""CoinCount_04"":0,""CoinCount_05"":0,""CoinCount_06"":0,""ManualPay"":0.0,""TransactionNumber"":0,""TransactionType"":""WDRAWTX""}}'",2025-06-01 04:47:55.190-07:00,2025060104471706,200.0,200.0,COMPLETED,2908,5760,nan,WDRAWTX,ATM
"___05:08:41 403002 ATM.     'Posting Transaction Result  0:{""type"":""ATM"",""accountType"":""CHEKAC"",""seqNumber"":""2025060105082606"",""Authorization"":{""ErrorCode"":""0"",""ErrorDescription"":""0"",""Fee"":0.0,""RegisterTime"":""2025-06-01T05:08:41.092-07:00"",""TransactionNumber"":2025060105082606},""Operation"":{""Amount"":200.0,""BillDespensed"":0.0,""CardNumber"":""7736"",""HostIP"":"""",""RegistrationDatetime"":""2025-06-01T05:08:41.092-07:00"",""SequenceNumber"":""2025060105082606"",""Status"":""DENIED""},""TransactionDetail"":{""Amount"":200.0,""DispensedTotal"":0.0,""BillDenom_01"":1,""BillDenom_02"":5,""BillDenom_03"":10,""BillDenom_04"":20,""BillDenom_05"":50,""BillDenom_06"":100,""CoinDenom_01"":1,""CoinDenom_02"":5,""CoinDenom_03"":10,""CoinDenom_04"":25,""CoinDenom_05"":0,""CoinDenom_06"":0,""BillCount_01"":0,""BillCount_02"":0,""BillCount_03"":0,""BillCount_04"":0,""BillCount_05"":0,""BillCount_06"":0,""CoinCount_01"":0,""CoinCount_02"":0,""CoinCount_03"":0,""CoinCount_04"":0,""CoinCount_05"":0,""CoinCount_06"":0,""ManualPay"":0.0,""TransactionNumber"":0,""TransactionType"":""WDRAWTX""}}'",2025-06-01 05:08:41.092-07:00,2025060105082606,200.0,0.0,DENIED,nan,7736,nan,WDRAWTX,ATM
"___05:11:06 403002 ATM.     'Posting Transaction Result  0:{""type"":""ATM"",""accountType"":""CHEKAC"",""seqNumber"":""2025060105102906"",""Authorization"":{""AuthNumber"":""2910"",""ErrorCode"":""0"",""ErrorDescription"":""0"",""Fee"":4.95,""OrderId"":""2910"",""RegisterTime"":""2025-06-01T05:11:06.631-07:00"",""TransactionNumber"":2025060105102906},""Operation"":{""Amount"":100.0,""BillDespensed"":100.0,""CardNumber"":""6095"",""HostIP"":"""",""RegistrationDatetime"":""2025-06-01T05:11:06.631-07:00"",""SequenceNumber"":""2025060105102906"",""Status"":""COMPLETED""},""TransactionDetail"":{""Amount"":100.0,""DispensedTotal"":100.0,""BillDenom_01"":1,""BillDenom_02"":5,""BillDenom_03"":10,""BillDenom_04"":20,""BillDenom_05"":50,""BillDenom_06"":100,""CoinDenom_01"":1,""CoinDenom_02"":5,""CoinDenom_03"":10,""CoinDenom_04"":25,""CoinDenom_05"":0,""CoinDenom_06"":0,""BillCount_01"":0,""BillCount_02"":0,""BillCount_03"":0,""BillCount_04"":0,""BillCount_05"":0,""BillCount_06"":1,""CoinCount_01"":0,""CoinCount_02"":0,""CoinCount_03"":0,""CoinCount_04"":0,""CoinCount_05"":0,""CoinCount_06"":0,""ManualPay"":0.0,""TransactionNumber"":0,""TransactionType"":""WDRAWTX""}}'",2025-06-01 05:11:06.631-07:00,2025060105102906,100.0,100.0,COMPLETED,2910,6095,nan,WDRAWTX,ATM
"___05:13:20 403002 ATM.     'Posting Transaction Result  0:{""type"":""ATM"",""accountType"":""CHEKAC"",""seqNumber"":""2025060105125006"",""Authorization"":{""AuthNumber"":""2911"",""ErrorCode"":""0"",""ErrorDescription"":""0"",""Fee"":4.95,""OrderId"":""2911"",""RegisterTime"":""2025-06-01T05:13:20.549-07:00"",""TransactionNumber"":2025060105125006},""Operation"":{""Amount"":100.0,""BillDespensed"":100.0,""CardNumber"":""0718"",""HostIP"":"""",""RegistrationDatetime"":""2025-06-01T05:13:20.549-07:00"",""SequenceNumber"":""2025060105125006"",""Status"":""COMPLETED""},""TransactionDetail"":{""Amount"":100.0,""DispensedTotal"":100.0,""BillDenom_01"":1,""BillDenom_02"":5,""BillDenom_03"":10,""BillDenom_04"":20,""BillDenom_05"":50,""BillDenom_06"":100,""CoinDenom_01"":1,""CoinDenom_02"":5,""CoinDenom_03"":10,""CoinDenom_04"":25,""CoinDenom_05"":0,""CoinDenom_06"":0,""BillCount_01"":0,""BillCount_02"":0,""BillCount_03"":0,""BillCount_04"":0,""BillCount_05"":0,""BillCount_06"":1,""CoinCount_01"":0,""CoinCount_02"":0,""CoinCount_03"":0,""CoinCount_04"":0,""CoinCount_05"":0,""CoinCount_06"":0,""ManualPay"":0.0,""TransactionNumber"":0,""TransactionType"":""WDRAWTX""}}'",2025-06-01 05:13:20.549-07:00,2025060105125006,100.0,100.0,COMPLETED,2911,0718,nan,WDRAWTX,ATM
"___05:50:34 403002 ATM.     'Posting Transaction Result  0:{""type"":""ATM"",""accountType"":""CHEKAC"",""seqNumber"":""2025060105501506"",""Authorization"":{""ErrorCode"":""0"",""ErrorDescription"":""0"",""Fee"":0.0,""RegisterTime"":""2025-06-01T05:50:34.730-07:00"",""TransactionNumber"":2025060105501506},""Operation"":{""Amount"":340.0,""BillDespensed"":0.0,""CardNumber"":""4967"",""HostIP"":"""",""RegistrationDatetime"":""2025-06-01T05:50:34.730-07:00"",""SequenceNumber"":""2025060105501506"",""Status"":""DENIED""},""TransactionDetail"":{""Amount"":340.0,""DispensedTotal"":0.0,""BillDenom_01"":1,""BillDenom_02"":5,""BillDenom_03"":10,""BillDenom_04"":20,""BillDenom_05"":50,""BillDenom_06"":100,""CoinDenom_01"":1,""CoinDenom_02"":5,""CoinDenom_03"":10,""CoinDenom_04"":25,""CoinDenom_05"":0,""CoinDenom_06"":0,""BillCount_01"":0,""BillCount_02"":0,""BillCount_03"":0,""BillCount_04"":0,""BillCount_05"":0,""BillCount_06"":0,""CoinCount_01"":0,""CoinCount_02"":0,""CoinCount_03"":0,""CoinCount_04"":0,""CoinCount_05"":0,""CoinCount_06"":0,""ManualPay"":0.0,""TransactionNumber"":0,""TransactionType"":""WDRAWTX""}}'",2025-06-01 05:50:34.730-07:00,2025060105501506,340.0,0.0,DENIED,nan,4967,nan,WDRAWTX,ATM
"___06:52:14 403002 ATM.     'Posting Transaction Result  0:{""type"":""ATM"",""accountType"":""CHEKAC"",""seqNumber"":""2025060106513706"",""Authorization"":{""AuthNumber"":""2913"",""ErrorCode"":""0"",""ErrorDescription"":""0"",""Fee"":4.95,""OrderId"":""2913"",""RegisterTime"":""2025-06-01T06:52:14.442-07:00"",""TransactionNumber"":2025060106513706},""Operation"":{""Amount"":200.0,""BillDespensed"":200.0,""CardNumber"":""9053"",""HostIP"":"""",""RegistrationDatetime"":""2025-06-01T06:52:14.442-07:00"",""SequenceNumber"":""2025060106513706"",""Status"":""COMPLETED""},""TransactionDetail"":{""Amount"":200.0,""DispensedTotal"":200.0,""BillDenom_01"":1,""BillDenom_02"":5,""BillDenom_03"":10,""BillDenom_04"":20,""BillDenom_05"":50,""BillDenom_06"":100,""CoinDenom_01"":1,""CoinDenom_02"":5,""CoinDenom_03"":10,""CoinDenom_04"":25,""CoinDenom_05"":0,""CoinDenom_06"":0,""BillCount_01"":0,""BillCount_02"":0,""BillCount_03"":0,""BillCount_04"":0,""BillCount_05"":0,""BillCount_06"":2,""CoinCount_01"":0,""CoinCount_02"":0,""CoinCount_03"":0,""CoinCount_04"":0,""CoinCount_05"":0,""CoinCount_06"":0,""ManualPay"":0.0,""TransactionNumber"":0,""TransactionType"":""WDRAWTX""}}'",2025-06-01 06:52:14.442-07:00,2025060106513706,200.0,200.0,COMPLETED,2913,9053,nan,WDRAWTX,ATM
"___07:06:37 403002 ATM.     'Posting Transaction Result  0:{""type"":""ATM"",""accountType"":""CHEKAC"",""seqNumber"":""2025060107060606"",""Authorization"":{""AuthNumber"":""2914"",""ErrorCode"":""0"",""ErrorDescription"":""0"",""Fee"":4.95,""OrderId"":""2914"",""RegisterTime"":""2025-06-01T07:06:37.049-07:00"",""TransactionNumber"":2025060107060606},""Operation"":{""Amount"":20.0,""BillDespensed"":20.0,""CardNumber"":""4498"",""HostIP"":"""",""RegistrationDatetime"":""2025-06-01T07:06:37.049-07:00"",""SequenceNumber"":""2025060107060606"",""Status"":""COMPLETED""},""TransactionDetail"":{""Amount"":20.0,""DispensedTotal"":20.0,""BillDenom_01"":1,""BillDenom_02"":5,""BillDenom_03"":10,""BillDenom_04"":20,""BillDenom_05"":50,""BillDenom_06"":100,""CoinDenom_01"":1,""CoinDenom_02"":5,""CoinDenom_03"":10,""CoinDenom_04"":25,""CoinDenom_05"":0,""CoinDenom_06"":0,""BillCount_01"":0,""BillCount_02"":0,""BillCount_03"":0,""BillCount_04"":1,""BillCount_05"":0,""BillCount_06"":0,""CoinCount_01"":0,""CoinCount_02"":0,""CoinCount_03"":0,""CoinCount_04"":0,""CoinCount_05"":0,""CoinCount_06"":0,""ManualPay"":0.0,""TransactionNumber"":0,""TransactionType"":""WDRAWTX""}}'",2025-06-01 07:06:37.049-07:00,2025060107060606,20.0,20.0,COMPLETED,2914,4498,nan,WDRAWTX,ATM
"___07:35:33 403002 ATM.     'Posting Transaction Result  0:{""type"":""ATM"",""accountType"":""CHEKAC"",""seqNumber"":""2025060107345606"",""Authorization"":{""AuthNumber"":""2915"",""ErrorCode"":""0"",""ErrorDescription"":""0"",""Fee"":4.95,""OrderId"":""2915"",""RegisterTime"":""2025-06-01T07:35:33.602-07:00"",""TransactionNumber"":2025060107345606},""Operation"":{""Amount"":3000.0,""BillDespensed"":3000.0,""CardNumber"":""7510"",""HostIP"":"""",""RegistrationDatetime"":""2025-06-01T07:35:33.602-07:00"",""SequenceNumber"":""2025060107345606"",""Status"":""COMPLETED""},""TransactionDetail"":{""Amount"":3000.0,""DispensedTotal"":3000.0,""BillDenom_01"":1,""BillDenom_02"":5,""BillDenom_03"":10,""BillDenom_04"":20,""BillDenom_05"":50,""BillDenom_06"":100,""CoinDenom_01"":1,""CoinDenom_02"":5,""CoinDenom_03"":10,""CoinDenom_04"":25,""CoinDenom_05"":0,""CoinDenom_06"":0,""BillCount_01"":0,""BillCount_02"":0,""BillCount_03"":0,""BillCount_04"":0,""BillCount_05"":0,""BillCount_06"":30,""CoinCount_01"":0,""CoinCount_02"":0,""CoinCount_03"":0,""CoinCount_04"":0,""CoinCount_05"":0,""CoinCount_06"":0,""ManualPay"":0.0,""TransactionNumber"":0,""TransactionType"":""WDRAWTX""}}'",2025-06-01 07:35:33.602-07:00,2025060107345606,3000.0,3000.0,COMPLETED,2915,7510,nan,WDRAWTX,ATM
"___07:50:58 403002 ATM.     'Posting Transaction Result  0:{""type"":""ATM"",""accountType"":""CHEKAC"",""seqNumber"":""2025060107502606"",""Authorization"":{""AuthNumber"":""2916"",""ErrorCode"":""0"",""ErrorDescription"":""0"",""Fee"":4.95,""OrderId"":""2916"",""RegisterTime"":""2025-06-01T07:50:58.224-07:00"",""TransactionNumber"":2025060107502606},""Operation"":{""Amount"":100.0,""BillDespensed"":100.0,""CardNumber"":""1591"",""HostIP"":"""",""RegistrationDatetime"":""2025-06-01T07:50:58.224-07:00"",""SequenceNumber"":""2025060107502606"",""Status"":""COMPLETED""},""TransactionDetail"":{""Amount"":100.0,""DispensedTotal"":100.0,""BillDenom_01"":1,""BillDenom_02"":5,""BillDenom_03"":10,""BillDenom_04"":20,""BillDenom_05"":50,""BillDenom_06"":100,""CoinDenom_01"":1,""CoinDenom_02"":5,""CoinDenom_03"":10,""CoinDenom_04"":25,""CoinDenom_05"":0,""CoinDenom_06"":0,""BillCount_01"":0,""BillCount_02"":0,""BillCount_03"":0,""BillCount_04"":0,""BillCount_05"":0,""BillCount_06"":1,""CoinCount_01"":0,""CoinCount_02"":0,""CoinCount_03"":0,""CoinCount_04"":0,""CoinCount_05"":0,""CoinCount_06"":0,""ManualPay"":0.0,""TransactionNumber"":0,""TransactionType"":""WDRAWTX""}}'",2025-06-01 07:50:58.224-07:00,2025060107502606,100.0,100.0,COMPLETED,2916,1591,nan,WDRAWTX,ATM
"___08:32:48 403002 ATM.     'Posting Transaction Result  0:{""type"":""ATM"",""accountType"":""CHEKAC"",""seqNumber"":""2025060108321506"",""Authorization"":{""AuthNumber"":""2917"",""ErrorCode"":""0"",""ErrorDescription"":""0"",""Fee"":4.95,""OrderId"":""2917"",""RegisterTime"":""2025-06-01T08:32:48.386-07:00"",""TransactionNumber"":2025060108321506},""Operation"":{""Amount"":100.0,""BillDespensed"":100.0,""CardNumber"":""8567"",""HostIP"":"""",""RegistrationDatetime"":""2025-06-01T08:32:48.386-07:00"",""SequenceNumber"":""2025060108321506"",""Status"":""COMPLETED""},""TransactionDetail"":{""Amount"":100.0,""DispensedTotal"":100.0,""BillDenom_01"":1,""BillDenom_02"":5,""BillDenom_03"":10,""BillDenom_04"":20,""BillDenom_05"":50,""BillDenom_06"":100,""CoinDenom_01"":1,""CoinDenom_02"":5,""CoinDenom_03"":10,""CoinDenom_04"":25,""CoinDenom_05"":0,""CoinDenom_06"":0,""BillCount_01"":0,""BillCount_02"":0,""BillCount_03"":0,""BillCount_04"":0,""BillCount_05"":0,""BillCount_06"":1,""CoinCount_01"":0,""CoinCount_02"":0,""CoinCount_03"":0,""CoinCount_04"":0,""CoinCount_05"":0,""CoinCount_06"":0,""ManualPay"":0.0,""TransactionNumber"":0,""TransactionType"":""WDRAWTX""}}'",2025-06-01 08:32:48.386-07:00,2025060108321506,100.0,100.0,COMPLETED,2917,8567,nan,WDRAWTX,ATM
"___08:48:38 403002 ATM.     'Posting Transaction Result  0:{""type"":""ATM"",""accountType"":""CHEKAC"",""seqNumber"":""2025060108480406"",""Authorization"":{""AuthNumber"":""2918"",""ErrorCode"":""0"",""ErrorDescription"":""0"",""Fee"":4.95,""OrderId"":""2918"",""RegisterTime"":""2025-06-01T08:48:38.770-07:00"",""TransactionNumber"":2025060108480406},""Operation"":{""Amount"":1000.0,""BillDespensed"":1000.0,""CardNumber"":""8567"",""HostIP"":"""",""RegistrationDatetime"":""2025-06-01T08:48:38.770-07:00"",""SequenceNumber"":""2025060108480406"",""Status"":""COMPLETED""},""TransactionDetail"":{""Amount"":1000.0,""DispensedTotal"":1000.0,""BillDenom_01"":1,""BillDenom_02"":5,""BillDenom_03"":10,""BillDenom_04"":20,""BillDenom_05"":50,""BillDenom_06"":100,""CoinDenom_01"":1,""CoinDenom_02"":5,""CoinDenom_03"":10,""CoinDenom_04"":25,""CoinDenom_05"":0,""CoinDenom_06"":0,""BillCount_01"":0,""BillCount_02"":0,""BillCount_03"":0,""BillCount_04"":0,""BillCount_05"":0,""BillCount_06"":10,""CoinCount_01"":0,""CoinCount_02"":0,""CoinCount_03"":0,""CoinCount_04"":0,""CoinCount_05"":0,""CoinCount_06"":0,""ManualPay"":0.0,""TransactionNumber"":0,""TransactionType"":""WDRAWTX""}}'",2025-06-01 08:48:38.770-07:00,2025060108480406,1000.0,1000.0,COMPLETED,2918,8567,nan,WDRAWTX,ATM
"___09:04:59 403002 ATM.     'Posting Transaction Result  0:{""type"":""ATM"",""accountType"":""CHEKAC"",""seqNumber"":""2025060109042206"",""Authorization"":{""AuthNumber"":""2919"",""ErrorCode"":""0"",""ErrorDescription"":""0"",""Fee"":4.95,""OrderId"":""2919"",""RegisterTime"":""2025-06-01T09:04:59.030-07:00"",""TransactionNumber"":2025060109042206},""Operation"":{""Amount"":200.0,""BillDespensed"":200.0,""CardNumber"":""3454"",""HostIP"":"""",""RegistrationDatetime"":""2025-06-01T09:04:59.030-07:00"",""SequenceNumber"":""2025060109042206"",""Status"":""COMPLETED""},""TransactionDetail"":{""Amount"":200.0,""DispensedTotal"":200.0,""BillDenom_01"":1,""BillDenom_02"":5,""BillDenom_03"":10,""BillDenom_04"":20,""BillDenom_05"":50,""BillDenom_06"":100,""CoinDenom_01"":1,""CoinDenom_02"":5,""CoinDenom_03"":10,""CoinDenom_04"":25,""CoinDenom_05"":0,""CoinDenom_06"":0,""BillCount_01"":0,""BillCount_02"":0,""BillCount_03"":0,""BillCount_04"":0,""BillCount_05"":0,""BillCount_06"":2,""CoinCount_01"":0,""CoinCount_02"":0,""CoinCount_03"":0,""CoinCount_04"":0,""CoinCount_05"":0,""CoinCount_06"":0,""ManualPay"":0.0,""TransactionNumber"":0,""TransactionType"":""WDRAWTX""}}'",2025-06-01 09:04:59.030-07:00,2025060109042206,200.0,200.0,COMPLETED,2919,3454,nan,WDRAWTX,ATM
"___09:09:05 403002 ATM.     'Posting Transaction Result  0:{""type"":""ATM"",""accountType"":""CHEKAC"",""seqNumber"":""2025060109081706"",""Authorization"":{""AuthNumber"":""2920"",""ErrorCode"":""0"",""ErrorDescription"":""0"",""Fee"":4.95,""OrderId"":""2920"",""RegisterTime"":""2025-06-01T09:09:05.776-07:00"",""TransactionNumber"":2025060109081706},""Operation"":{""Amount"":200.0,""BillDespensed"":200.0,""CardNumber"":""7914"",""HostIP"":"""",""RegistrationDatetime"":""2025-06-01T09:09:05.776-07:00"",""SequenceNumber"":""2025060109081706"",""Status"":""COMPLETED""},""TransactionDetail"":{""Amount"":200.0,""DispensedTotal"":200.0,""BillDenom_01"":1,""BillDenom_02"":5,""BillDenom_03"":10,""BillDenom_04"":20,""BillDenom_05"":50,""BillDenom_06"":100,""CoinDenom_01"":1,""CoinDenom_02"":5,""CoinDenom_03"":10,""CoinDenom_04"":25,""CoinDenom_05"":0,""CoinDenom_06"":0,""BillCount_01"":0,""BillCount_02"":0,""BillCount_03"":0,""BillCount_04"":0,""BillCount_05"":0,""BillCount_06"":2,""CoinCount_01"":0,""CoinCount_02"":0,""CoinCount_03"":0,""CoinCount_04"":0,""CoinCount_05"":0,""CoinCount_06"":0,""ManualPay"":0.0,""TransactionNumber"":0,""TransactionType"":""WDRAWTX""}}'",2025-06-01 09:09:05.776-07:00,2025060109081706,200.0,200.0,COMPLETED,2920,7914,nan,WDRAWTX,ATM
"___09:47:23 403002 ATM.     'Posting Transaction Result  0:{""type"":""ATM"",""accountType"":""CHEKAC"",""seqNumber"":""2025060109464906"",""Authorization"":{""AuthNumber"":""2922"",""ErrorCode"":""0"",""ErrorDescription"":""0"",""Fee"":4.95,""OrderId"":""2922"",""RegisterTime"":""2025-06-01T09:47:23.048-07:00"",""TransactionNumber"":2025060109464906},""Operation"":{""Amount"":500.0,""BillDespensed"":500.0,""CardNumber"":""6657"",""HostIP"":"""",""RegistrationDatetime"":""2025-06-01T09:47:23.048-07:00"",""SequenceNumber"":""2025060109464906"",""Status"":""COMPLETED""},""TransactionDetail"":{""Amount"":500.0,""DispensedTotal"":500.0,""BillDenom_01"":1,""BillDenom_02"":5,""BillDenom_03"":10,""BillDenom_04"":20,""BillDenom_05"":50,""BillDenom_06"":100,""CoinDenom_01"":1,""CoinDenom_02"":5,""CoinDenom_03"":10,""CoinDenom_04"":25,""CoinDenom_05"":0,""CoinDenom_06"":0,""BillCount_01"":0,""BillCount_02"":0,""BillCount_03"":0,""BillCount_04"":0,""BillCount_05"":0,""BillCount_06"":5,""CoinCount_01"":0,""CoinCount_02"":0,""CoinCount_03"":0,""CoinCount_04"":0,""CoinCount_05"":0,""CoinCount_06"":0,""ManualPay"":0.0,""TransactionNumber"":0,""TransactionType"":""WDRAWTX""}}'",2025-06-01 09:47:23.048-07:00,2025060109464906,500.0,500.0,COMPLETED,2922,6657,nan,WDRAWTX,ATM
"___09:49:28 403002 ATM.     'Posting Transaction Result  0:{""type"":""ATM"",""accountType"":""CHEKAC"",""seqNumber"":""2025060109485606"",""Authorization"":{""ErrorCode"":""0"",""ErrorDescription"":""0"",""Fee"":0.0,""RegisterTime"":""2025-06-01T09:49:28.449-07:00"",""TransactionNumber"":2025060109485606},""Operation"":{""Amount"":500.0,""BillDespensed"":0.0,""CardNumber"":""6657"",""HostIP"":"""",""RegistrationDatetime"":""2025-06-01T09:49:28.449-07:00"",""SequenceNumber"":""2025060109485606"",""Status"":""DENIED""},""TransactionDetail"":{""Amount"":500.0,""DispensedTotal"":0.0,""BillDenom_01"":1,""BillDenom_02"":5,""BillDenom_03"":10,""BillDenom_04"":20,""BillDenom_05"":50,""BillDenom_06"":100,""CoinDenom_01"":1,""CoinDenom_02"":5,""CoinDenom_03"":10,""CoinDenom_04"":25,""CoinDenom_05"":0,""CoinDenom_06"":0,""BillCount_01"":0,""BillCount_02"":0,""BillCount_03"":0,""BillCount_04"":0,""BillCount_05"":0,""BillCount_06"":0,""CoinCount_01"":0,""CoinCount_02"":0,""CoinCount_03"":0,""CoinCount_04"":0,""CoinCount_05"":0,""CoinCount_06"":0,""ManualPay"":0.0,""TransactionNumber"":0,""TransactionType"":""WDRAWTX""}}'",2025-06-01 09:49:28.449-07:00,2025060109485606,500.0,0.0,DENIED,nan,6657,nan,WDRAWTX,ATM
"___09:58:55 403002 ATM.     'Posting Transaction Result  0:{""type"":""ATM"",""accountType"":""CHEKAC"",""seqNumber"":""2025060109581606"",""Authorization"":{""AuthNumber"":""2925"",""ErrorCode"":""0"",""ErrorDescription"":""0"",""Fee"":4.95,""OrderId"":""2925"",""RegisterTime"":""2025-06-01T09:58:55.287-07:00"",""TransactionNumber"":2025060109581606},""Operation"":{""Amount"":300.0,""BillDespensed"":300.0,""CardNumber"":""4696"",""HostIP"":"""",""RegistrationDatetime"":""2025-06-01T09:58:55.287-07:00"",""SequenceNumber"":""2025060109581606"",""Status"":""COMPLETED""},""TransactionDetail"":{""Amount"":300.0,""DispensedTotal"":300.0,""BillDenom_01"":1,""BillDenom_02"":5,""BillDenom_03"":10,""BillDenom_04"":20,""BillDenom_05"":50,""BillDenom_06"":100,""CoinDenom_01"":1,""CoinDenom_02"":5,""CoinDenom_03"":10,""CoinDenom_04"":25,""CoinDenom_05"":0,""CoinDenom_06"":0,""BillCount_01"":0,""BillCount_02"":0,""BillCount_03"":0,""BillCount_04"":0,""BillCount_05"":0,""BillCount_06"":3,""CoinCount_01"":0,""CoinCount_02"":0,""CoinCount_03"":0,""CoinCount_04"":0,""CoinCount_05"":0,""CoinCount_06"":0,""ManualPay"":0.0,""TransactionNumber"":0,""TransactionType"":""WDRAWTX""}}'",2025-06-01 09:58:55.287-07:00,2025060109581606,300.0,300.0,COMPLETED,2925,4696,nan,WDRAWTX,ATM
"___10:11:43 403002 ATM.     'Posting Transaction Result  0:{""type"":""ATM"",""accountType"":""CHEKAC"",""seqNumber"":""2025060110111106"",""Authorization"":{""AuthNumber"":""2926"",""ErrorCode"":""0"",""ErrorDescription"":""0"",""Fee"":4.95,""OrderId"":""2926"",""RegisterTime"":""2025-06-01T10:11:43.681-07:00"",""TransactionNumber"":2025060110111106},""Operation"":{""Amount"":160.0,""BillDespensed"":160.0,""CardNumber"":""3076"",""HostIP"":"""",""RegistrationDatetime"":""2025-06-01T10:11:43.681-07:00"",""SequenceNumber"":""2025060110111106"",""Status"":""COMPLETED""},""TransactionDetail"":{""Amount"":160.0,""DispensedTotal"":160.0,""BillDenom_01"":1,""BillDenom_02"":5,""BillDenom_03"":10,""BillDenom_04"":20,""BillDenom_05"":50,""BillDenom_06"":100,""CoinDenom_01"":1,""CoinDenom_02"":5,""CoinDenom_03"":10,""CoinDenom_04"":25,""CoinDenom_05"":0,""CoinDenom_06"":0,""BillCount_01"":0,""BillCount_02"":0,""BillCount_03"":0,""BillCount_04"":3,""BillCount_05"":0,""BillCount_06"":1,""CoinCount_01"":0,""CoinCount_02"":0,""CoinCount_03"":0,""CoinCount_04"":0,""CoinCount_05"":0,""CoinCount_06"":0,""ManualPay"":0.0,""TransactionNumber"":0,""TransactionType"":""WDRAWTX""}}'",2025-06-01 10:11:43.681-07:00,2025060110111106,160.0,160.0,COMPLETED,2926,3076,nan,WDRAWTX,ATM
"___10:44:56 403002 ATM.     'Posting Transaction Result  0:{""type"":""ATM"",""accountType"":""CHEKAC"",""seqNumber"":""2025060110442506"",""Authorization"":{""AuthNumber"":""2927"",""ErrorCode"":""0"",""ErrorDescription"":""0"",""Fee"":4.95,""OrderId"":""2927"",""RegisterTime"":""2025-06-01T10:44:55.940-07:00"",""TransactionNumber"":2025060110442506},""Operation"":{""Amount"":400.0,""BillDespensed"":400.0,""CardNumber"":""9812"",""HostIP"":"""",""RegistrationDatetime"":""2025-06-01T10:44:55.940-07:00"",""SequenceNumber"":""2025060110442506"",""Status"":""COMPLETED""},""TransactionDetail"":{""Amount"":400.0,""DispensedTotal"":400.0,""BillDenom_01"":1,""BillDenom_02"":5,""BillDenom_03"":10,""BillDenom_04"":20,""BillDenom_05"":50,""BillDenom_06"":100,""CoinDenom_01"":1,""CoinDenom_02"":5,""CoinDenom_03"":10,""CoinDenom_04"":25,""CoinDenom_05"":0,""CoinDenom_06"":0,""BillCount_01"":0,""BillCount_02"":0,""BillCount_03"":0,""BillCount_04"":0,""BillCount_05"":0,""BillCount_06"":4,""CoinCount_01"":0,""CoinCount_02"":0,""CoinCount_03"":0,""CoinCount_04"":0,""CoinCount_05"":0,""CoinCount_06"":0,""ManualPay"":0.0,""TransactionNumber"":0,""TransactionType"":""WDRAWTX""}}'",2025-06-01 10:44:55.940-07:00,2025060110442506,400.0,400.0,COMPLETED,2927,9812,nan,WDRAWTX,ATM
"___11:35:58 403002 ATM.     'Posting Transaction Result  0:{""type"":""ATM"",""accountType"":""CHEKAC"",""seqNumber"":""2025060111352306"",""Authorization"":{""AuthNumber"":""2928"",""ErrorCode"":""0"",""ErrorDescription"":""0"",""Fee"":4.95,""OrderId"":""2928"",""RegisterTime"":""2025-06-01T11:35:58.086-07:00"",""TransactionNumber"":2025060111352306},""Operation"":{""Amount"":380.0,""BillDespensed"":380.0,""CardNumber"":""3485"",""HostIP"":"""",""RegistrationDatetime"":""2025-06-01T11:35:58.086-07:00"",""SequenceNumber"":""2025060111352306"",""Status"":""COMPLETED""},""TransactionDetail"":{""Amount"":380.0,""DispensedTotal"":380.0,""BillDenom_01"":1,""BillDenom_02"":5,""BillDenom_03"":10,""BillDenom_04"":20,""BillDenom_05"":50,""BillDenom_06"":100,""CoinDenom_01"":1,""CoinDenom_02"":5,""CoinDenom_03"":10,""CoinDenom_04"":25,""CoinDenom_05"":0,""CoinDenom_06"":0,""BillCount_01"":0,""BillCount_02"":0,""BillCount_03"":0,""BillCount_04"":4,""BillCount_05"":0,""BillCount_06"":3,""CoinCount_01"":0,""CoinCount_02"":0,""CoinCount_03"":0,""CoinCount_04"":0,""CoinCount_05"":0,""CoinCount_06"":0,""ManualPay"":0.0,""TransactionNumber"":0,""TransactionType"":""WDRAWTX""}}'",2025-06-01 11:35:58.086-07:00,2025060111352306,380.0,380.0,COMPLETED,2928,3485,nan,WDRAWTX,ATM
"___12:03:08 403002 ATM.     'Posting Transaction Result  0:{""type"":""ATM"",""accountType"":""CHEKAC"",""seqNumber"":""2025060112023306"",""Authorization"":{""AuthNumber"":""2929"",""ErrorCode"":""0"",""ErrorDescription"":""0"",""Fee"":4.95,""OrderId"":""2929"",""RegisterTime"":""2025-06-01T12:03:08.808-07:00"",""TransactionNumber"":2025060112023306},""Operation"":{""Amount"":100.0,""BillDespensed"":100.0,""CardNumber"":""3968"",""HostIP"":"""",""RegistrationDatetime"":""2025-06-01T12:03:08.808-07:00"",""SequenceNumber"":""2025060112023306"",""Status"":""COMPLETED""},""TransactionDetail"":{""Amount"":100.0,""DispensedTotal"":100.0,""BillDenom_01"":1,""BillDenom_02"":5,""BillDenom_03"":10,""BillDenom_04"":20,""BillDenom_05"":50,""BillDenom_06"":100,""CoinDenom_01"":1,""CoinDenom_02"":5,""CoinDenom_03"":10,""CoinDenom_04"":25,""CoinDenom_05"":0,""CoinDenom_06"":0,""BillCount_01"":0,""BillCount_02"":0,""BillCount_03"":0,""BillCount_04"":0,""BillCount_05"":0,""BillCount_06"":1,""CoinCount_01"":0,""CoinCount_02"":0,""CoinCount_03"":0,""CoinCount_04"":0,""CoinCount_05"":0,""CoinCount_06"":0,""ManualPay"":0.0,""TransactionNumber"":0,""TransactionType"":""WDRAWTX""}}'",2025-06-01 12:03:08.808-07:00,2025060112023306,100.0,100.0,COMPLETED,2929,3968,nan,WDRAWTX,ATM
"___12:21:27 403002 ATM.     'Posting Transaction Result  0:{""type"":""ATM"",""accountType"":""CHEKAC"",""seqNumber"":""2025060112204806"",""Authorization"":{""AuthNumber"":""2930"",""ErrorCode"":""0"",""ErrorDescription"":""0"",""Fee"":4.95,""OrderId"":""2930"",""RegisterTime"":""2025-06-01T12:21:27.325-07:00"",""TransactionNumber"":2025060112204806},""Operation"":{""Amount"":1000.0,""BillDespensed"":1000.0,""CardNumber"":""6479"",""HostIP"":"""",""RegistrationDatetime"":""2025-06-01T12:21:27.325-07:00"",""SequenceNumber"":""2025060112204806"",""Status"":""COMPLETED""},""TransactionDetail"":{""Amount"":1000.0,""DispensedTotal"":1000.0,""BillDenom_01"":1,""BillDenom_02"":5,""BillDenom_03"":10,""BillDenom_04"":20,""BillDenom_05"":50,""BillDenom_06"":100,""CoinDenom_01"":1,""CoinDenom_02"":5,""CoinDenom_03"":10,""CoinDenom_04"":25,""CoinDenom_05"":0,""CoinDenom_06"":0,""BillCount_01"":0,""BillCount_02"":0,""BillCount_03"":0,""BillCount_04"":0,""BillCount_05"":0,""BillCount_06"":10,""CoinCount_01"":0,""CoinCount_02"":0,""CoinCount_03"":0,""CoinCount_04"":0,""CoinCount_05"":0,""CoinCount_06"":0,""ManualPay"":0.0,""TransactionNumber"":0,""TransactionType"":""WDRAWTX""}}'",2025-06-01 12:21:27.325-07:00,2025060112204806,1000.0,1000.0,COMPLETED,2930,6479,nan,WDRAWTX,ATM
"___12:26:00 403002 ATM.     'Posting Transaction Result  0:{""type"":""ATM"",""accountType"":""CHEKAC"",""seqNumber"":""2025060112252806"",""Authorization"":{""AuthNumber"":""2931"",""ErrorCode"":""0"",""ErrorDescription"":""0"",""Fee"":4.95,""OrderId"":""2931"",""RegisterTime"":""2025-06-01T12:26:00.441-07:00"",""TransactionNumber"":2025060112252806},""Operation"":{""Amount"":100.0,""BillDespensed"":100.0,""CardNumber"":""3825"",""HostIP"":"""",""RegistrationDatetime"":""2025-06-01T12:26:00.441-07:00"",""SequenceNumber"":""2025060112252806"",""Status"":""COMPLETED""},""TransactionDetail"":{""Amount"":100.0,""DispensedTotal"":100.0,""BillDenom_01"":1,""BillDenom_02"":5,""BillDenom_03"":10,""BillDenom_04"":20,""BillDenom_05"":50,""BillDenom_06"":100,""CoinDenom_01"":1,""CoinDenom_02"":5,""CoinDenom_03"":10,""CoinDenom_04"":25,""CoinDenom_05"":0,""CoinDenom_06"":0,""BillCount_01"":0,""BillCount_02"":0,""BillCount_03"":0,""BillCount_04"":0,""BillCount_05"":0,""BillCount_06"":1,""CoinCount_01"":0,""CoinCount_02"":0,""CoinCount_03"":0,""CoinCount_04"":0,""CoinCount_05"":0,""CoinCount_06"":0,""ManualPay"":0.0,""TransactionNumber"":0,""TransactionType"":""WDRAWTX""}}'",2025-06-01 12:26:00.441-07:00,2025060112252806,100.0,100.0,COMPLETED,2931,3825,nan,WDRAWTX,ATM
"___12:31:24 403002 ATM.     'Posting Transaction Result  0:{""type"":""ATM"",""accountType"":""CHEKAC"",""seqNumber"":""2025060112305106"",""Authorization"":{""AuthNumber"":""2932"",""ErrorCode"":""0"",""ErrorDescription"":""0"",""Fee"":4.95,""OrderId"":""2932"",""RegisterTime"":""2025-06-01T12:31:24.802-07:00"",""TransactionNumber"":2025060112305106},""Operation"":{""Amount"":200.0,""BillDespensed"":200.0,""CardNumber"":""3927"",""HostIP"":"""",""RegistrationDatetime"":""2025-06-01T12:31:24.802-07:00"",""SequenceNumber"":""2025060112305106"",""Status"":""COMPLETED""},""TransactionDetail"":{""Amount"":200.0,""DispensedTotal"":200.0,""BillDenom_01"":1,""BillDenom_02"":5,""BillDenom_03"":10,""BillDenom_04"":20,""BillDenom_05"":50,""BillDenom_06"":100,""CoinDenom_01"":1,""CoinDenom_02"":5,""CoinDenom_03"":10,""CoinDenom_04"":25,""CoinDenom_05"":0,""CoinDenom_06"":0,""BillCount_01"":0,""BillCount_02"":0,""BillCount_03"":0,""BillCount_04"":0,""BillCount_05"":0,""BillCount_06"":2,""CoinCount_01"":0,""CoinCount_02"":0,""CoinCount_03"":0,""CoinCount_04"":0,""CoinCount_05"":0,""CoinCount_06"":0,""ManualPay"":0.0,""TransactionNumber"":0,""TransactionType"":""WDRAWTX""}}'",2025-06-01 12:31:24.802-07:00,2025060112305106,200.0,200.0,COMPLETED,2932,3927,nan,WDRAWTX,ATM
"___12:33:04 403002 ATM.     'Posting Transaction Result  0:{""type"":""ATM"",""accountType"":""CHEKAC"",""seqNumber"":""2025060112322906"",""Authorization"":{""AuthNumber"":""2933"",""ErrorCode"":""0"",""ErrorDescription"":""0"",""Fee"":4.95,""OrderId"":""2933"",""RegisterTime"":""2025-06-01T12:33:04.071-07:00"",""TransactionNumber"":2025060112322906},""Operation"":{""Amount"":100.0,""BillDespensed"":100.0,""CardNumber"":""9659"",""HostIP"":"""",""RegistrationDatetime"":""2025-06-01T12:33:04.071-07:00"",""SequenceNumber"":""2025060112322906"",""Status"":""COMPLETED""},""TransactionDetail"":{""Amount"":100.0,""DispensedTotal"":100.0,""BillDenom_01"":1,""BillDenom_02"":5,""BillDenom_03"":10,""BillDenom_04"":20,""BillDenom_05"":50,""BillDenom_06"":100,""CoinDenom_01"":1,""CoinDenom_02"":5,""CoinDenom_03"":10,""CoinDenom_04"":25,""CoinDenom_05"":0,""CoinDenom_06"":0,""BillCount_01"":0,""BillCount_02"":0,""BillCount_03"":0,""BillCount_04"":0,""BillCount_05"":0,""BillCount_06"":1,""CoinCount_01"":0,""CoinCount_02"":0,""CoinCount_03"":0,""CoinCount_04"":0,""CoinCount_05"":0,""CoinCount_06"":0,""ManualPay"":0.0,""TransactionNumber"":0,""TransactionType"":""WDRAWTX""}}'",2025-06-01 12:33:04.071-07:00,2025060112322906,100.0,100.0,COMPLETED,2933,9659,nan,WDRAWTX,ATM
"___12:45:55 403002 ATM.     'Posting Transaction Result  0:{""type"":""ATM"",""accountType"":""CHEKAC"",""seqNumber"":""2025060112452406"",""Authorization"":{""AuthNumber"":""2934"",""ErrorCode"":""0"",""ErrorDescription"":""0"",""Fee"":4.95,""OrderId"":""2934"",""RegisterTime"":""2025-06-01T12:45:55.611-07:00"",""TransactionNumber"":2025060112452406},""Operation"":{""Amount"":300.0,""BillDespensed"":300.0,""CardNumber"":""6924"",""HostIP"":"""",""RegistrationDatetime"":""2025-06-01T12:45:55.611-07:00"",""SequenceNumber"":""2025060112452406"",""Status"":""COMPLETED""},""TransactionDetail"":{""Amount"":300.0,""DispensedTotal"":300.0,""BillDenom_01"":1,""BillDenom_02"":5,""BillDenom_03"":10,""BillDenom_04"":20,""BillDenom_05"":50,""BillDenom_06"":100,""CoinDenom_01"":1,""CoinDenom_02"":5,""CoinDenom_03"":10,""CoinDenom_04"":25,""CoinDenom_05"":0,""CoinDenom_06"":0,""BillCount_01"":0,""BillCount_02"":0,""BillCount_03"":0,""BillCount_04"":0,""BillCount_05"":0,""BillCount_06"":3,""CoinCount_01"":0,""CoinCount_02"":0,""CoinCount_03"":0,""CoinCount_04"":0,""CoinCount_05"":0,""CoinCount_06"":0,""ManualPay"":0.0,""TransactionNumber"":0,""TransactionType"":""WDRAWTX""}}'",2025-06-01 12:45:55.611-07:00,2025060112452406,300.0,300.0,COMPLETED,2934,6924,nan,WDRAWTX,ATM
"___12:49:08 403002 ATM.     'Posting Transaction Result  0:{""type"":""ATM"",""accountType"":""CHEKAC"",""seqNumber"":""2025060112483506"",""Authorization"":{""AuthNumber"":""2935"",""ErrorCode"":""0"",""ErrorDescription"":""0"",""Fee"":4.95,""OrderId"":""2935"",""RegisterTime"":""2025-06-01T12:49:08.726-07:00"",""TransactionNumber"":2025060112483506},""Operation"":{""Amount"":300.0,""BillDespensed"":300.0,""CardNumber"":""8435"",""HostIP"":"""",""RegistrationDatetime"":""2025-06-01T12:49:08.726-07:00"",""SequenceNumber"":""2025060112483506"",""Status"":""COMPLETED""},""TransactionDetail"":{""Amount"":300.0,""DispensedTotal"":300.0,""BillDenom_01"":1,""BillDenom_02"":5,""BillDenom_03"":10,""BillDenom_04"":20,""BillDenom_05"":50,""BillDenom_06"":100,""CoinDenom_01"":1,""CoinDenom_02"":5,""CoinDenom_03"":10,""CoinDenom_04"":25,""CoinDenom_05"":0,""CoinDenom_06"":0,""BillCount_01"":0,""BillCount_02"":0,""BillCount_03"":0,""BillCount_04"":0,""BillCount_05"":0,""BillCount_06"":3,""CoinCount_01"":0,""CoinCount_02"":0,""CoinCount_03"":0,""CoinCount_04"":0,""CoinCount_05"":0,""CoinCount_06"":0,""ManualPay"":0.0,""TransactionNumber"":0,""TransactionType"":""WDRAWTX""}}'",2025-06-01 12:49:08.726-07:00,2025060112483506,300.0,300.0,COMPLETED,2935,8435,nan,WDRAWTX,ATM
"___12:51:23 403002 ATM.     'Posting Transaction Result  0:{""type"":""ATM"",""accountType"":""CHEKAC"",""seqNumber"":""2025060112504606"",""Authorization"":{""AuthNumber"":""2936"",""ErrorCode"":""0"",""ErrorDescription"":""0"",""Fee"":4.95,""OrderId"":""2936"",""RegisterTime"":""2025-06-01T12:51:23.252-07:00"",""TransactionNumber"":2025060112504606},""Operation"":{""Amount"":60.0,""BillDespensed"":60.0,""CardNumber"":""7384"",""HostIP"":"""",""RegistrationDatetime"":""2025-06-01T12:51:23.252-07:00"",""SequenceNumber"":""2025060112504606"",""Status"":""COMPLETED""},""TransactionDetail"":{""Amount"":60.0,""DispensedTotal"":60.0,""BillDenom_01"":1,""BillDenom_02"":5,""BillDenom_03"":10,""BillDenom_04"":20,""BillDenom_05"":50,""BillDenom_06"":100,""CoinDenom_01"":1,""CoinDenom_02"":5,""CoinDenom_03"":10,""CoinDenom_04"":25,""CoinDenom_05"":0,""CoinDenom_06"":0,""BillCount_01"":0,""BillCount_02"":0,""BillCount_03"":0,""BillCount_04"":3,""BillCount_05"":0,""BillCount_06"":0,""CoinCount_01"":0,""CoinCount_02"":0,""CoinCount_03"":0,""CoinCount_04"":0,""CoinCount_05"":0,""CoinCount_06"":0,""ManualPay"":0.0,""TransactionNumber"":0,""TransactionType"":""WDRAWTX""}}'",2025-06-01 12:51:23.252-07:00,2025060112504606,60.0,60.0,COMPLETED,2936,7384,nan,WDRAWTX,ATM
"___12:56:18 403002 ATM.     'Posting Transaction Result  0:{""type"":""ATM"",""accountType"":""CHEKAC"",""seqNumber"":""2025060112554806"",""Authorization"":{""AuthNumber"":""2937"",""ErrorCode"":""0"",""ErrorDescription"":""0"",""Fee"":4.95,""OrderId"":""2937"",""RegisterTime"":""2025-06-01T12:56:18.730-07:00"",""TransactionNumber"":2025060112554806},""Operation"":{""Amount"":100.0,""BillDespensed"":100.0,""CardNumber"":""2040"",""HostIP"":"""",""RegistrationDatetime"":""2025-06-01T12:56:18.730-07:00"",""SequenceNumber"":""2025060112554806"",""Status"":""COMPLETED""},""TransactionDetail"":{""Amount"":100.0,""DispensedTotal"":100.0,""BillDenom_01"":1,""BillDenom_02"":5,""BillDenom_03"":10,""BillDenom_04"":20,""BillDenom_05"":50,""BillDenom_06"":100,""CoinDenom_01"":1,""CoinDenom_02"":5,""CoinDenom_03"":10,""CoinDenom_04"":25,""CoinDenom_05"":0,""CoinDenom_06"":0,""BillCount_01"":0,""BillCount_02"":0,""BillCount_03"":0,""BillCount_04"":0,""BillCount_05"":0,""BillCount_06"":1,""CoinCount_01"":0,""CoinCount_02"":0,""CoinCount_03"":0,""CoinCount_04"":0,""CoinCount_05"":0,""CoinCount_06"":0,""ManualPay"":0.0,""TransactionNumber"":0,""TransactionType"":""WDRAWTX""}}'",2025-06-01 12:56:18.730-07:00,2025060112554806,100.0,100.0,COMPLETED,2937,2040,nan,WDRAWTX,ATM
"___13:08:50 403002 ATM.     'Posting Transaction Result  0:{""type"":""ATM"",""accountType"":""CHEKAC"",""seqNumber"":""2025060113080706"",""Authorization"":{""AuthNumber"":""2939"",""ErrorCode"":""0"",""ErrorDescription"":""0"",""Fee"":4.95,""OrderId"":""2939"",""RegisterTime"":""2025-06-01T13:08:50.886-07:00"",""TransactionNumber"":2025060113080706},""Operation"":{""Amount"":400.0,""BillDespensed"":400.0,""CardNumber"":""6520"",""HostIP"":"""",""RegistrationDatetime"":""2025-06-01T13:08:50.886-07:00"",""SequenceNumber"":""2025060113080706"",""Status"":""COMPLETED""},""TransactionDetail"":{""Amount"":400.0,""DispensedTotal"":400.0,""BillDenom_01"":1,""BillDenom_02"":5,""BillDenom_03"":10,""BillDenom_04"":20,""BillDenom_05"":50,""BillDenom_06"":100,""CoinDenom_01"":1,""CoinDenom_02"":5,""CoinDenom_03"":10,""CoinDenom_04"":25,""CoinDenom_05"":0,""CoinDenom_06"":0,""BillCount_01"":0,""BillCount_02"":0,""BillCount_03"":0,""BillCount_04"":0,""BillCount_05"":0,""BillCount_06"":4,""CoinCount_01"":0,""CoinCount_02"":0,""CoinCount_03"":0,""CoinCount_04"":0,""CoinCount_05"":0,""CoinCount_06"":0,""ManualPay"":0.0,""TransactionNumber"":0,""TransactionType"":""WDRAWTX""}}'",2025-06-01 13:08:50.886-07:00,2025060113080706,400.0,400.0,COMPLETED,2939,6520,nan,WDRAWTX,ATM
"___13:11:26 403002 ATM.     'Posting Transaction Result  0:{""type"":""ATM"",""accountType"":""CHEKAC"",""seqNumber"":""2025060113104106"",""Authorization"":{""AuthNumber"":""2940"",""ErrorCode"":""0"",""ErrorDescription"":""0"",""Fee"":4.95,""OrderId"":""2940"",""RegisterTime"":""2025-06-01T13:11:25.990-07:00"",""TransactionNumber"":2025060113104106},""Operation"":{""Amount"":300.0,""BillDespensed"":300.0,""CardNumber"":""5866"",""HostIP"":"""",""RegistrationDatetime"":""2025-06-01T13:11:25.990-07:00"",""SequenceNumber"":""2025060113104106"",""Status"":""COMPLETED""},""TransactionDetail"":{""Amount"":300.0,""DispensedTotal"":300.0,""BillDenom_01"":1,""BillDenom_02"":5,""BillDenom_03"":10,""BillDenom_04"":20,""BillDenom_05"":50,""BillDenom_06"":100,""CoinDenom_01"":1,""CoinDenom_02"":5,""CoinDenom_03"":10,""CoinDenom_04"":25,""CoinDenom_05"":0,""CoinDenom_06"":0,""BillCount_01"":0,""BillCount_02"":0,""BillCount_03"":0,""BillCount_04"":0,""BillCount_05"":0,""BillCount_06"":3,""CoinCount_01"":0,""CoinCount_02"":0,""CoinCount_03"":0,""CoinCount_04"":0,""CoinCount_05"":0,""CoinCount_06"":0,""ManualPay"":0.0,""TransactionNumber"":0,""TransactionType"":""WDRAWTX""}}'",2025-06-01 13:11:25.990-07:00,2025060113104106,300.0,300.0,COMPLETED,2940,5866,nan,WDRAWTX,ATM
"___13:20:40 403002 ATM.     'Posting Transaction Result  0:{""type"":""ATM"",""accountType"":""CHEKAC"",""seqNumber"":""2025060113200306"",""Authorization"":{""AuthNumber"":""2941"",""ErrorCode"":""0"",""ErrorDescription"":""0"",""Fee"":4.95,""OrderId"":""2941"",""RegisterTime"":""2025-06-01T13:20:40.647-07:00"",""TransactionNumber"":2025060113200306},""Operation"":{""Amount"":500.0,""BillDespensed"":500.0,""CardNumber"":""8407"",""HostIP"":"""",""RegistrationDatetime"":""2025-06-01T13:20:40.647-07:00"",""SequenceNumber"":""2025060113200306"",""Status"":""COMPLETED""},""TransactionDetail"":{""Amount"":500.0,""DispensedTotal"":500.0,""BillDenom_01"":1,""BillDenom_02"":5,""BillDenom_03"":10,""BillDenom_04"":20,""BillDenom_05"":50,""BillDenom_06"":100,""CoinDenom_01"":1,""CoinDenom_02"":5,""CoinDenom_03"":10,""CoinDenom_04"":25,""CoinDenom_05"":0,""CoinDenom_06"":0,""BillCount_01"":0,""BillCount_02"":0,""BillCount_03"":0,""BillCount_04"":0,""BillCount_05"":0,""BillCount_06"":5,""CoinCount_01"":0,""CoinCount_02"":0,""CoinCount_03"":0,""CoinCount_04"":0,""CoinCount_05"":0,""CoinCount_06"":0,""ManualPay"":0.0,""TransactionNumber"":0,""TransactionType"":""WDRAWTX""}}'",2025-06-01 13:20:40.647-07:00,2025060113200306,500.0,500.0,COMPLETED,2941,8407,nan,WDRAWTX,ATM
"___13:33:16 403002 ATM.     'Posting Transaction Result  0:{""type"":""ATM"",""accountType"":""CHEKAC"",""seqNumber"":""2025060113325506"",""Authorization"":{""ErrorCode"":""0"",""ErrorDescription"":""0"",""Fee"":0.0,""RegisterTime"":""2025-06-01T13:33:16.046-07:00"",""TransactionNumber"":2025060113325506},""Operation"":{""Amount"":2000.0,""BillDespensed"":0.0,""CardNumber"":""6657"",""HostIP"":"""",""RegistrationDatetime"":""2025-06-01T13:33:16.046-07:00"",""SequenceNumber"":""2025060113325506"",""Status"":""DENIED""},""TransactionDetail"":{""Amount"":2000.0,""DispensedTotal"":0.0,""BillDenom_01"":1,""BillDenom_02"":5,""BillDenom_03"":10,""BillDenom_04"":20,""BillDenom_05"":50,""BillDenom_06"":100,""CoinDenom_01"":1,""CoinDenom_02"":5,""CoinDenom_03"":10,""CoinDenom_04"":25,""CoinDenom_05"":0,""CoinDenom_06"":0,""BillCount_01"":0,""BillCount_02"":0,""BillCount_03"":0,""BillCount_04"":0,""BillCount_05"":0,""BillCount_06"":0,""CoinCount_01"":0,""CoinCount_02"":0,""CoinCount_03"":0,""CoinCount_04"":0,""CoinCount_05"":0,""CoinCount_06"":0,""ManualPay"":0.0,""TransactionNumber"":0,""TransactionType"":""WDRAWTX""}}'",2025-06-01 13:33:16.046-07:00,2025060113325506,2000.0,0.0,DENIED,nan,6657,nan,WDRAWTX,ATM
"___13:40:15 403002 ATM.     'Posting Transaction Result  0:{""type"":""ATM"",""accountType"":""CHEKAC"",""seqNumber"":""2025060113393906"",""Authorization"":{""AuthNumber"":""2943"",""ErrorCode"":""0"",""ErrorDescription"":""0"",""Fee"":4.95,""OrderId"":""2943"",""RegisterTime"":""2025-06-01T13:40:14.646-07:00"",""TransactionNumber"":2025060113393906},""Operation"":{""Amount"":200.0,""BillDespensed"":200.0,""CardNumber"":""6268"",""HostIP"":"""",""RegistrationDatetime"":""2025-06-01T13:40:14.646-07:00"",""SequenceNumber"":""2025060113393906"",""Status"":""COMPLETED""},""TransactionDetail"":{""Amount"":200.0,""DispensedTotal"":200.0,""BillDenom_01"":1,""BillDenom_02"":5,""BillDenom_03"":10,""BillDenom_04"":20,""BillDenom_05"":50,""BillDenom_06"":100,""CoinDenom_01"":1,""CoinDenom_02"":5,""CoinDenom_03"":10,""CoinDenom_04"":25,""CoinDenom_05"":0,""CoinDenom_06"":0,""BillCount_01"":0,""BillCount_02"":0,""BillCount_03"":0,""BillCount_04"":0,""BillCount_05"":0,""BillCount_06"":2,""CoinCount_01"":0,""CoinCount_02"":0,""CoinCount_03"":0,""CoinCount_04"":0,""CoinCount_05"":0,""CoinCount_06"":0,""ManualPay"":0.0,""TransactionNumber"":0,""TransactionType"":""WDRAWTX""}}'",2025-06-01 13:40:14.646-07:00,2025060113393906,200.0,200.0,COMPLETED,2943,6268,nan,WDRAWTX,ATM
"___13:42:45 403002 ATM.     'Posting Transaction Result  0:{""type"":""ATM"",""accountType"":""CHEKAC"",""seqNumber"":""2025060113420506"",""Authorization"":{""AuthNumber"":""2944"",""ErrorCode"":""0"",""ErrorDescription"":""0"",""Fee"":4.95,""OrderId"":""2944"",""RegisterTime"":""2025-06-01T13:42:45.832-07:00"",""TransactionNumber"":2025060113420506},""Operation"":{""Amount"":400.0,""BillDespensed"":400.0,""CardNumber"":""8628"",""HostIP"":"""",""RegistrationDatetime"":""2025-06-01T13:42:45.832-07:00"",""SequenceNumber"":""2025060113420506"",""Status"":""COMPLETED""},""TransactionDetail"":{""Amount"":400.0,""DispensedTotal"":400.0,""BillDenom_01"":1,""BillDenom_02"":5,""BillDenom_03"":10,""BillDenom_04"":20,""BillDenom_05"":50,""BillDenom_06"":100,""CoinDenom_01"":1,""CoinDenom_02"":5,""CoinDenom_03"":10,""CoinDenom_04"":25,""CoinDenom_05"":0,""CoinDenom_06"":0,""BillCount_01"":0,""BillCount_02"":0,""BillCount_03"":0,""BillCount_04"":0,""BillCount_05"":0,""BillCount_06"":4,""CoinCount_01"":0,""CoinCount_02"":0,""CoinCount_03"":0,""CoinCount_04"":0,""CoinCount_05"":0,""CoinCount_06"":0,""ManualPay"":0.0,""TransactionNumber"":0,""TransactionType"":""WDRAWTX""}}'",2025-06-01 13:42:45.832-07:00,2025060113420506,400.0,400.0,COMPLETED,2944,8628,nan,WDRAWTX,ATM
"___13:45:36 403002 ATM.     'Posting Transaction Result  0:{""type"":""ATM"",""accountType"":""CHEKAC"",""seqNumber"":""2025060113445806"",""Authorization"":{""AuthNumber"":""2945"",""ErrorCode"":""0"",""ErrorDescription"":""0"",""Fee"":4.95,""OrderId"":""2945"",""RegisterTime"":""2025-06-01T13:45:35.911-07:00"",""TransactionNumber"":2025060113445806},""Operation"":{""Amount"":60.0,""BillDespensed"":60.0,""CardNumber"":""2986"",""HostIP"":"""",""RegistrationDatetime"":""2025-06-01T13:45:35.911-07:00"",""SequenceNumber"":""2025060113445806"",""Status"":""COMPLETED""},""TransactionDetail"":{""Amount"":60.0,""DispensedTotal"":60.0,""BillDenom_01"":1,""BillDenom_02"":5,""BillDenom_03"":10,""BillDenom_04"":20,""BillDenom_05"":50,""BillDenom_06"":100,""CoinDenom_01"":1,""CoinDenom_02"":5,""CoinDenom_03"":10,""CoinDenom_04"":25,""CoinDenom_05"":0,""CoinDenom_06"":0,""BillCount_01"":0,""BillCount_02"":0,""BillCount_03"":0,""BillCount_04"":3,""BillCount_05"":0,""BillCount_06"":0,""CoinCount_01"":0,""CoinCount_02"":0,""CoinCount_03"":0,""CoinCount_04"":0,""CoinCount_05"":0,""CoinCount_06"":0,""ManualPay"":0.0,""TransactionNumber"":0,""TransactionType"":""WDRAWTX""}}'",2025-06-01 13:45:35.911-07:00,2025060113445806,60.0,60.0,COMPLETED,2945,2986,nan,WDRAWTX,ATM
"___13:48:49 403002 ATM.     'Posting Transaction Result  0:{""type"":""ATM"",""accountType"":""CHEKAC"",""seqNumber"":""2025060113483306"",""Authorization"":{""ErrorCode"":""0"",""ErrorDescription"":""0"",""Fee"":0.0,""RegisterTime"":""2025-06-01T13:48:49.072-07:00"",""TransactionNumber"":2025060113483306},""Operation"":{""Amount"":800.0,""BillDespensed"":0.0,""CardNumber"":""0039"",""HostIP"":"""",""RegistrationDatetime"":""2025-06-01T13:48:49.072-07:00"",""SequenceNumber"":""2025060113483306"",""Status"":""DENIED""},""TransactionDetail"":{""Amount"":800.0,""DispensedTotal"":0.0,""BillDenom_01"":1,""BillDenom_02"":5,""BillDenom_03"":10,""BillDenom_04"":20,""BillDenom_05"":50,""BillDenom_06"":100,""CoinDenom_01"":1,""CoinDenom_02"":5,""CoinDenom_03"":10,""CoinDenom_04"":25,""CoinDenom_05"":0,""CoinDenom_06"":0,""BillCount_01"":0,""BillCount_02"":0,""BillCount_03"":0,""BillCount_04"":0,""BillCount_05"":0,""BillCount_06"":0,""CoinCount_01"":0,""CoinCount_02"":0,""CoinCount_03"":0,""CoinCount_04"":0,""CoinCount_05"":0,""CoinCount_06"":0,""ManualPay"":0.0,""TransactionNumber"":0,""TransactionType"":""WDRAWTX""}}'",2025-06-01 13:48:49.072-07:00,2025060113483306,800.0,0.0,DENIED,nan,0039,nan,WDRAWTX,ATM
"___13:51:20 403002 ATM.     'Posting Transaction Result  0:{""type"":""ATM"",""accountType"":""CHEKAC"",""seqNumber"":""2025060113504506"",""Authorization"":{""ErrorCode"":""0"",""ErrorDescription"":""0"",""Fee"":0.0,""RegisterTime"":""2025-06-01T13:51:20.151-07:00"",""TransactionNumber"":2025060113504506},""Operation"":{""Amount"":800.0,""BillDespensed"":0.0,""CardNumber"":""0039"",""HostIP"":"""",""RegistrationDatetime"":""2025-06-01T13:51:20.151-07:00"",""SequenceNumber"":""2025060113504506"",""Status"":""DENIED""},""TransactionDetail"":{""Amount"":800.0,""DispensedTotal"":0.0,""BillDenom_01"":1,""BillDenom_02"":5,""BillDenom_03"":10,""BillDenom_04"":20,""BillDenom_05"":50,""BillDenom_06"":100,""CoinDenom_01"":1,""CoinDenom_02"":5,""CoinDenom_03"":10,""CoinDenom_04"":25,""CoinDenom_05"":0,""CoinDenom_06"":0,""BillCount_01"":0,""BillCount_02"":0,""BillCount_03"":0,""BillCount_04"":0,""BillCount_05"":0,""BillCount_06"":0,""CoinCount_01"":0,""CoinCount_02"":0,""CoinCount_03"":0,""CoinCount_04"":0,""CoinCount_05"":0,""CoinCount_06"":0,""ManualPay"":0.0,""TransactionNumber"":0,""TransactionType"":""WDRAWTX""}}'",2025-06-01 13:51:20.151-07:00,2025060113504506,800.0,0.0,DENIED,nan,0039,nan,WDRAWTX,ATM
"___13:54:41 403002 ATM.     'Posting Transaction Result  0:{""type"":""ATM"",""accountType"":""CHEKAC"",""seqNumber"":""2025060113541206"",""Authorization"":{""AuthNumber"":""2949"",""ErrorCode"":""0"",""ErrorDescription"":""0"",""Fee"":4.95,""OrderId"":""2949"",""RegisterTime"":""2025-06-01T13:54:41.741-07:00"",""TransactionNumber"":2025060113541206},""Operation"":{""Amount"":100.0,""BillDespensed"":100.0,""CardNumber"":""7541"",""HostIP"":"""",""RegistrationDatetime"":""2025-06-01T13:54:41.741-07:00"",""SequenceNumber"":""2025060113541206"",""Status"":""COMPLETED""},""TransactionDetail"":{""Amount"":100.0,""DispensedTotal"":100.0,""BillDenom_01"":1,""BillDenom_02"":5,""BillDenom_03"":10,""BillDenom_04"":20,""BillDenom_05"":50,""BillDenom_06"":100,""CoinDenom_01"":1,""CoinDenom_02"":5,""CoinDenom_03"":10,""CoinDenom_04"":25,""CoinDenom_05"":0,""CoinDenom_06"":0,""BillCount_01"":0,""BillCount_02"":0,""BillCount_03"":0,""BillCount_04"":0,""BillCount_05"":0,""BillCount_06"":1,""CoinCount_01"":0,""CoinCount_02"":0,""CoinCount_03"":0,""CoinCount_04"":0,""CoinCount_05"":0,""CoinCount_06"":0,""ManualPay"":0.0,""TransactionNumber"":0,""TransactionType"":""WDRAWTX""}}'",2025-06-01 13:54:41.741-07:00,2025060113541206,100.0,100.0,COMPLETED,2949,7541,nan,WDRAWTX,ATM
"___13:56:31 403002 ATM.     'Posting Transaction Result  0:{""type"":""ATM"",""accountType"":""CHEKAC"",""seqNumber"":""2025060113555606"",""Authorization"":{""AuthNumber"":""2950"",""ErrorCode"":""0"",""ErrorDescription"":""0"",""Fee"":4.95,""OrderId"":""2950"",""RegisterTime"":""2025-06-01T13:56:31.567-07:00"",""TransactionNumber"":2025060113555606},""Operation"":{""Amount"":1000.0,""BillDespensed"":1000.0,""CardNumber"":""1732"",""HostIP"":"""",""RegistrationDatetime"":""2025-06-01T13:56:31.567-07:00"",""SequenceNumber"":""2025060113555606"",""Status"":""COMPLETED""},""TransactionDetail"":{""Amount"":1000.0,""DispensedTotal"":1000.0,""BillDenom_01"":1,""BillDenom_02"":5,""BillDenom_03"":10,""BillDenom_04"":20,""BillDenom_05"":50,""BillDenom_06"":100,""CoinDenom_01"":1,""CoinDenom_02"":5,""CoinDenom_03"":10,""CoinDenom_04"":25,""CoinDenom_05"":0,""CoinDenom_06"":0,""BillCount_01"":0,""BillCount_02"":0,""BillCount_03"":0,""BillCount_04"":0,""BillCount_05"":0,""BillCount_06"":10,""CoinCount_01"":0,""CoinCount_02"":0,""CoinCount_03"":0,""CoinCount_04"":0,""CoinCount_05"":0,""CoinCount_06"":0,""ManualPay"":0.0,""TransactionNumber"":0,""TransactionType"":""WDRAWTX""}}'",2025-06-01 13:56:31.567-07:00,2025060113555606,1000.0,1000.0,COMPLETED,2950,1732,nan,WDRAWTX,ATM
"___13:58:13 403002 ATM.     'Posting Transaction Result  0:{""type"":""ATM"",""accountType"":""CHEKAC"",""seqNumber"":""2025060113573906"",""Authorization"":{""AuthNumber"":""2951"",""ErrorCode"":""0"",""ErrorDescription"":""0"",""Fee"":4.95,""OrderId"":""2951"",""RegisterTime"":""2025-06-01T13:58:13.845-07:00"",""TransactionNumber"":2025060113573906},""Operation"":{""Amount"":160.0,""BillDespensed"":160.0,""CardNumber"":""4486"",""HostIP"":"""",""RegistrationDatetime"":""2025-06-01T13:58:13.845-07:00"",""SequenceNumber"":""2025060113573906"",""Status"":""COMPLETED""},""TransactionDetail"":{""Amount"":160.0,""DispensedTotal"":160.0,""BillDenom_01"":1,""BillDenom_02"":5,""BillDenom_03"":10,""BillDenom_04"":20,""BillDenom_05"":50,""BillDenom_06"":100,""CoinDenom_01"":1,""CoinDenom_02"":5,""CoinDenom_03"":10,""CoinDenom_04"":25,""CoinDenom_05"":0,""CoinDenom_06"":0,""BillCount_01"":0,""BillCount_02"":0,""BillCount_03"":0,""BillCount_04"":3,""BillCount_05"":0,""BillCount_06"":1,""CoinCount_01"":0,""CoinCount_02"":0,""CoinCount_03"":0,""CoinCount_04"":0,""CoinCount_05"":0,""CoinCount_06"":0,""ManualPay"":0.0,""TransactionNumber"":0,""TransactionType"":""WDRAWTX""}}'",2025-06-01 13:58:13.845-07:00,2025060113573906,160.0,160.0,COMPLETED,2951,4486,nan,WDRAWTX,ATM
"___14:07:04 403002 ATM.     'Posting Transaction Result  0:{""type"":""ATM"",""accountType"":""CHEKAC"",""seqNumber"":""2025060114062406"",""Authorization"":{""AuthNumber"":""2952"",""ErrorCode"":""0"",""ErrorDescription"":""0"",""Fee"":4.95,""OrderId"":""2952"",""RegisterTime"":""2025-06-01T14:07:04.297-07:00"",""TransactionNumber"":2025060114062406},""Operation"":{""Amount"":500.0,""BillDespensed"":500.0,""CardNumber"":""1052"",""HostIP"":"""",""RegistrationDatetime"":""2025-06-01T14:07:04.297-07:00"",""SequenceNumber"":""2025060114062406"",""Status"":""COMPLETED""},""TransactionDetail"":{""Amount"":500.0,""DispensedTotal"":500.0,""BillDenom_01"":1,""BillDenom_02"":5,""BillDenom_03"":10,""BillDenom_04"":20,""BillDenom_05"":50,""BillDenom_06"":100,""CoinDenom_01"":1,""CoinDenom_02"":5,""CoinDenom_03"":10,""CoinDenom_04"":25,""CoinDenom_05"":0,""CoinDenom_06"":0,""BillCount_01"":0,""BillCount_02"":0,""BillCount_03"":0,""BillCount_04"":0,""BillCount_05"":0,""BillCount_06"":5,""CoinCount_01"":0,""CoinCount_02"":0,""CoinCount_03"":0,""CoinCount_04"":0,""CoinCount_05"":0,""CoinCount_06"":0,""ManualPay"":0.0,""TransactionNumber"":0,""TransactionType"":""WDRAWTX""}}'",2025-06-01 14:07:04.297-07:00,2025060114062406,500.0,500.0,COMPLETED,2952,1052,nan,WDRAWTX,ATM
"___14:18:11 403002 ATM.     'Posting Transaction Result  0:{""type"":""ATM"",""accountType"":""CHEKAC"",""seqNumber"":""2025060114173506"",""Authorization"":{""AuthNumber"":""2953"",""ErrorCode"":""0"",""ErrorDescription"":""0"",""Fee"":4.95,""OrderId"":""2953"",""RegisterTime"":""2025-06-01T14:18:11.248-07:00"",""TransactionNumber"":2025060114173506},""Operation"":{""Amount"":500.0,""BillDespensed"":500.0,""CardNumber"":""5979"",""HostIP"":"""",""RegistrationDatetime"":""2025-06-01T14:18:11.248-07:00"",""SequenceNumber"":""2025060114173506"",""Status"":""COMPLETED""},""TransactionDetail"":{""Amount"":500.0,""DispensedTotal"":500.0,""BillDenom_01"":1,""BillDenom_02"":5,""BillDenom_03"":10,""BillDenom_04"":20,""BillDenom_05"":50,""BillDenom_06"":100,""CoinDenom_01"":1,""CoinDenom_02"":5,""CoinDenom_03"":10,""CoinDenom_04"":25,""CoinDenom_05"":0,""CoinDenom_06"":0,""BillCount_01"":0,""BillCount_02"":0,""BillCount_03"":0,""BillCount_04"":0,""BillCount_05"":0,""BillCount_06"":5,""CoinCount_01"":0,""CoinCount_02"":0,""CoinCount_03"":0,""CoinCount_04"":0,""CoinCount_05"":0,""CoinCount_06"":0,""ManualPay"":0.0,""TransactionNumber"":0,""TransactionType"":""WDRAWTX""}}'",2025-06-01 14:18:11.248-07:00,2025060114173506,500.0,500.0,COMPLETED,2953,5979,nan,WDRAWTX,ATM
"___14:31:31 403002 ATM.     'Posting Transaction Result  0:{""type"":""ATM"",""accountType"":""CHEKAC"",""seqNumber"":""2025060114305206"",""Authorization"":{""AuthNumber"":""2954"",""ErrorCode"":""0"",""ErrorDescription"":""0"",""Fee"":4.95,""OrderId"":""2954"",""RegisterTime"":""2025-06-01T14:31:31.206-07:00"",""TransactionNumber"":2025060114305206},""Operation"":{""Amount"":100.0,""BillDespensed"":100.0,""CardNumber"":""4955"",""HostIP"":"""",""RegistrationDatetime"":""2025-06-01T14:31:31.206-07:00"",""SequenceNumber"":""2025060114305206"",""Status"":""COMPLETED""},""TransactionDetail"":{""Amount"":100.0,""DispensedTotal"":100.0,""BillDenom_01"":1,""BillDenom_02"":5,""BillDenom_03"":10,""BillDenom_04"":20,""BillDenom_05"":50,""BillDenom_06"":100,""CoinDenom_01"":1,""CoinDenom_02"":5,""CoinDenom_03"":10,""CoinDenom_04"":25,""CoinDenom_05"":0,""CoinDenom_06"":0,""BillCount_01"":0,""BillCount_02"":0,""BillCount_03"":0,""BillCount_04"":0,""BillCount_05"":0,""BillCount_06"":1,""CoinCount_01"":0,""CoinCount_02"":0,""CoinCount_03"":0,""CoinCount_04"":0,""CoinCount_05"":0,""CoinCount_06"":0,""ManualPay"":0.0,""TransactionNumber"":0,""TransactionType"":""WDRAWTX""}}'",2025-06-01 14:31:31.206-07:00,2025060114305206,100.0,100.0,COMPLETED,2954,4955,nan,WDRAWTX,ATM
"___14:34:54 403002 ATM.     'Posting Transaction Result  0:{""type"":""ATM"",""accountType"":""CHEKAC"",""seqNumber"":""2025060114341606"",""Authorization"":{""AuthNumber"":""2955"",""ErrorCode"":""0"",""ErrorDescription"":""0"",""Fee"":4.95,""OrderId"":""2955"",""RegisterTime"":""2025-06-01T14:34:54.498-07:00"",""TransactionNumber"":2025060114341606},""Operation"":{""Amount"":100.0,""BillDespensed"":100.0,""CardNumber"":""0889"",""HostIP"":"""",""RegistrationDatetime"":""2025-06-01T14:34:54.498-07:00"",""SequenceNumber"":""2025060114341606"",""Status"":""COMPLETED""},""TransactionDetail"":{""Amount"":100.0,""DispensedTotal"":100.0,""BillDenom_01"":1,""BillDenom_02"":5,""BillDenom_03"":10,""BillDenom_04"":20,""BillDenom_05"":50,""BillDenom_06"":100,""CoinDenom_01"":1,""CoinDenom_02"":5,""CoinDenom_03"":10,""CoinDenom_04"":25,""CoinDenom_05"":0,""CoinDenom_06"":0,""BillCount_01"":0,""BillCount_02"":0,""BillCount_03"":0,""BillCount_04"":0,""BillCount_05"":0,""BillCount_06"":1,""CoinCount_01"":0,""CoinCount_02"":0,""CoinCount_03"":0,""CoinCount_04"":0,""CoinCount_05"":0,""CoinCount_06"":0,""ManualPay"":0.0,""TransactionNumber"":0,""TransactionType"":""WDRAWTX""}}'",2025-06-01 14:34:54.498-07:00,2025060114341606,100.0,100.0,COMPLETED,2955,0889,nan,WDRAWTX,ATM
"___14:38:44 403002 ATM.     'Posting Transaction Result  0:{""type"":""ATM"",""accountType"":""CHEKAC"",""seqNumber"":""2025060114380506"",""Authorization"":{""AuthNumber"":""2956"",""ErrorCode"":""0"",""ErrorDescription"":""0"",""Fee"":4.95,""OrderId"":""2956"",""RegisterTime"":""2025-06-01T14:38:44.583-07:00"",""TransactionNumber"":2025060114380506},""Operation"":{""Amount"":100.0,""BillDespensed"":100.0,""CardNumber"":""3742"",""HostIP"":"""",""RegistrationDatetime"":""2025-06-01T14:38:44.583-07:00"",""SequenceNumber"":""2025060114380506"",""Status"":""COMPLETED""},""TransactionDetail"":{""Amount"":100.0,""DispensedTotal"":100.0,""BillDenom_01"":1,""BillDenom_02"":5,""BillDenom_03"":10,""BillDenom_04"":20,""BillDenom_05"":50,""BillDenom_06"":100,""CoinDenom_01"":1,""CoinDenom_02"":5,""CoinDenom_03"":10,""CoinDenom_04"":25,""CoinDenom_05"":0,""CoinDenom_06"":0,""BillCount_01"":0,""BillCount_02"":0,""BillCount_03"":0,""BillCount_04"":0,""BillCount_05"":0,""BillCount_06"":1,""CoinCount_01"":0,""CoinCount_02"":0,""CoinCount_03"":0,""CoinCount_04"":0,""CoinCount_05"":0,""CoinCount_06"":0,""ManualPay"":0.0,""TransactionNumber"":0,""TransactionType"":""WDRAWTX""}}'",2025-06-01 14:38:44.583-07:00,2025060114380506,100.0,100.0,COMPLETED,2956,3742,nan,WDRAWTX,ATM
"___14:56:05 403002 ATM.     'Posting Transaction Result  0:{""type"":""ATM"",""accountType"":""CHEKAC"",""seqNumber"":""2025060114554806"",""Authorization"":{""ErrorCode"":""0"",""ErrorDescription"":""0"",""Fee"":0.0,""RegisterTime"":""2025-06-01T14:56:05.198-07:00"",""TransactionNumber"":2025060114554806},""Operation"":{""Amount"":0.0,""BillDespensed"":0.0,""CardNumber"":""7501"",""HostIP"":"""",""RegistrationDatetime"":""2025-06-01T14:56:05.198-07:00"",""SequenceNumber"":""2025060114554806"",""Status"":""COMPLETED""},""TransactionDetail"":{""Amount"":0.0,""DispensedTotal"":0.0,""BillDenom_01"":1,""BillDenom_02"":5,""BillDenom_03"":10,""BillDenom_04"":20,""BillDenom_05"":50,""BillDenom_06"":100,""CoinDenom_01"":1,""CoinDenom_02"":5,""CoinDenom_03"":10,""CoinDenom_04"":25,""CoinDenom_05"":0,""CoinDenom_06"":0,""BillCount_01"":0,""BillCount_02"":0,""BillCount_03"":0,""BillCount_04"":0,""BillCount_05"":0,""BillCount_06"":0,""CoinCount_01"":0,""CoinCount_02"":0,""CoinCount_03"":0,""CoinCount_04"":0,""CoinCount_05"":0,""CoinCount_06"":0,""ManualPay"":0.0,""TransactionNumber"":0,""TransactionType"":""BLNCINQRTX""}}'",2025-06-01 14:56:05.198-07:00,2025060114554806,0.0,0.0,COMPLETED,nan,7501,nan,BLNCINQRTX,ATM
"___14:57:34 403002 ATM.     'Posting Transaction Result  0:{""type"":""ATM"",""accountType"":""CHEKAC"",""seqNumber"":""2025060114564406"",""Authorization"":{""AuthNumber"":""2958"",""ErrorCode"":""0"",""ErrorDescription"":""0"",""Fee"":4.95,""OrderId"":""2958"",""RegisterTime"":""2025-06-01T14:57:34.438-07:00"",""TransactionNumber"":2025060114564406},""Operation"":{""Amount"":300.0,""BillDespensed"":300.0,""CardNumber"":""7501"",""HostIP"":"""",""RegistrationDatetime"":""2025-06-01T14:57:34.438-07:00"",""SequenceNumber"":""2025060114564406"",""Status"":""COMPLETED""},""TransactionDetail"":{""Amount"":300.0,""DispensedTotal"":300.0,""BillDenom_01"":1,""BillDenom_02"":5,""BillDenom_03"":10,""BillDenom_04"":20,""BillDenom_05"":50,""BillDenom_06"":100,""CoinDenom_01"":1,""CoinDenom_02"":5,""CoinDenom_03"":10,""CoinDenom_04"":25,""CoinDenom_05"":0,""CoinDenom_06"":0,""BillCount_01"":0,""BillCount_02"":0,""BillCount_03"":0,""BillCount_04"":0,""BillCount_05"":0,""BillCount_06"":3,""CoinCount_01"":0,""CoinCount_02"":0,""CoinCount_03"":0,""CoinCount_04"":0,""CoinCount_05"":0,""CoinCount_06"":0,""ManualPay"":0.0,""TransactionNumber"":0,""TransactionType"":""WDRAWTX""}}'",2025-06-01 14:57:34.438-07:00,2025060114564406,300.0,300.0,COMPLETED,2958,7501,nan,WDRAWTX,ATM
"___15:05:23 403002 ATM.     'Posting Transaction Result  0:{""type"":""ATM"",""accountType"":""CHEKAC"",""seqNumber"":""2025060115042006"",""Authorization"":{""AuthNumber"":""2959"",""ErrorCode"":""0"",""ErrorDescription"":""0"",""Fee"":4.95,""OrderId"":""2959"",""RegisterTime"":""2025-06-01T15:05:23.323-07:00"",""TransactionNumber"":2025060115042006},""Operation"":{""Amount"":200.0,""BillDespensed"":200.0,""CardNumber"":""4687"",""HostIP"":"""",""RegistrationDatetime"":""2025-06-01T15:05:23.323-07:00"",""SequenceNumber"":""2025060115042006"",""Status"":""COMPLETED""},""TransactionDetail"":{""Amount"":200.0,""DispensedTotal"":200.0,""BillDenom_01"":1,""BillDenom_02"":5,""BillDenom_03"":10,""BillDenom_04"":20,""BillDenom_05"":50,""BillDenom_06"":100,""CoinDenom_01"":1,""CoinDenom_02"":5,""CoinDenom_03"":10,""CoinDenom_04"":25,""CoinDenom_05"":0,""CoinDenom_06"":0,""BillCount_01"":0,""BillCount_02"":0,""BillCount_03"":0,""BillCount_04"":0,""BillCount_05"":0,""BillCount_06"":2,""CoinCount_01"":0,""CoinCount_02"":0,""CoinCount_03"":0,""CoinCount_04"":0,""CoinCount_05"":0,""CoinCount_06"":0,""ManualPay"":0.0,""TransactionNumber"":0,""TransactionType"":""WDRAWTX""}}'",2025-06-01 15:05:23.323-07:00,2025060115042006,200.0,200.0,COMPLETED,2959,4687,nan,WDRAWTX,ATM
"___15:08:53 403002 ATM.     'Posting Transaction Result  0:{""type"":""ATM"",""accountType"":""CHEKAC"",""seqNumber"":""2025060115082006"",""Authorization"":{""AuthNumber"":""2960"",""ErrorCode"":""0"",""ErrorDescription"":""0"",""Fee"":4.95,""OrderId"":""2960"",""RegisterTime"":""2025-06-01T15:08:53.877-07:00"",""TransactionNumber"":2025060115082006},""Operation"":{""Amount"":200.0,""BillDespensed"":200.0,""CardNumber"":""1114"",""HostIP"":"""",""RegistrationDatetime"":""2025-06-01T15:08:53.877-07:00"",""SequenceNumber"":""2025060115082006"",""Status"":""COMPLETED""},""TransactionDetail"":{""Amount"":200.0,""DispensedTotal"":200.0,""BillDenom_01"":1,""BillDenom_02"":5,""BillDenom_03"":10,""BillDenom_04"":20,""BillDenom_05"":50,""BillDenom_06"":100,""CoinDenom_01"":1,""CoinDenom_02"":5,""CoinDenom_03"":10,""CoinDenom_04"":25,""CoinDenom_05"":0,""CoinDenom_06"":0,""BillCount_01"":0,""BillCount_02"":0,""BillCount_03"":0,""BillCount_04"":0,""BillCount_05"":0,""BillCount_06"":2,""CoinCount_01"":0,""CoinCount_02"":0,""CoinCount_03"":0,""CoinCount_04"":0,""CoinCount_05"":0,""CoinCount_06"":0,""ManualPay"":0.0,""TransactionNumber"":0,""TransactionType"":""WDRAWTX""}}'",2025-06-01 15:08:53.877-07:00,2025060115082006,200.0,200.0,COMPLETED,2960,1114,nan,WDRAWTX,ATM
"___15:12:28 403002 ATM.     'Posting Transaction Result  0:{""type"":""ATM"",""accountType"":""CHEKAC"",""seqNumber"":""2025060115120906"",""Authorization"":{""ErrorCode"":""0"",""ErrorDescription"":""0"",""Fee"":0.0,""RegisterTime"":""2025-06-01T15:12:28.359-07:00"",""TransactionNumber"":2025060115120906},""Operation"":{""Amount"":500.0,""BillDespensed"":0.0,""CardNumber"":""6476"",""HostIP"":"""",""RegistrationDatetime"":""2025-06-01T15:12:28.359-07:00"",""SequenceNumber"":""2025060115120906"",""Status"":""DENIED""},""TransactionDetail"":{""Amount"":500.0,""DispensedTotal"":0.0,""BillDenom_01"":1,""BillDenom_02"":5,""BillDenom_03"":10,""BillDenom_04"":20,""BillDenom_05"":50,""BillDenom_06"":100,""CoinDenom_01"":1,""CoinDenom_02"":5,""CoinDenom_03"":10,""CoinDenom_04"":25,""CoinDenom_05"":0,""CoinDenom_06"":0,""BillCount_01"":0,""BillCount_02"":0,""BillCount_03"":0,""BillCount_04"":0,""BillCount_05"":0,""BillCount_06"":0,""CoinCount_01"":0,""CoinCount_02"":0,""CoinCount_03"":0,""CoinCount_04"":0,""CoinCount_05"":0,""CoinCount_06"":0,""ManualPay"":0.0,""TransactionNumber"":0,""TransactionType"":""WDRAWTX""}}'",2025-06-01 15:12:28.359-07:00,2025060115120906,500.0,0.0,DENIED,nan,6476,nan,WDRAWTX,ATM
"___15:16:55 403002 ATM.     'Posting Transaction Result  0:{""type"":""ATM"",""accountType"":""CHEKAC"",""seqNumber"":""2025060115161206"",""Authorization"":{""AuthNumber"":""2962"",""ErrorCode"":""0"",""ErrorDescription"":""0"",""Fee"":4.95,""OrderId"":""2962"",""RegisterTime"":""2025-06-01T15:16:55.660-07:00"",""TransactionNumber"":2025060115161206},""Operation"":{""Amount"":200.0,""BillDespensed"":200.0,""CardNumber"":""9935"",""HostIP"":"""",""RegistrationDatetime"":""2025-06-01T15:16:55.660-07:00"",""SequenceNumber"":""2025060115161206"",""Status"":""COMPLETED""},""TransactionDetail"":{""Amount"":200.0,""DispensedTotal"":200.0,""BillDenom_01"":1,""BillDenom_02"":5,""BillDenom_03"":10,""BillDenom_04"":20,""BillDenom_05"":50,""BillDenom_06"":100,""CoinDenom_01"":1,""CoinDenom_02"":5,""CoinDenom_03"":10,""CoinDenom_04"":25,""CoinDenom_05"":0,""CoinDenom_06"":0,""BillCount_01"":0,""BillCount_02"":0,""BillCount_03"":0,""BillCount_04"":0,""BillCount_05"":0,""BillCount_06"":2,""CoinCount_01"":0,""CoinCount_02"":0,""CoinCount_03"":0,""CoinCount_04"":0,""CoinCount_05"":0,""CoinCount_06"":0,""ManualPay"":0.0,""TransactionNumber"":0,""TransactionType"":""WDRAWTX""}}'",2025-06-01 15:16:55.660-07:00,2025060115161206,200.0,200.0,COMPLETED,2962,9935,nan,WDRAWTX,ATM
"___15:18:20 403002 ATM.     'Posting Transaction Result  0:{""type"":""ATM"",""accountType"":""CHEKAC"",""seqNumber"":""2025060115180306"",""Authorization"":{""ErrorCode"":""0"",""ErrorDescription"":""0"",""Fee"":0.0,""RegisterTime"":""2025-06-01T15:18:20.575-07:00"",""TransactionNumber"":2025060115180306},""Operation"":{""Amount"":300.0,""BillDespensed"":0.0,""CardNumber"":""8435"",""HostIP"":"""",""RegistrationDatetime"":""2025-06-01T15:18:20.575-07:00"",""SequenceNumber"":""2025060115180306"",""Status"":""DENIED""},""TransactionDetail"":{""Amount"":300.0,""DispensedTotal"":0.0,""BillDenom_01"":1,""BillDenom_02"":5,""BillDenom_03"":10,""BillDenom_04"":20,""BillDenom_05"":50,""BillDenom_06"":100,""CoinDenom_01"":1,""CoinDenom_02"":5,""CoinDenom_03"":10,""CoinDenom_04"":25,""CoinDenom_05"":0,""CoinDenom_06"":0,""BillCount_01"":0,""BillCount_02"":0,""BillCount_03"":0,""BillCount_04"":0,""BillCount_05"":0,""BillCount_06"":0,""CoinCount_01"":0,""CoinCount_02"":0,""CoinCount_03"":0,""CoinCount_04"":0,""CoinCount_05"":0,""CoinCount_06"":0,""ManualPay"":0.0,""TransactionNumber"":0,""TransactionType"":""WDRAWTX""}}'",2025-06-01 15:18:20.575-07:00,2025060115180306,300.0,0.0,DENIED,nan,8435,nan,WDRAWTX,ATM
"___15:19:34 403002 ATM.     'Posting Transaction Result  0:{""type"":""ATM"",""accountType"":""CHEKAC"",""seqNumber"":""2025060115191806"",""Authorization"":{""ErrorCode"":""0"",""ErrorDescription"":""0"",""Fee"":0.0,""RegisterTime"":""2025-06-01T15:19:34.937-07:00"",""TransactionNumber"":2025060115191806},""Operation"":{""Amount"":200.0,""BillDespensed"":0.0,""CardNumber"":""8435"",""HostIP"":"""",""RegistrationDatetime"":""2025-06-01T15:19:34.937-07:00"",""SequenceNumber"":""2025060115191806"",""Status"":""DENIED""},""TransactionDetail"":{""Amount"":200.0,""DispensedTotal"":0.0,""BillDenom_01"":1,""BillDenom_02"":5,""BillDenom_03"":10,""BillDenom_04"":20,""BillDenom_05"":50,""BillDenom_06"":100,""CoinDenom_01"":1,""CoinDenom_02"":5,""CoinDenom_03"":10,""CoinDenom_04"":25,""CoinDenom_05"":0,""CoinDenom_06"":0,""BillCount_01"":0,""BillCount_02"":0,""BillCount_03"":0,""BillCount_04"":0,""BillCount_05"":0,""BillCount_06"":0,""CoinCount_01"":0,""CoinCount_02"":0,""CoinCount_03"":0,""CoinCount_04"":0,""CoinCount_05"":0,""CoinCount_06"":0,""ManualPay"":0.0,""TransactionNumber"":0,""TransactionType"":""WDRAWTX""}}'",2025-06-01 15:19:34.937-07:00,2025060115191806,200.0,0.0,DENIED,nan,8435,nan,WDRAWTX,ATM
"___15:20:45 403002 ATM.     'Posting Transaction Result  0:{""type"":""ATM"",""accountType"":""CHEKAC"",""seqNumber"":""2025060115203006"",""Authorization"":{""ErrorCode"":""0"",""ErrorDescription"":""0"",""Fee"":0.0,""RegisterTime"":""2025-06-01T15:20:45.447-07:00"",""TransactionNumber"":2025060115203006},""Operation"":{""Amount"":200.0,""BillDespensed"":0.0,""CardNumber"":""8435"",""HostIP"":"""",""RegistrationDatetime"":""2025-06-01T15:20:45.447-07:00"",""SequenceNumber"":""2025060115203006"",""Status"":""DENIED""},""TransactionDetail"":{""Amount"":200.0,""DispensedTotal"":0.0,""BillDenom_01"":1,""BillDenom_02"":5,""BillDenom_03"":10,""BillDenom_04"":20,""BillDenom_05"":50,""BillDenom_06"":100,""CoinDenom_01"":1,""CoinDenom_02"":5,""CoinDenom_03"":10,""CoinDenom_04"":25,""CoinDenom_05"":0,""CoinDenom_06"":0,""BillCount_01"":0,""BillCount_02"":0,""BillCount_03"":0,""BillCount_04"":0,""BillCount_05"":0,""BillCount_06"":0,""CoinCount_01"":0,""CoinCount_02"":0,""CoinCount_03"":0,""CoinCount_04"":0,""CoinCount_05"":0,""CoinCount_06"":0,""ManualPay"":0.0,""TransactionNumber"":0,""TransactionType"":""WDRAWTX""}}'",2025-06-01 15:20:45.447-07:00,2025060115203006,200.0,0.0,DENIED,nan,8435,nan,WDRAWTX,ATM
"___15:27:42 403002 ATM.     'Posting Transaction Result  0:{""type"":""ATM"",""accountType"":""CHEKAC"",""seqNumber"":""2025060115265706"",""Authorization"":{""AuthNumber"":""2966"",""ErrorCode"":""0"",""ErrorDescription"":""0"",""Fee"":4.95,""OrderId"":""2966"",""RegisterTime"":""2025-06-01T15:27:42.070-07:00"",""TransactionNumber"":2025060115265706},""Operation"":{""Amount"":100.0,""BillDespensed"":100.0,""CardNumber"":""3702"",""HostIP"":"""",""RegistrationDatetime"":""2025-06-01T15:27:42.070-07:00"",""SequenceNumber"":""2025060115265706"",""Status"":""COMPLETED""},""TransactionDetail"":{""Amount"":100.0,""DispensedTotal"":100.0,""BillDenom_01"":1,""BillDenom_02"":5,""BillDenom_03"":10,""BillDenom_04"":20,""BillDenom_05"":50,""BillDenom_06"":100,""CoinDenom_01"":1,""CoinDenom_02"":5,""CoinDenom_03"":10,""CoinDenom_04"":25,""CoinDenom_05"":0,""CoinDenom_06"":0,""BillCount_01"":0,""BillCount_02"":0,""BillCount_03"":0,""BillCount_04"":0,""BillCount_05"":0,""BillCount_06"":1,""CoinCount_01"":0,""CoinCount_02"":0,""CoinCount_03"":0,""CoinCount_04"":0,""CoinCount_05"":0,""CoinCount_06"":0,""ManualPay"":0.0,""TransactionNumber"":0,""TransactionType"":""WDRAWTX""}}'",2025-06-01 15:27:42.070-07:00,2025060115265706,100.0,100.0,COMPLETED,2966,3702,nan,WDRAWTX,ATM
"___15:33:25 403002 ATM.     'Posting Transaction Result  0:{""type"":""ATM"",""accountType"":""CHEKAC"",""seqNumber"":""2025060115325406"",""Authorization"":{""AuthNumber"":""2967"",""ErrorCode"":""0"",""ErrorDescription"":""0"",""Fee"":4.95,""OrderId"":""2967"",""RegisterTime"":""2025-06-01T15:33:25.244-07:00"",""TransactionNumber"":2025060115325406},""Operation"":{""Amount"":160.0,""BillDespensed"":160.0,""CardNumber"":""5731"",""HostIP"":"""",""RegistrationDatetime"":""2025-06-01T15:33:25.244-07:00"",""SequenceNumber"":""2025060115325406"",""Status"":""COMPLETED""},""TransactionDetail"":{""Amount"":160.0,""DispensedTotal"":160.0,""BillDenom_01"":1,""BillDenom_02"":5,""BillDenom_03"":10,""BillDenom_04"":20,""BillDenom_05"":50,""BillDenom_06"":100,""CoinDenom_01"":1,""CoinDenom_02"":5,""CoinDenom_03"":10,""CoinDenom_04"":25,""CoinDenom_05"":0,""CoinDenom_06"":0,""BillCount_01"":0,""BillCount_02"":0,""BillCount_03"":0,""BillCount_04"":3,""BillCount_05"":0,""BillCount_06"":1,""CoinCount_01"":0,""CoinCount_02"":0,""CoinCount_03"":0,""CoinCount_04"":0,""CoinCount_05"":0,""CoinCount_06"":0,""ManualPay"":0.0,""TransactionNumber"":0,""TransactionType"":""WDRAWTX""}}'",2025-06-01 15:33:25.244-07:00,2025060115325406,160.0,160.0,COMPLETED,2967,5731,nan,WDRAWTX,ATM
"___15:41:39 403002 ATM.     'Posting Transaction Result  0:{""type"":""ATM"",""accountType"":""CHEKAC"",""seqNumber"":""2025060115403406"",""Authorization"":{""AuthNumber"":""2968"",""ErrorCode"":""0"",""ErrorDescription"":""0"",""Fee"":4.95,""OrderId"":""2968"",""RegisterTime"":""2025-06-01T15:41:38.056-07:00"",""TransactionNumber"":2025060115403406},""Operation"":{""Amount"":400.0,""BillDespensed"":400.0,""CardNumber"":""4608"",""HostIP"":"""",""RegistrationDatetime"":""2025-06-01T15:41:38.056-07:00"",""SequenceNumber"":""2025060115403406"",""Status"":""COMPLETED""},""TransactionDetail"":{""Amount"":400.0,""DispensedTotal"":400.0,""BillDenom_01"":1,""BillDenom_02"":5,""BillDenom_03"":10,""BillDenom_04"":20,""BillDenom_05"":50,""BillDenom_06"":100,""CoinDenom_01"":1,""CoinDenom_02"":5,""CoinDenom_03"":10,""CoinDenom_04"":25,""CoinDenom_05"":0,""CoinDenom_06"":0,""BillCount_01"":0,""BillCount_02"":0,""BillCount_03"":0,""BillCount_04"":0,""BillCount_05"":0,""BillCount_06"":4,""CoinCount_01"":0,""CoinCount_02"":0,""CoinCount_03"":0,""CoinCount_04"":0,""CoinCount_05"":0,""CoinCount_06"":0,""ManualPay"":0.0,""TransactionNumber"":0,""TransactionType"":""WDRAWTX""}}'",2025-06-01 15:41:38.056-07:00,2025060115403406,400.0,400.0,COMPLETED,2968,4608,nan,WDRAWTX,ATM
"___15:47:34 403002 ATM.     'Posting Transaction Result  0:{""type"":""ATM"",""accountType"":""CHEKAC"",""seqNumber"":""2025060115470206"",""Authorization"":{""AuthNumber"":""2969"",""ErrorCode"":""0"",""ErrorDescription"":""0"",""Fee"":4.95,""OrderId"":""2969"",""RegisterTime"":""2025-06-01T15:47:34.960-07:00"",""TransactionNumber"":2025060115470206},""Operation"":{""Amount"":100.0,""BillDespensed"":100.0,""CardNumber"":""1219"",""HostIP"":"""",""RegistrationDatetime"":""2025-06-01T15:47:34.960-07:00"",""SequenceNumber"":""2025060115470206"",""Status"":""COMPLETED""},""TransactionDetail"":{""Amount"":100.0,""DispensedTotal"":100.0,""BillDenom_01"":1,""BillDenom_02"":5,""BillDenom_03"":10,""BillDenom_04"":20,""BillDenom_05"":50,""BillDenom_06"":100,""CoinDenom_01"":1,""CoinDenom_02"":5,""CoinDenom_03"":10,""CoinDenom_04"":25,""CoinDenom_05"":0,""CoinDenom_06"":0,""BillCount_01"":0,""BillCount_02"":0,""BillCount_03"":0,""BillCount_04"":0,""BillCount_05"":0,""BillCount_06"":1,""CoinCount_01"":0,""CoinCount_02"":0,""CoinCount_03"":0,""CoinCount_04"":0,""CoinCount_05"":0,""CoinCount_06"":0,""ManualPay"":0.0,""TransactionNumber"":0,""TransactionType"":""WDRAWTX""}}'",2025-06-01 15:47:34.960-07:00,2025060115470206,100.0,100.0,COMPLETED,2969,1219,nan,WDRAWTX,ATM
"___15:52:11 403002 ATM.     'Posting Transaction Result  0:{""type"":""ATM"",""accountType"":""CHEKAC"",""seqNumber"":""2025060115511606"",""Authorization"":{""AuthNumber"":""2970"",""ErrorCode"":""0"",""ErrorDescription"":""0"",""Fee"":4.95,""OrderId"":""2970"",""RegisterTime"":""2025-06-01T15:52:10.161-07:00"",""TransactionNumber"":2025060115511606},""Operation"":{""Amount"":100.0,""BillDespensed"":100.0,""CardNumber"":""0217"",""HostIP"":"""",""RegistrationDatetime"":""2025-06-01T15:52:10.161-07:00"",""SequenceNumber"":""2025060115511606"",""Status"":""COMPLETED""},""TransactionDetail"":{""Amount"":100.0,""DispensedTotal"":100.0,""BillDenom_01"":1,""BillDenom_02"":5,""BillDenom_03"":10,""BillDenom_04"":20,""BillDenom_05"":50,""BillDenom_06"":100,""CoinDenom_01"":1,""CoinDenom_02"":5,""CoinDenom_03"":10,""CoinDenom_04"":25,""CoinDenom_05"":0,""CoinDenom_06"":0,""BillCount_01"":0,""BillCount_02"":0,""BillCount_03"":0,""BillCount_04"":0,""BillCount_05"":0,""BillCount_06"":1,""CoinCount_01"":0,""CoinCount_02"":0,""CoinCount_03"":0,""CoinCount_04"":0,""CoinCount_05"":0,""CoinCount_06"":0,""ManualPay"":0.0,""TransactionNumber"":0,""TransactionType"":""WDRAWTX""}}'",2025-06-01 15:52:10.161-07:00,2025060115511606,100.0,100.0,COMPLETED,2970,0217,nan,WDRAWTX,ATM
"___15:53:53 403002 ATM.     'Posting Transaction Result  0:{""type"":""ATM"",""accountType"":""CHEKAC"",""seqNumber"":""2025060115531606"",""Authorization"":{""AuthNumber"":""2971"",""ErrorCode"":""0"",""ErrorDescription"":""0"",""Fee"":4.95,""OrderId"":""2971"",""RegisterTime"":""2025-06-01T15:53:53.306-07:00"",""TransactionNumber"":2025060115531606},""Operation"":{""Amount"":200.0,""BillDespensed"":200.0,""CardNumber"":""8287"",""HostIP"":"""",""RegistrationDatetime"":""2025-06-01T15:53:53.306-07:00"",""SequenceNumber"":""2025060115531606"",""Status"":""COMPLETED""},""TransactionDetail"":{""Amount"":200.0,""DispensedTotal"":200.0,""BillDenom_01"":1,""BillDenom_02"":5,""BillDenom_03"":10,""BillDenom_04"":20,""BillDenom_05"":50,""BillDenom_06"":100,""CoinDenom_01"":1,""CoinDenom_02"":5,""CoinDenom_03"":10,""CoinDenom_04"":25,""CoinDenom_05"":0,""CoinDenom_06"":0,""BillCount_01"":0,""BillCount_02"":0,""BillCount_03"":0,""BillCount_04"":0,""BillCount_05"":0,""BillCount_06"":2,""CoinCount_01"":0,""CoinCount_02"":0,""CoinCount_03"":0,""CoinCount_04"":0,""CoinCount_05"":0,""CoinCount_06"":0,""ManualPay"":0.0,""TransactionNumber"":0,""TransactionType"":""WDRAWTX""}}'",2025-06-01 15:53:53.306-07:00,2025060115531606,200.0,200.0,COMPLETED,2971,8287,nan,WDRAWTX,ATM
"___16:08:39 403002 ATM.     'Posting Transaction Result  0:{""type"":""ATM"",""accountType"":""CHEKAC"",""seqNumber"":""2025060116081906"",""Authorization"":{""ErrorCode"":""0"",""ErrorDescription"":""0"",""Fee"":0.0,""RegisterTime"":""2025-06-01T16:08:39.131-07:00"",""TransactionNumber"":2025060116081906},""Operation"":{""Amount"":400.0,""BillDespensed"":0.0,""CardNumber"":""7939"",""HostIP"":"""",""RegistrationDatetime"":""2025-06-01T16:08:39.131-07:00"",""SequenceNumber"":""2025060116081906"",""Status"":""DENIED""},""TransactionDetail"":{""Amount"":400.0,""DispensedTotal"":0.0,""BillDenom_01"":1,""BillDenom_02"":5,""BillDenom_03"":10,""BillDenom_04"":20,""BillDenom_05"":50,""BillDenom_06"":100,""CoinDenom_01"":1,""CoinDenom_02"":5,""CoinDenom_03"":10,""CoinDenom_04"":25,""CoinDenom_05"":0,""CoinDenom_06"":0,""BillCount_01"":0,""BillCount_02"":0,""BillCount_03"":0,""BillCount_04"":0,""BillCount_05"":0,""BillCount_06"":0,""CoinCount_01"":0,""CoinCount_02"":0,""CoinCount_03"":0,""CoinCount_04"":0,""CoinCount_05"":0,""CoinCount_06"":0,""ManualPay"":0.0,""TransactionNumber"":0,""TransactionType"":""WDRAWTX""}}'",2025-06-01 16:08:39.131-07:00,2025060116081906,400.0,0.0,DENIED,nan,7939,nan,WDRAWTX,ATM
"___16:14:49 403002 ATM.     'Posting Transaction Result  0:{""type"":""ATM"",""accountType"":""CHEKAC"",""seqNumber"":""2025060116142906"",""Authorization"":{""ErrorCode"":""0"",""ErrorDescription"":""0"",""Fee"":0.0,""RegisterTime"":""2025-06-01T16:14:49.909-07:00"",""TransactionNumber"":2025060116142906},""Operation"":{""Amount"":300.0,""BillDespensed"":0.0,""CardNumber"":""7023"",""HostIP"":"""",""RegistrationDatetime"":""2025-06-01T16:14:49.909-07:00"",""SequenceNumber"":""2025060116142906"",""Status"":""DENIED""},""TransactionDetail"":{""Amount"":300.0,""DispensedTotal"":0.0,""BillDenom_01"":1,""BillDenom_02"":5,""BillDenom_03"":10,""BillDenom_04"":20,""BillDenom_05"":50,""BillDenom_06"":100,""CoinDenom_01"":1,""CoinDenom_02"":5,""CoinDenom_03"":10,""CoinDenom_04"":25,""CoinDenom_05"":0,""CoinDenom_06"":0,""BillCount_01"":0,""BillCount_02"":0,""BillCount_03"":0,""BillCount_04"":0,""BillCount_05"":0,""BillCount_06"":0,""CoinCount_01"":0,""CoinCount_02"":0,""CoinCount_03"":0,""CoinCount_04"":0,""CoinCount_05"":0,""CoinCount_06"":0,""ManualPay"":0.0,""TransactionNumber"":0,""TransactionType"":""WDRAWTX""}}'",2025-06-01 16:14:49.909-07:00,2025060116142906,300.0,0.0,DENIED,nan,7023,nan,WDRAWTX,ATM
"___16:16:13 403002 ATM.     'Posting Transaction Result  0:{""type"":""ATM"",""accountType"":""CHEKAC"",""seqNumber"":""2025060116155406"",""Authorization"":{""ErrorCode"":""0"",""ErrorDescription"":""0"",""Fee"":0.0,""RegisterTime"":""2025-06-01T16:16:13.771-07:00"",""TransactionNumber"":2025060116155406},""Operation"":{""Amount"":300.0,""BillDespensed"":0.0,""CardNumber"":""7023"",""HostIP"":"""",""RegistrationDatetime"":""2025-06-01T16:16:13.771-07:00"",""SequenceNumber"":""2025060116155406"",""Status"":""DENIED""},""TransactionDetail"":{""Amount"":300.0,""DispensedTotal"":0.0,""BillDenom_01"":1,""BillDenom_02"":5,""BillDenom_03"":10,""BillDenom_04"":20,""BillDenom_05"":50,""BillDenom_06"":100,""CoinDenom_01"":1,""CoinDenom_02"":5,""CoinDenom_03"":10,""CoinDenom_04"":25,""CoinDenom_05"":0,""CoinDenom_06"":0,""BillCount_01"":0,""BillCount_02"":0,""BillCount_03"":0,""BillCount_04"":0,""BillCount_05"":0,""BillCount_06"":0,""CoinCount_01"":0,""CoinCount_02"":0,""CoinCount_03"":0,""CoinCount_04"":0,""CoinCount_05"":0,""CoinCount_06"":0,""ManualPay"":0.0,""TransactionNumber"":0,""TransactionType"":""WDRAWTX""}}'",2025-06-01 16:16:13.771-07:00,2025060116155406,300.0,0.0,DENIED,nan,7023,nan,WDRAWTX,ATM
"___16:17:40 403002 ATM.     'Posting Transaction Result  0:{""type"":""ATM"",""accountType"":""CHEKAC"",""seqNumber"":""2025060116170506"",""Authorization"":{""AuthNumber"":""2975"",""ErrorCode"":""0"",""ErrorDescription"":""0"",""Fee"":4.95,""OrderId"":""2975"",""RegisterTime"":""2025-06-01T16:17:40.335-07:00"",""TransactionNumber"":2025060116170506},""Operation"":{""Amount"":180.0,""BillDespensed"":180.0,""CardNumber"":""3712"",""HostIP"":"""",""RegistrationDatetime"":""2025-06-01T16:17:40.335-07:00"",""SequenceNumber"":""2025060116170506"",""Status"":""COMPLETED""},""TransactionDetail"":{""Amount"":180.0,""DispensedTotal"":180.0,""BillDenom_01"":1,""BillDenom_02"":5,""BillDenom_03"":10,""BillDenom_04"":20,""BillDenom_05"":50,""BillDenom_06"":100,""CoinDenom_01"":1,""CoinDenom_02"":5,""CoinDenom_03"":10,""CoinDenom_04"":25,""CoinDenom_05"":0,""CoinDenom_06"":0,""BillCount_01"":0,""BillCount_02"":0,""BillCount_03"":0,""BillCount_04"":4,""BillCount_05"":0,""BillCount_06"":1,""CoinCount_01"":0,""CoinCount_02"":0,""CoinCount_03"":0,""CoinCount_04"":0,""CoinCount_05"":0,""CoinCount_06"":0,""ManualPay"":0.0,""TransactionNumber"":0,""TransactionType"":""WDRAWTX""}}'",2025-06-01 16:17:40.335-07:00,2025060116170506,180.0,180.0,COMPLETED,2975,3712,nan,WDRAWTX,ATM
"___16:24:12 403002 ATM.     'Posting Transaction Result  0:{""type"":""ATM"",""accountType"":""CHEKAC"",""seqNumber"":""2025060116233706"",""Authorization"":{""AuthNumber"":""2977"",""ErrorCode"":""0"",""ErrorDescription"":""0"",""Fee"":4.95,""OrderId"":""2977"",""RegisterTime"":""2025-06-01T16:24:12.807-07:00"",""TransactionNumber"":2025060116233706},""Operation"":{""Amount"":200.0,""BillDespensed"":200.0,""CardNumber"":""3425"",""HostIP"":"""",""RegistrationDatetime"":""2025-06-01T16:24:12.807-07:00"",""SequenceNumber"":""2025060116233706"",""Status"":""COMPLETED""},""TransactionDetail"":{""Amount"":200.0,""DispensedTotal"":200.0,""BillDenom_01"":1,""BillDenom_02"":5,""BillDenom_03"":10,""BillDenom_04"":20,""BillDenom_05"":50,""BillDenom_06"":100,""CoinDenom_01"":1,""CoinDenom_02"":5,""CoinDenom_03"":10,""CoinDenom_04"":25,""CoinDenom_05"":0,""CoinDenom_06"":0,""BillCount_01"":0,""BillCount_02"":0,""BillCount_03"":0,""BillCount_04"":0,""BillCount_05"":0,""BillCount_06"":2,""CoinCount_01"":0,""CoinCount_02"":0,""CoinCount_03"":0,""CoinCount_04"":0,""CoinCount_05"":0,""CoinCount_06"":0,""ManualPay"":0.0,""TransactionNumber"":0,""TransactionType"":""WDRAWTX""}}'",2025-06-01 16:24:12.807-07:00,2025060116233706,200.0,200.0,COMPLETED,2977,3425,nan,WDRAWTX,ATM
"___16:26:10 403002 ATM.     'Posting Transaction Result  0:{""type"":""ATM"",""accountType"":""CHEKAC"",""seqNumber"":""2025060116253606"",""Authorization"":{""AuthNumber"":""2978"",""ErrorCode"":""0"",""ErrorDescription"":""0"",""Fee"":4.95,""OrderId"":""2978"",""RegisterTime"":""2025-06-01T16:26:10.297-07:00"",""TransactionNumber"":2025060116253606},""Operation"":{""Amount"":100.0,""BillDespensed"":100.0,""CardNumber"":""7476"",""HostIP"":"""",""RegistrationDatetime"":""2025-06-01T16:26:10.297-07:00"",""SequenceNumber"":""2025060116253606"",""Status"":""COMPLETED""},""TransactionDetail"":{""Amount"":100.0,""DispensedTotal"":100.0,""BillDenom_01"":1,""BillDenom_02"":5,""BillDenom_03"":10,""BillDenom_04"":20,""BillDenom_05"":50,""BillDenom_06"":100,""CoinDenom_01"":1,""CoinDenom_02"":5,""CoinDenom_03"":10,""CoinDenom_04"":25,""CoinDenom_05"":0,""CoinDenom_06"":0,""BillCount_01"":0,""BillCount_02"":0,""BillCount_03"":0,""BillCount_04"":0,""BillCount_05"":0,""BillCount_06"":1,""CoinCount_01"":0,""CoinCount_02"":0,""CoinCount_03"":0,""CoinCount_04"":0,""CoinCount_05"":0,""CoinCount_06"":0,""ManualPay"":0.0,""TransactionNumber"":0,""TransactionType"":""WDRAWTX""}}'",2025-06-01 16:26:10.297-07:00,2025060116253606,100.0,100.0,COMPLETED,2978,7476,nan,WDRAWTX,ATM
"___16:30:30 403002 ATM.     'Posting Transaction Result  0:{""type"":""ATM"",""accountType"":""CHEKAC"",""seqNumber"":""2025060116295606"",""Authorization"":{""AuthNumber"":""2979"",""ErrorCode"":""0"",""ErrorDescription"":""0"",""Fee"":4.95,""OrderId"":""2979"",""RegisterTime"":""2025-06-01T16:30:30.875-07:00"",""TransactionNumber"":2025060116295606},""Operation"":{""Amount"":100.0,""BillDespensed"":100.0,""CardNumber"":""4651"",""HostIP"":"""",""RegistrationDatetime"":""2025-06-01T16:30:30.875-07:00"",""SequenceNumber"":""2025060116295606"",""Status"":""COMPLETED""},""TransactionDetail"":{""Amount"":100.0,""DispensedTotal"":100.0,""BillDenom_01"":1,""BillDenom_02"":5,""BillDenom_03"":10,""BillDenom_04"":20,""BillDenom_05"":50,""BillDenom_06"":100,""CoinDenom_01"":1,""CoinDenom_02"":5,""CoinDenom_03"":10,""CoinDenom_04"":25,""CoinDenom_05"":0,""CoinDenom_06"":0,""BillCount_01"":0,""BillCount_02"":0,""BillCount_03"":0,""BillCount_04"":0,""BillCount_05"":0,""BillCount_06"":1,""CoinCount_01"":0,""CoinCount_02"":0,""CoinCount_03"":0,""CoinCount_04"":0,""CoinCount_05"":0,""CoinCount_06"":0,""ManualPay"":0.0,""TransactionNumber"":0,""TransactionType"":""WDRAWTX""}}'",2025-06-01 16:30:30.875-07:00,2025060116295606,100.0,100.0,COMPLETED,2979,4651,nan,WDRAWTX,ATM
"___16:32:32 403002 ATM.     'Posting Transaction Result  0:{""type"":""ATM"",""accountType"":""CHEKAC"",""seqNumber"":""2025060116314906"",""Authorization"":{""AuthNumber"":""2980"",""ErrorCode"":""0"",""ErrorDescription"":""0"",""Fee"":4.95,""OrderId"":""2980"",""RegisterTime"":""2025-06-01T16:32:31.319-07:00"",""TransactionNumber"":2025060116314906},""Operation"":{""Amount"":40.0,""BillDespensed"":40.0,""CardNumber"":""7384"",""HostIP"":"""",""RegistrationDatetime"":""2025-06-01T16:32:31.319-07:00"",""SequenceNumber"":""2025060116314906"",""Status"":""COMPLETED""},""TransactionDetail"":{""Amount"":40.0,""DispensedTotal"":40.0,""BillDenom_01"":1,""BillDenom_02"":5,""BillDenom_03"":10,""BillDenom_04"":20,""BillDenom_05"":50,""BillDenom_06"":100,""CoinDenom_01"":1,""CoinDenom_02"":5,""CoinDenom_03"":10,""CoinDenom_04"":25,""CoinDenom_05"":0,""CoinDenom_06"":0,""BillCount_01"":0,""BillCount_02"":0,""BillCount_03"":0,""BillCount_04"":2,""BillCount_05"":0,""BillCount_06"":0,""CoinCount_01"":0,""CoinCount_02"":0,""CoinCount_03"":0,""CoinCount_04"":0,""CoinCount_05"":0,""CoinCount_06"":0,""ManualPay"":0.0,""TransactionNumber"":0,""TransactionType"":""WDRAWTX""}}'",2025-06-01 16:32:31.319-07:00,2025060116314906,40.0,40.0,COMPLETED,2980,7384,nan,WDRAWTX,ATM
"___16:37:46 403002 ATM.     'Posting Transaction Result  0:{""type"":""ATM"",""accountType"":""CHEKAC"",""seqNumber"":""2025060116370906"",""Authorization"":{""AuthNumber"":""2981"",""ErrorCode"":""0"",""ErrorDescription"":""0"",""Fee"":4.95,""OrderId"":""2981"",""RegisterTime"":""2025-06-01T16:37:46.027-07:00"",""TransactionNumber"":2025060116370906},""Operation"":{""Amount"":200.0,""BillDespensed"":200.0,""CardNumber"":""3060"",""HostIP"":"""",""RegistrationDatetime"":""2025-06-01T16:37:46.027-07:00"",""SequenceNumber"":""2025060116370906"",""Status"":""COMPLETED""},""TransactionDetail"":{""Amount"":200.0,""DispensedTotal"":200.0,""BillDenom_01"":1,""BillDenom_02"":5,""BillDenom_03"":10,""BillDenom_04"":20,""BillDenom_05"":50,""BillDenom_06"":100,""CoinDenom_01"":1,""CoinDenom_02"":5,""CoinDenom_03"":10,""CoinDenom_04"":25,""CoinDenom_05"":0,""CoinDenom_06"":0,""BillCount_01"":0,""BillCount_02"":0,""BillCount_03"":0,""BillCount_04"":0,""BillCount_05"":0,""BillCount_06"":2,""CoinCount_01"":0,""CoinCount_02"":0,""CoinCount_03"":0,""CoinCount_04"":0,""CoinCount_05"":0,""CoinCount_06"":0,""ManualPay"":0.0,""TransactionNumber"":0,""TransactionType"":""WDRAWTX""}}'",2025-06-01 16:37:46.027-07:00,2025060116370906,200.0,200.0,COMPLETED,2981,3060,nan,WDRAWTX,ATM
"___16:39:50 403002 ATM.     'Posting Transaction Result  0:{""type"":""ATM"",""accountType"":""CHEKAC"",""seqNumber"":""2025060116391706"",""Authorization"":{""AuthNumber"":""2982"",""ErrorCode"":""0"",""ErrorDescription"":""0"",""Fee"":4.95,""OrderId"":""2982"",""RegisterTime"":""2025-06-01T16:39:50.327-07:00"",""TransactionNumber"":2025060116391706},""Operation"":{""Amount"":100.0,""BillDespensed"":100.0,""CardNumber"":""8779"",""HostIP"":"""",""RegistrationDatetime"":""2025-06-01T16:39:50.327-07:00"",""SequenceNumber"":""2025060116391706"",""Status"":""COMPLETED""},""TransactionDetail"":{""Amount"":100.0,""DispensedTotal"":100.0,""BillDenom_01"":1,""BillDenom_02"":5,""BillDenom_03"":10,""BillDenom_04"":20,""BillDenom_05"":50,""BillDenom_06"":100,""CoinDenom_01"":1,""CoinDenom_02"":5,""CoinDenom_03"":10,""CoinDenom_04"":25,""CoinDenom_05"":0,""CoinDenom_06"":0,""BillCount_01"":0,""BillCount_02"":0,""BillCount_03"":0,""BillCount_04"":0,""BillCount_05"":0,""BillCount_06"":1,""CoinCount_01"":0,""CoinCount_02"":0,""CoinCount_03"":0,""CoinCount_04"":0,""CoinCount_05"":0,""CoinCount_06"":0,""ManualPay"":0.0,""TransactionNumber"":0,""TransactionType"":""WDRAWTX""}}'",2025-06-01 16:39:50.327-07:00,2025060116391706,100.0,100.0,COMPLETED,2982,8779,nan,WDRAWTX,ATM
"___16:45:34 403002 ATM.     'Posting Transaction Result  0:{""type"":""ATM"",""accountType"":""CHEKAC"",""seqNumber"":""2025060116445706"",""Authorization"":{""AuthNumber"":""2983"",""ErrorCode"":""0"",""ErrorDescription"":""0"",""Fee"":4.95,""OrderId"":""2983"",""RegisterTime"":""2025-06-01T16:45:34.206-07:00"",""TransactionNumber"":2025060116445706},""Operation"":{""Amount"":100.0,""BillDespensed"":100.0,""CardNumber"":""0143"",""HostIP"":"""",""RegistrationDatetime"":""2025-06-01T16:45:34.206-07:00"",""SequenceNumber"":""2025060116445706"",""Status"":""COMPLETED""},""TransactionDetail"":{""Amount"":100.0,""DispensedTotal"":100.0,""BillDenom_01"":1,""BillDenom_02"":5,""BillDenom_03"":10,""BillDenom_04"":20,""BillDenom_05"":50,""BillDenom_06"":100,""CoinDenom_01"":1,""CoinDenom_02"":5,""CoinDenom_03"":10,""CoinDenom_04"":25,""CoinDenom_05"":0,""CoinDenom_06"":0,""BillCount_01"":0,""BillCount_02"":0,""BillCount_03"":0,""BillCount_04"":0,""BillCount_05"":0,""BillCount_06"":1,""CoinCount_01"":0,""CoinCount_02"":0,""CoinCount_03"":0,""CoinCount_04"":0,""CoinCount_05"":0,""CoinCount_06"":0,""ManualPay"":0.0,""TransactionNumber"":0,""TransactionType"":""WDRAWTX""}}'",2025-06-01 16:45:34.206-07:00,2025060116445706,100.0,100.0,COMPLETED,2983,0143,nan,WDRAWTX,ATM
"___17:02:06 403002 ATM.     'Posting Transaction Result  0:{""type"":""ATM"",""accountType"":""CHEKAC"",""seqNumber"":""2025060117013606"",""Authorization"":{""AuthNumber"":""2984"",""ErrorCode"":""0"",""ErrorDescription"":""0"",""Fee"":4.95,""OrderId"":""2984"",""RegisterTime"":""2025-06-01T17:02:06.912-07:00"",""TransactionNumber"":2025060117013606},""Operation"":{""Amount"":40.0,""BillDespensed"":40.0,""CardNumber"":""0024"",""HostIP"":"""",""RegistrationDatetime"":""2025-06-01T17:02:06.912-07:00"",""SequenceNumber"":""2025060117013606"",""Status"":""COMPLETED""},""TransactionDetail"":{""Amount"":40.0,""DispensedTotal"":40.0,""BillDenom_01"":1,""BillDenom_02"":5,""BillDenom_03"":10,""BillDenom_04"":20,""BillDenom_05"":50,""BillDenom_06"":100,""CoinDenom_01"":1,""CoinDenom_02"":5,""CoinDenom_03"":10,""CoinDenom_04"":25,""CoinDenom_05"":0,""CoinDenom_06"":0,""BillCount_01"":0,""BillCount_02"":0,""BillCount_03"":0,""BillCount_04"":2,""BillCount_05"":0,""BillCount_06"":0,""CoinCount_01"":0,""CoinCount_02"":0,""CoinCount_03"":0,""CoinCount_04"":0,""CoinCount_05"":0,""CoinCount_06"":0,""ManualPay"":0.0,""TransactionNumber"":0,""TransactionType"":""WDRAWTX""}}'",2025-06-01 17:02:06.912-07:00,2025060117013606,40.0,40.0,COMPLETED,2984,0024,nan,WDRAWTX,ATM
"___17:18:16 403002 ATM.     'Posting Transaction Result  0:{""type"":""ATM"",""accountType"":""CHEKAC"",""seqNumber"":""2025060117180006"",""Authorization"":{""ErrorCode"":""0"",""ErrorDescription"":""0"",""Fee"":0.0,""RegisterTime"":""2025-06-01T17:18:16.735-07:00"",""TransactionNumber"":2025060117180006},""Operation"":{""Amount"":0.0,""BillDespensed"":0.0,""CardNumber"":""5917"",""HostIP"":"""",""RegistrationDatetime"":""2025-06-01T17:18:16.735-07:00"",""SequenceNumber"":""2025060117180006"",""Status"":""COMPLETED""},""TransactionDetail"":{""Amount"":0.0,""DispensedTotal"":0.0,""BillDenom_01"":1,""BillDenom_02"":5,""BillDenom_03"":10,""BillDenom_04"":20,""BillDenom_05"":50,""BillDenom_06"":100,""CoinDenom_01"":1,""CoinDenom_02"":5,""CoinDenom_03"":10,""CoinDenom_04"":25,""CoinDenom_05"":0,""CoinDenom_06"":0,""BillCount_01"":0,""BillCount_02"":0,""BillCount_03"":0,""BillCount_04"":0,""BillCount_05"":0,""BillCount_06"":0,""CoinCount_01"":0,""CoinCount_02"":0,""CoinCount_03"":0,""CoinCount_04"":0,""CoinCount_05"":0,""CoinCount_06"":0,""ManualPay"":0.0,""TransactionNumber"":0,""TransactionType"":""BLNCINQRTX""}}'",2025-06-01 17:18:16.735-07:00,2025060117180006,0.0,0.0,COMPLETED,nan,5917,nan,BLNCINQRTX,ATM
"___17:19:32 403002 ATM.     'Posting Transaction Result  0:{""type"":""ATM"",""accountType"":""CHEKAC"",""seqNumber"":""2025060117185106"",""Authorization"":{""AuthNumber"":""2987"",""ErrorCode"":""0"",""ErrorDescription"":""0"",""Fee"":4.95,""OrderId"":""2987"",""RegisterTime"":""2025-06-01T17:19:32.267-07:00"",""TransactionNumber"":2025060117185106},""Operation"":{""Amount"":1000.0,""BillDespensed"":1000.0,""CardNumber"":""5917"",""HostIP"":"""",""RegistrationDatetime"":""2025-06-01T17:19:32.267-07:00"",""SequenceNumber"":""2025060117185106"",""Status"":""COMPLETED""},""TransactionDetail"":{""Amount"":1000.0,""DispensedTotal"":1000.0,""BillDenom_01"":1,""BillDenom_02"":5,""BillDenom_03"":10,""BillDenom_04"":20,""BillDenom_05"":50,""BillDenom_06"":100,""CoinDenom_01"":1,""CoinDenom_02"":5,""CoinDenom_03"":10,""CoinDenom_04"":25,""CoinDenom_05"":0,""CoinDenom_06"":0,""BillCount_01"":0,""BillCount_02"":0,""BillCount_03"":0,""BillCount_04"":0,""BillCount_05"":0,""BillCount_06"":10,""CoinCount_01"":0,""CoinCount_02"":0,""CoinCount_03"":0,""CoinCount_04"":0,""CoinCount_05"":0,""CoinCount_06"":0,""ManualPay"":0.0,""TransactionNumber"":0,""TransactionType"":""WDRAWTX""}}'",2025-06-01 17:19:32.267-07:00,2025060117185106,1000.0,1000.0,COMPLETED,2987,5917,nan,WDRAWTX,ATM
"___17:26:09 403002 ATM.     'Posting Transaction Result  0:{""type"":""ATM"",""accountType"":""CHEKAC"",""seqNumber"":""2025060117253806"",""Authorization"":{""AuthNumber"":""2988"",""ErrorCode"":""0"",""ErrorDescription"":""0"",""Fee"":4.95,""OrderId"":""2988"",""RegisterTime"":""2025-06-01T17:26:09.661-07:00"",""TransactionNumber"":2025060117253806},""Operation"":{""Amount"":300.0,""BillDespensed"":300.0,""CardNumber"":""5853"",""HostIP"":"""",""RegistrationDatetime"":""2025-06-01T17:26:09.661-07:00"",""SequenceNumber"":""2025060117253806"",""Status"":""COMPLETED""},""TransactionDetail"":{""Amount"":300.0,""DispensedTotal"":300.0,""BillDenom_01"":1,""BillDenom_02"":5,""BillDenom_03"":10,""BillDenom_04"":20,""BillDenom_05"":50,""BillDenom_06"":100,""CoinDenom_01"":1,""CoinDenom_02"":5,""CoinDenom_03"":10,""CoinDenom_04"":25,""CoinDenom_05"":0,""CoinDenom_06"":0,""BillCount_01"":0,""BillCount_02"":0,""BillCount_03"":0,""BillCount_04"":0,""BillCount_05"":0,""BillCount_06"":3,""CoinCount_01"":0,""CoinCount_02"":0,""CoinCount_03"":0,""CoinCount_04"":0,""CoinCount_05"":0,""CoinCount_06"":0,""ManualPay"":0.0,""TransactionNumber"":0,""TransactionType"":""WDRAWTX""}}'",2025-06-01 17:26:09.661-07:00,2025060117253806,300.0,300.0,COMPLETED,2988,5853,nan,WDRAWTX,ATM
"___17:28:19 403002 ATM.     'Posting Transaction Result  0:{""type"":""ATM"",""accountType"":""CHEKAC"",""seqNumber"":""2025060117274806"",""Authorization"":{""AuthNumber"":""2989"",""ErrorCode"":""0"",""ErrorDescription"":""0"",""Fee"":4.95,""OrderId"":""2989"",""RegisterTime"":""2025-06-01T17:28:19.804-07:00"",""TransactionNumber"":2025060117274806},""Operation"":{""Amount"":300.0,""BillDespensed"":300.0,""CardNumber"":""9751"",""HostIP"":"""",""RegistrationDatetime"":""2025-06-01T17:28:19.804-07:00"",""SequenceNumber"":""2025060117274806"",""Status"":""COMPLETED""},""TransactionDetail"":{""Amount"":300.0,""DispensedTotal"":300.0,""BillDenom_01"":1,""BillDenom_02"":5,""BillDenom_03"":10,""BillDenom_04"":20,""BillDenom_05"":50,""BillDenom_06"":100,""CoinDenom_01"":1,""CoinDenom_02"":5,""CoinDenom_03"":10,""CoinDenom_04"":25,""CoinDenom_05"":0,""CoinDenom_06"":0,""BillCount_01"":0,""BillCount_02"":0,""BillCount_03"":0,""BillCount_04"":0,""BillCount_05"":0,""BillCount_06"":3,""CoinCount_01"":0,""CoinCount_02"":0,""CoinCount_03"":0,""CoinCount_04"":0,""CoinCount_05"":0,""CoinCount_06"":0,""ManualPay"":0.0,""TransactionNumber"":0,""TransactionType"":""WDRAWTX""}}'",2025-06-01 17:28:19.804-07:00,2025060117274806,300.0,300.0,COMPLETED,2989,9751,nan,WDRAWTX,ATM
"___17:30:24 403002 ATM.     'Posting Transaction Result  0:{""type"":""ATM"",""accountType"":""CHEKAC"",""seqNumber"":""2025060117300806"",""Authorization"":{""ErrorCode"":""0"",""ErrorDescription"":""0"",""Fee"":0.0,""RegisterTime"":""2025-06-01T17:30:24.674-07:00"",""TransactionNumber"":2025060117300806},""Operation"":{""Amount"":620.0,""BillDespensed"":0.0,""CardNumber"":""6268"",""HostIP"":"""",""RegistrationDatetime"":""2025-06-01T17:30:24.674-07:00"",""SequenceNumber"":""2025060117300806"",""Status"":""DENIED""},""TransactionDetail"":{""Amount"":620.0,""DispensedTotal"":0.0,""BillDenom_01"":1,""BillDenom_02"":5,""BillDenom_03"":10,""BillDenom_04"":20,""BillDenom_05"":50,""BillDenom_06"":100,""CoinDenom_01"":1,""CoinDenom_02"":5,""CoinDenom_03"":10,""CoinDenom_04"":25,""CoinDenom_05"":0,""CoinDenom_06"":0,""BillCount_01"":0,""BillCount_02"":0,""BillCount_03"":0,""BillCount_04"":0,""BillCount_05"":0,""BillCount_06"":0,""CoinCount_01"":0,""CoinCount_02"":0,""CoinCount_03"":0,""CoinCount_04"":0,""CoinCount_05"":0,""CoinCount_06"":0,""ManualPay"":0.0,""TransactionNumber"":0,""TransactionType"":""WDRAWTX""}}'",2025-06-01 17:30:24.674-07:00,2025060117300806,620.0,0.0,DENIED,nan,6268,nan,WDRAWTX,ATM
"___18:02:49 403002 ATM.     'Posting Transaction Result  0:{""type"":""ATM"",""accountType"":""CHEKAC"",""seqNumber"":""2025060118021006"",""Authorization"":{""AuthNumber"":""2992"",""ErrorCode"":""0"",""ErrorDescription"":""0"",""Fee"":4.95,""OrderId"":""2992"",""RegisterTime"":""2025-06-01T18:02:49.148-07:00"",""TransactionNumber"":2025060118021006},""Operation"":{""Amount"":340.0,""BillDespensed"":340.0,""CardNumber"":""4260"",""HostIP"":"""",""RegistrationDatetime"":""2025-06-01T18:02:49.148-07:00"",""SequenceNumber"":""2025060118021006"",""Status"":""COMPLETED""},""TransactionDetail"":{""Amount"":340.0,""DispensedTotal"":340.0,""BillDenom_01"":1,""BillDenom_02"":5,""BillDenom_03"":10,""BillDenom_04"":20,""BillDenom_05"":50,""BillDenom_06"":100,""CoinDenom_01"":1,""CoinDenom_02"":5,""CoinDenom_03"":10,""CoinDenom_04"":25,""CoinDenom_05"":0,""CoinDenom_06"":0,""BillCount_01"":0,""BillCount_02"":0,""BillCount_03"":0,""BillCount_04"":2,""BillCount_05"":0,""BillCount_06"":3,""CoinCount_01"":0,""CoinCount_02"":0,""CoinCount_03"":0,""CoinCount_04"":0,""CoinCount_05"":0,""CoinCount_06"":0,""ManualPay"":0.0,""TransactionNumber"":0,""TransactionType"":""WDRAWTX""}}'",2025-06-01 18:02:49.148-07:00,2025060118021006,340.0,340.0,COMPLETED,2992,4260,nan,WDRAWTX,ATM
"___18:07:12 403002 ATM.     'Posting Transaction Result  0:{""type"":""ATM"",""accountType"":""CHEKAC"",""seqNumber"":""2025060118062206"",""Authorization"":{""AuthNumber"":""2993"",""ErrorCode"":""0"",""ErrorDescription"":""0"",""Fee"":4.95,""OrderId"":""2993"",""RegisterTime"":""2025-06-01T18:07:12.475-07:00"",""TransactionNumber"":2025060118062206},""Operation"":{""Amount"":400.0,""BillDespensed"":400.0,""CardNumber"":""0971"",""HostIP"":"""",""RegistrationDatetime"":""2025-06-01T18:07:12.475-07:00"",""SequenceNumber"":""2025060118062206"",""Status"":""COMPLETED""},""TransactionDetail"":{""Amount"":400.0,""DispensedTotal"":400.0,""BillDenom_01"":1,""BillDenom_02"":5,""BillDenom_03"":10,""BillDenom_04"":20,""BillDenom_05"":50,""BillDenom_06"":100,""CoinDenom_01"":1,""CoinDenom_02"":5,""CoinDenom_03"":10,""CoinDenom_04"":25,""CoinDenom_05"":0,""CoinDenom_06"":0,""BillCount_01"":0,""BillCount_02"":0,""BillCount_03"":0,""BillCount_04"":0,""BillCount_05"":0,""BillCount_06"":4,""CoinCount_01"":0,""CoinCount_02"":0,""CoinCount_03"":0,""CoinCount_04"":0,""CoinCount_05"":0,""CoinCount_06"":0,""ManualPay"":0.0,""TransactionNumber"":0,""TransactionType"":""WDRAWTX""}}'",2025-06-01 18:07:12.475-07:00,2025060118062206,400.0,400.0,COMPLETED,2993,0971,nan,WDRAWTX,ATM
"___18:11:34 403002 ATM.     'Posting Transaction Result  0:{""type"":""ATM"",""accountType"":""CHEKAC"",""seqNumber"":""2025060118105406"",""Authorization"":{""ErrorCode"":""0"",""ErrorDescription"":""0"",""Fee"":0.0,""RegisterTime"":""2025-06-01T18:11:34.881-07:00"",""TransactionNumber"":2025060118105406},""Operation"":{""Amount"":600.0,""BillDespensed"":0.0,""CardNumber"":""0051"",""HostIP"":"""",""RegistrationDatetime"":""2025-06-01T18:11:34.881-07:00"",""SequenceNumber"":""2025060118105406"",""Status"":""DENIED""},""TransactionDetail"":{""Amount"":600.0,""DispensedTotal"":0.0,""BillDenom_01"":1,""BillDenom_02"":5,""BillDenom_03"":10,""BillDenom_04"":20,""BillDenom_05"":50,""BillDenom_06"":100,""CoinDenom_01"":1,""CoinDenom_02"":5,""CoinDenom_03"":10,""CoinDenom_04"":25,""CoinDenom_05"":0,""CoinDenom_06"":0,""BillCount_01"":0,""BillCount_02"":0,""BillCount_03"":0,""BillCount_04"":0,""BillCount_05"":0,""BillCount_06"":0,""CoinCount_01"":0,""CoinCount_02"":0,""CoinCount_03"":0,""CoinCount_04"":0,""CoinCount_05"":0,""CoinCount_06"":0,""ManualPay"":0.0,""TransactionNumber"":0,""TransactionType"":""WDRAWTX""}}'",2025-06-01 18:11:34.881-07:00,2025060118105406,600.0,0.0,DENIED,nan,0051,nan,WDRAWTX,ATM
"___18:13:37 403002 ATM.     'Posting Transaction Result  0:{""type"":""ATM"",""accountType"":""CHEKAC"",""seqNumber"":""2025060118125906"",""Authorization"":{""AuthNumber"":""2996"",""ErrorCode"":""0"",""ErrorDescription"":""0"",""Fee"":4.95,""OrderId"":""2996"",""RegisterTime"":""2025-06-01T18:13:37.940-07:00"",""TransactionNumber"":2025060118125906},""Operation"":{""Amount"":100.0,""BillDespensed"":100.0,""CardNumber"":""6786"",""HostIP"":"""",""RegistrationDatetime"":""2025-06-01T18:13:37.940-07:00"",""SequenceNumber"":""2025060118125906"",""Status"":""COMPLETED""},""TransactionDetail"":{""Amount"":100.0,""DispensedTotal"":100.0,""BillDenom_01"":1,""BillDenom_02"":5,""BillDenom_03"":10,""BillDenom_04"":20,""BillDenom_05"":50,""BillDenom_06"":100,""CoinDenom_01"":1,""CoinDenom_02"":5,""CoinDenom_03"":10,""CoinDenom_04"":25,""CoinDenom_05"":0,""CoinDenom_06"":0,""BillCount_01"":0,""BillCount_02"":0,""BillCount_03"":0,""BillCount_04"":0,""BillCount_05"":0,""BillCount_06"":1,""CoinCount_01"":0,""CoinCount_02"":0,""CoinCount_03"":0,""CoinCount_04"":0,""CoinCount_05"":0,""CoinCount_06"":0,""ManualPay"":0.0,""TransactionNumber"":0,""TransactionType"":""WDRAWTX""}}'",2025-06-01 18:13:37.940-07:00,2025060118125906,100.0,100.0,COMPLETED,2996,6786,nan,WDRAWTX,ATM
"___18:15:28 403002 ATM.     'Posting Transaction Result  0:{""type"":""ATM"",""accountType"":""CHEKAC"",""seqNumber"":""2025060118145106"",""Authorization"":{""AuthNumber"":""2997"",""ErrorCode"":""0"",""ErrorDescription"":""0"",""Fee"":4.95,""OrderId"":""2997"",""RegisterTime"":""2025-06-01T18:15:28.145-07:00"",""TransactionNumber"":2025060118145106},""Operation"":{""Amount"":60.0,""BillDespensed"":60.0,""CardNumber"":""4965"",""HostIP"":"""",""RegistrationDatetime"":""2025-06-01T18:15:28.145-07:00"",""SequenceNumber"":""2025060118145106"",""Status"":""COMPLETED""},""TransactionDetail"":{""Amount"":60.0,""DispensedTotal"":60.0,""BillDenom_01"":1,""BillDenom_02"":5,""BillDenom_03"":10,""BillDenom_04"":20,""BillDenom_05"":50,""BillDenom_06"":100,""CoinDenom_01"":1,""CoinDenom_02"":5,""CoinDenom_03"":10,""CoinDenom_04"":25,""CoinDenom_05"":0,""CoinDenom_06"":0,""BillCount_01"":0,""BillCount_02"":0,""BillCount_03"":0,""BillCount_04"":3,""BillCount_05"":0,""BillCount_06"":0,""CoinCount_01"":0,""CoinCount_02"":0,""CoinCount_03"":0,""CoinCount_04"":0,""CoinCount_05"":0,""CoinCount_06"":0,""ManualPay"":0.0,""TransactionNumber"":0,""TransactionType"":""WDRAWTX""}}'",2025-06-01 18:15:28.145-07:00,2025060118145106,60.0,60.0,COMPLETED,2997,4965,nan,WDRAWTX,ATM
"___18:23:49 403002 ATM.     'Posting Transaction Result  0:{""type"":""ATM"",""accountType"":""CHEKAC"",""seqNumber"":""2025060118231706"",""Authorization"":{""AuthNumber"":""2998"",""ErrorCode"":""0"",""ErrorDescription"":""0"",""Fee"":4.95,""OrderId"":""2998"",""RegisterTime"":""2025-06-01T18:23:49.399-07:00"",""TransactionNumber"":2025060118231706},""Operation"":{""Amount"":200.0,""BillDespensed"":200.0,""CardNumber"":""7385"",""HostIP"":"""",""RegistrationDatetime"":""2025-06-01T18:23:49.399-07:00"",""SequenceNumber"":""2025060118231706"",""Status"":""COMPLETED""},""TransactionDetail"":{""Amount"":200.0,""DispensedTotal"":200.0,""BillDenom_01"":1,""BillDenom_02"":5,""BillDenom_03"":10,""BillDenom_04"":20,""BillDenom_05"":50,""BillDenom_06"":100,""CoinDenom_01"":1,""CoinDenom_02"":5,""CoinDenom_03"":10,""CoinDenom_04"":25,""CoinDenom_05"":0,""CoinDenom_06"":0,""BillCount_01"":0,""BillCount_02"":0,""BillCount_03"":0,""BillCount_04"":0,""BillCount_05"":0,""BillCount_06"":2,""CoinCount_01"":0,""CoinCount_02"":0,""CoinCount_03"":0,""CoinCount_04"":0,""CoinCount_05"":0,""CoinCount_06"":0,""ManualPay"":0.0,""TransactionNumber"":0,""TransactionType"":""WDRAWTX""}}'",2025-06-01 18:23:49.399-07:00,2025060118231706,200.0,200.0,COMPLETED,2998,7385,nan,WDRAWTX,ATM
"___18:27:18 403002 ATM.     'Posting Transaction Result  0:{""type"":""ATM"",""accountType"":""CHEKAC"",""seqNumber"":""2025060118260406"",""Authorization"":{""AuthNumber"":""2999"",""ErrorCode"":""0"",""ErrorDescription"":""0"",""Fee"":4.95,""OrderId"":""2999"",""RegisterTime"":""2025-06-01T18:27:17.919-07:00"",""TransactionNumber"":2025060118260406},""Operation"":{""Amount"":200.0,""BillDespensed"":200.0,""CardNumber"":""4342"",""HostIP"":"""",""RegistrationDatetime"":""2025-06-01T18:27:17.919-07:00"",""SequenceNumber"":""2025060118260406"",""Status"":""COMPLETED""},""TransactionDetail"":{""Amount"":200.0,""DispensedTotal"":200.0,""BillDenom_01"":1,""BillDenom_02"":5,""BillDenom_03"":10,""BillDenom_04"":20,""BillDenom_05"":50,""BillDenom_06"":100,""CoinDenom_01"":1,""CoinDenom_02"":5,""CoinDenom_03"":10,""CoinDenom_04"":25,""CoinDenom_05"":0,""CoinDenom_06"":0,""BillCount_01"":0,""BillCount_02"":0,""BillCount_03"":0,""BillCount_04"":0,""BillCount_05"":0,""BillCount_06"":2,""CoinCount_01"":0,""CoinCount_02"":0,""CoinCount_03"":0,""CoinCount_04"":0,""CoinCount_05"":0,""CoinCount_06"":0,""ManualPay"":0.0,""TransactionNumber"":0,""TransactionType"":""WDRAWTX""}}'",2025-06-01 18:27:17.919-07:00,2025060118260406,200.0,200.0,COMPLETED,2999,4342,nan,WDRAWTX,ATM
"___18:34:01 403002 ATM.     'Posting Transaction Result  0:{""type"":""ATM"",""accountType"":""CHEKAC"",""seqNumber"":""2025060118334406"",""Authorization"":{""ErrorCode"":""0"",""ErrorDescription"":""0"",""Fee"":0.0,""RegisterTime"":""2025-06-01T18:34:01.702-07:00"",""TransactionNumber"":2025060118334406},""Operation"":{""Amount"":400.0,""BillDespensed"":0.0,""CardNumber"":""8182"",""HostIP"":"""",""RegistrationDatetime"":""2025-06-01T18:34:01.702-07:00"",""SequenceNumber"":""2025060118334406"",""Status"":""DENIED""},""TransactionDetail"":{""Amount"":400.0,""DispensedTotal"":0.0,""BillDenom_01"":1,""BillDenom_02"":5,""BillDenom_03"":10,""BillDenom_04"":20,""BillDenom_05"":50,""BillDenom_06"":100,""CoinDenom_01"":1,""CoinDenom_02"":5,""CoinDenom_03"":10,""CoinDenom_04"":25,""CoinDenom_05"":0,""CoinDenom_06"":0,""BillCount_01"":0,""BillCount_02"":0,""BillCount_03"":0,""BillCount_04"":0,""BillCount_05"":0,""BillCount_06"":0,""CoinCount_01"":0,""CoinCount_02"":0,""CoinCount_03"":0,""CoinCount_04"":0,""CoinCount_05"":0,""CoinCount_06"":0,""ManualPay"":0.0,""TransactionNumber"":0,""TransactionType"":""WDRAWTX""}}'",2025-06-01 18:34:01.702-07:00,2025060118334406,400.0,0.0,DENIED,nan,8182,nan,WDRAWTX,ATM
"___18:35:07 403002 ATM.     'Posting Transaction Result  0:{""type"":""ATM"",""accountType"":""CHEKAC"",""seqNumber"":""2025060118345006"",""Authorization"":{""ErrorCode"":""0"",""ErrorDescription"":""0"",""Fee"":0.0,""RegisterTime"":""2025-06-01T18:35:07.976-07:00"",""TransactionNumber"":2025060118345006},""Operation"":{""Amount"":300.0,""BillDespensed"":0.0,""CardNumber"":""8182"",""HostIP"":"""",""RegistrationDatetime"":""2025-06-01T18:35:07.976-07:00"",""SequenceNumber"":""2025060118345006"",""Status"":""DENIED""},""TransactionDetail"":{""Amount"":300.0,""DispensedTotal"":0.0,""BillDenom_01"":1,""BillDenom_02"":5,""BillDenom_03"":10,""BillDenom_04"":20,""BillDenom_05"":50,""BillDenom_06"":100,""CoinDenom_01"":1,""CoinDenom_02"":5,""CoinDenom_03"":10,""CoinDenom_04"":25,""CoinDenom_05"":0,""CoinDenom_06"":0,""BillCount_01"":0,""BillCount_02"":0,""BillCount_03"":0,""BillCount_04"":0,""BillCount_05"":0,""BillCount_06"":0,""CoinCount_01"":0,""CoinCount_02"":0,""CoinCount_03"":0,""CoinCount_04"":0,""CoinCount_05"":0,""CoinCount_06"":0,""ManualPay"":0.0,""TransactionNumber"":0,""TransactionType"":""WDRAWTX""}}'",2025-06-01 18:35:07.976-07:00,2025060118345006,300.0,0.0,DENIED,nan,8182,nan,WDRAWTX,ATM
"___18:41:19 403002 ATM.     'Posting Transaction Result  0:{""type"":""ATM"",""accountType"":""CHEKAC"",""seqNumber"":""2025060118404206"",""Authorization"":{""AuthNumber"":""3002"",""ErrorCode"":""0"",""ErrorDescription"":""0"",""Fee"":4.95,""OrderId"":""3002"",""RegisterTime"":""2025-06-01T18:41:19.060-07:00"",""TransactionNumber"":2025060118404206},""Operation"":{""Amount"":200.0,""BillDespensed"":200.0,""CardNumber"":""9992"",""HostIP"":"""",""RegistrationDatetime"":""2025-06-01T18:41:19.060-07:00"",""SequenceNumber"":""2025060118404206"",""Status"":""COMPLETED""},""TransactionDetail"":{""Amount"":200.0,""DispensedTotal"":200.0,""BillDenom_01"":1,""BillDenom_02"":5,""BillDenom_03"":10,""BillDenom_04"":20,""BillDenom_05"":50,""BillDenom_06"":100,""CoinDenom_01"":1,""CoinDenom_02"":5,""CoinDenom_03"":10,""CoinDenom_04"":25,""CoinDenom_05"":0,""CoinDenom_06"":0,""BillCount_01"":0,""BillCount_02"":0,""BillCount_03"":0,""BillCount_04"":0,""BillCount_05"":0,""BillCount_06"":2,""CoinCount_01"":0,""CoinCount_02"":0,""CoinCount_03"":0,""CoinCount_04"":0,""CoinCount_05"":0,""CoinCount_06"":0,""ManualPay"":0.0,""TransactionNumber"":0,""TransactionType"":""WDRAWTX""}}'",2025-06-01 18:41:19.060-07:00,2025060118404206,200.0,200.0,COMPLETED,3002,9992,nan,WDRAWTX,ATM
"___18:43:27 403002 ATM.     'Posting Transaction Result  0:{""type"":""ATM"",""accountType"":""CHEKAC"",""seqNumber"":""2025060118423506"",""Authorization"":{""AuthNumber"":""3003"",""ErrorCode"":""0"",""ErrorDescription"":""0"",""Fee"":4.95,""OrderId"":""3003"",""RegisterTime"":""2025-06-01T18:43:27.016-07:00"",""TransactionNumber"":2025060118423506},""Operation"":{""Amount"":100.0,""BillDespensed"":100.0,""CardNumber"":""7466"",""HostIP"":"""",""RegistrationDatetime"":""2025-06-01T18:43:27.016-07:00"",""SequenceNumber"":""2025060118423506"",""Status"":""COMPLETED""},""TransactionDetail"":{""Amount"":100.0,""DispensedTotal"":100.0,""BillDenom_01"":1,""BillDenom_02"":5,""BillDenom_03"":10,""BillDenom_04"":20,""BillDenom_05"":50,""BillDenom_06"":100,""CoinDenom_01"":1,""CoinDenom_02"":5,""CoinDenom_03"":10,""CoinDenom_04"":25,""CoinDenom_05"":0,""CoinDenom_06"":0,""BillCount_01"":0,""BillCount_02"":0,""BillCount_03"":0,""BillCount_04"":0,""BillCount_05"":0,""BillCount_06"":1,""CoinCount_01"":0,""CoinCount_02"":0,""CoinCount_03"":0,""CoinCount_04"":0,""CoinCount_05"":0,""CoinCount_06"":0,""ManualPay"":0.0,""TransactionNumber"":0,""TransactionType"":""WDRAWTX""}}'",2025-06-01 18:43:27.016-07:00,2025060118423506,100.0,100.0,COMPLETED,3003,7466,nan,WDRAWTX,ATM
"___18:46:06 403002 ATM.     'Posting Transaction Result  0:{""type"":""ATM"",""accountType"":""CHEKAC"",""seqNumber"":""2025060118452706"",""Authorization"":{""AuthNumber"":""3004"",""ErrorCode"":""0"",""ErrorDescription"":""0"",""Fee"":4.95,""OrderId"":""3004"",""RegisterTime"":""2025-06-01T18:46:06.252-07:00"",""TransactionNumber"":2025060118452706},""Operation"":{""Amount"":60.0,""BillDespensed"":60.0,""CardNumber"":""5394"",""HostIP"":"""",""RegistrationDatetime"":""2025-06-01T18:46:06.252-07:00"",""SequenceNumber"":""2025060118452706"",""Status"":""COMPLETED""},""TransactionDetail"":{""Amount"":60.0,""DispensedTotal"":60.0,""BillDenom_01"":1,""BillDenom_02"":5,""BillDenom_03"":10,""BillDenom_04"":20,""BillDenom_05"":50,""BillDenom_06"":100,""CoinDenom_01"":1,""CoinDenom_02"":5,""CoinDenom_03"":10,""CoinDenom_04"":25,""CoinDenom_05"":0,""CoinDenom_06"":0,""BillCount_01"":0,""BillCount_02"":0,""BillCount_03"":0,""BillCount_04"":3,""BillCount_05"":0,""BillCount_06"":0,""CoinCount_01"":0,""CoinCount_02"":0,""CoinCount_03"":0,""CoinCount_04"":0,""CoinCount_05"":0,""CoinCount_06"":0,""ManualPay"":0.0,""TransactionNumber"":0,""TransactionType"":""WDRAWTX""}}'",2025-06-01 18:46:06.252-07:00,2025060118452706,60.0,60.0,COMPLETED,3004,5394,nan,WDRAWTX,ATM
"___18:59:59 403002 ATM.     'Posting Transaction Result  0:{""type"":""ATM"",""accountType"":""CHEKAC"",""seqNumber"":""2025060118584706"",""Authorization"":{""AuthNumber"":""3005"",""ErrorCode"":""0"",""ErrorDescription"":""0"",""Fee"":4.95,""OrderId"":""3005"",""RegisterTime"":""2025-06-01T18:59:59.085-07:00"",""TransactionNumber"":2025060118584706},""Operation"":{""Amount"":100.0,""BillDespensed"":100.0,""CardNumber"":""9152"",""HostIP"":"""",""RegistrationDatetime"":""2025-06-01T18:59:59.085-07:00"",""SequenceNumber"":""2025060118584706"",""Status"":""COMPLETED""},""TransactionDetail"":{""Amount"":100.0,""DispensedTotal"":100.0,""BillDenom_01"":1,""BillDenom_02"":5,""BillDenom_03"":10,""BillDenom_04"":20,""BillDenom_05"":50,""BillDenom_06"":100,""CoinDenom_01"":1,""CoinDenom_02"":5,""CoinDenom_03"":10,""CoinDenom_04"":25,""CoinDenom_05"":0,""CoinDenom_06"":0,""BillCount_01"":0,""BillCount_02"":0,""BillCount_03"":0,""BillCount_04"":0,""BillCount_05"":0,""BillCount_06"":1,""CoinCount_01"":0,""CoinCount_02"":0,""CoinCount_03"":0,""CoinCount_04"":0,""CoinCount_05"":0,""CoinCount_06"":0,""ManualPay"":0.0,""TransactionNumber"":0,""TransactionType"":""WDRAWTX""}}'",2025-06-01 18:59:59.085-07:00,2025060118584706,100.0,100.0,COMPLETED,3005,9152,nan,WDRAWTX,ATM
"___19:04:21 403002 ATM.     'Posting Transaction Result  0:{""type"":""ATM"",""accountType"":""CHEKAC"",""seqNumber"":""2025060119033106"",""Authorization"":{""AuthNumber"":""3006"",""ErrorCode"":""0"",""ErrorDescription"":""0"",""Fee"":4.95,""OrderId"":""3006"",""RegisterTime"":""2025-06-01T19:04:21.845-07:00"",""TransactionNumber"":2025060119033106},""Operation"":{""Amount"":300.0,""BillDespensed"":300.0,""CardNumber"":""0606"",""HostIP"":"""",""RegistrationDatetime"":""2025-06-01T19:04:21.845-07:00"",""SequenceNumber"":""2025060119033106"",""Status"":""COMPLETED""},""TransactionDetail"":{""Amount"":300.0,""DispensedTotal"":300.0,""BillDenom_01"":1,""BillDenom_02"":5,""BillDenom_03"":10,""BillDenom_04"":20,""BillDenom_05"":50,""BillDenom_06"":100,""CoinDenom_01"":1,""CoinDenom_02"":5,""CoinDenom_03"":10,""CoinDenom_04"":25,""CoinDenom_05"":0,""CoinDenom_06"":0,""BillCount_01"":0,""BillCount_02"":0,""BillCount_03"":0,""BillCount_04"":0,""BillCount_05"":0,""BillCount_06"":3,""CoinCount_01"":0,""CoinCount_02"":0,""CoinCount_03"":0,""CoinCount_04"":0,""CoinCount_05"":0,""CoinCount_06"":0,""ManualPay"":0.0,""TransactionNumber"":0,""TransactionType"":""WDRAWTX""}}'",2025-06-01 19:04:21.845-07:00,2025060119033106,300.0,300.0,COMPLETED,3006,0606,nan,WDRAWTX,ATM
"___19:08:58 403002 ATM.     'Posting Transaction Result  0:{""type"":""ATM"",""accountType"":""CHEKAC"",""seqNumber"":""2025060119081906"",""Authorization"":{""AuthNumber"":""3007"",""ErrorCode"":""0"",""ErrorDescription"":""0"",""Fee"":4.95,""OrderId"":""3007"",""RegisterTime"":""2025-06-01T19:08:58.554-07:00"",""TransactionNumber"":2025060119081906},""Operation"":{""Amount"":60.0,""BillDespensed"":60.0,""CardNumber"":""4008"",""HostIP"":"""",""RegistrationDatetime"":""2025-06-01T19:08:58.554-07:00"",""SequenceNumber"":""2025060119081906"",""Status"":""COMPLETED""},""TransactionDetail"":{""Amount"":60.0,""DispensedTotal"":60.0,""BillDenom_01"":1,""BillDenom_02"":5,""BillDenom_03"":10,""BillDenom_04"":20,""BillDenom_05"":50,""BillDenom_06"":100,""CoinDenom_01"":1,""CoinDenom_02"":5,""CoinDenom_03"":10,""CoinDenom_04"":25,""CoinDenom_05"":0,""CoinDenom_06"":0,""BillCount_01"":0,""BillCount_02"":0,""BillCount_03"":0,""BillCount_04"":3,""BillCount_05"":0,""BillCount_06"":0,""CoinCount_01"":0,""CoinCount_02"":0,""CoinCount_03"":0,""CoinCount_04"":0,""CoinCount_05"":0,""CoinCount_06"":0,""ManualPay"":0.0,""TransactionNumber"":0,""TransactionType"":""WDRAWTX""}}'",2025-06-01 19:08:58.554-07:00,2025060119081906,60.0,60.0,COMPLETED,3007,4008,nan,WDRAWTX,ATM
"___19:26:36 403002 ATM.     'Posting Transaction Result  0:{""type"":""ATM"",""accountType"":""CHEKAC"",""seqNumber"":""2025060119260406"",""Authorization"":{""AuthNumber"":""3008"",""ErrorCode"":""0"",""ErrorDescription"":""0"",""Fee"":4.95,""OrderId"":""3008"",""RegisterTime"":""2025-06-01T19:26:36.764-07:00"",""TransactionNumber"":2025060119260406},""Operation"":{""Amount"":100.0,""BillDespensed"":100.0,""CardNumber"":""3597"",""HostIP"":"""",""RegistrationDatetime"":""2025-06-01T19:26:36.764-07:00"",""SequenceNumber"":""2025060119260406"",""Status"":""COMPLETED""},""TransactionDetail"":{""Amount"":100.0,""DispensedTotal"":100.0,""BillDenom_01"":1,""BillDenom_02"":5,""BillDenom_03"":10,""BillDenom_04"":20,""BillDenom_05"":50,""BillDenom_06"":100,""CoinDenom_01"":1,""CoinDenom_02"":5,""CoinDenom_03"":10,""CoinDenom_04"":25,""CoinDenom_05"":0,""CoinDenom_06"":0,""BillCount_01"":0,""BillCount_02"":0,""BillCount_03"":0,""BillCount_04"":0,""BillCount_05"":0,""BillCount_06"":1,""CoinCount_01"":0,""CoinCount_02"":0,""CoinCount_03"":0,""CoinCount_04"":0,""CoinCount_05"":0,""CoinCount_06"":0,""ManualPay"":0.0,""TransactionNumber"":0,""TransactionType"":""WDRAWTX""}}'",2025-06-01 19:26:36.764-07:00,2025060119260406,100.0,100.0,COMPLETED,3008,3597,nan,WDRAWTX,ATM
"___19:30:55 403002 ATM.     'Posting Transaction Result  0:{""type"":""ATM"",""accountType"":""CHEKAC"",""seqNumber"":""2025060119295306"",""Authorization"":{""AuthNumber"":""3009"",""ErrorCode"":""0"",""ErrorDescription"":""0"",""Fee"":4.95,""OrderId"":""3009"",""RegisterTime"":""2025-06-01T19:30:55.194-07:00"",""TransactionNumber"":2025060119295306},""Operation"":{""Amount"":20.0,""BillDespensed"":20.0,""CardNumber"":""4814"",""HostIP"":"""",""RegistrationDatetime"":""2025-06-01T19:30:55.194-07:00"",""SequenceNumber"":""2025060119295306"",""Status"":""COMPLETED""},""TransactionDetail"":{""Amount"":20.0,""DispensedTotal"":20.0,""BillDenom_01"":1,""BillDenom_02"":5,""BillDenom_03"":10,""BillDenom_04"":20,""BillDenom_05"":50,""BillDenom_06"":100,""CoinDenom_01"":1,""CoinDenom_02"":5,""CoinDenom_03"":10,""CoinDenom_04"":25,""CoinDenom_05"":0,""CoinDenom_06"":0,""BillCount_01"":0,""BillCount_02"":0,""BillCount_03"":0,""BillCount_04"":1,""BillCount_05"":0,""BillCount_06"":0,""CoinCount_01"":0,""CoinCount_02"":0,""CoinCount_03"":0,""CoinCount_04"":0,""CoinCount_05"":0,""CoinCount_06"":0,""ManualPay"":0.0,""TransactionNumber"":0,""TransactionType"":""WDRAWTX""}}'",2025-06-01 19:30:55.194-07:00,2025060119295306,20.0,20.0,COMPLETED,3009,4814,nan,WDRAWTX,ATM
"___19:42:09 403002 ATM.     'Posting Transaction Result  0:{""type"":""ATM"",""accountType"":""CHEKAC"",""seqNumber"":""2025060119412106"",""Authorization"":{""AuthNumber"":""3010"",""ErrorCode"":""0"",""ErrorDescription"":""0"",""Fee"":4.95,""OrderId"":""3010"",""RegisterTime"":""2025-06-01T19:42:08.953-07:00"",""TransactionNumber"":2025060119412106},""Operation"":{""Amount"":100.0,""BillDespensed"":100.0,""CardNumber"":""2438"",""HostIP"":"""",""RegistrationDatetime"":""2025-06-01T19:42:08.953-07:00"",""SequenceNumber"":""2025060119412106"",""Status"":""COMPLETED""},""TransactionDetail"":{""Amount"":100.0,""DispensedTotal"":100.0,""BillDenom_01"":1,""BillDenom_02"":5,""BillDenom_03"":10,""BillDenom_04"":20,""BillDenom_05"":50,""BillDenom_06"":100,""CoinDenom_01"":1,""CoinDenom_02"":5,""CoinDenom_03"":10,""CoinDenom_04"":25,""CoinDenom_05"":0,""CoinDenom_06"":0,""BillCount_01"":0,""BillCount_02"":0,""BillCount_03"":0,""BillCount_04"":0,""BillCount_05"":0,""BillCount_06"":1,""CoinCount_01"":0,""CoinCount_02"":0,""CoinCount_03"":0,""CoinCount_04"":0,""CoinCount_05"":0,""CoinCount_06"":0,""ManualPay"":0.0,""TransactionNumber"":0,""TransactionType"":""WDRAWTX""}}'",2025-06-01 19:42:08.953-07:00,2025060119412106,100.0,100.0,COMPLETED,3010,2438,nan,WDRAWTX,ATM
"___19:44:16 403002 ATM.     'Posting Transaction Result  0:{""type"":""ATM"",""accountType"":""CHEKAC"",""seqNumber"":""2025060119434106"",""Authorization"":{""AuthNumber"":""3011"",""ErrorCode"":""0"",""ErrorDescription"":""0"",""Fee"":4.95,""OrderId"":""3011"",""RegisterTime"":""2025-06-01T19:44:16.895-07:00"",""TransactionNumber"":2025060119434106},""Operation"":{""Amount"":1000.0,""BillDespensed"":1000.0,""CardNumber"":""3770"",""HostIP"":"""",""RegistrationDatetime"":""2025-06-01T19:44:16.895-07:00"",""SequenceNumber"":""2025060119434106"",""Status"":""COMPLETED""},""TransactionDetail"":{""Amount"":1000.0,""DispensedTotal"":1000.0,""BillDenom_01"":1,""BillDenom_02"":5,""BillDenom_03"":10,""BillDenom_04"":20,""BillDenom_05"":50,""BillDenom_06"":100,""CoinDenom_01"":1,""CoinDenom_02"":5,""CoinDenom_03"":10,""CoinDenom_04"":25,""CoinDenom_05"":0,""CoinDenom_06"":0,""BillCount_01"":0,""BillCount_02"":0,""BillCount_03"":0,""BillCount_04"":0,""BillCount_05"":0,""BillCount_06"":10,""CoinCount_01"":0,""CoinCount_02"":0,""CoinCount_03"":0,""CoinCount_04"":0,""CoinCount_05"":0,""CoinCount_06"":0,""ManualPay"":0.0,""TransactionNumber"":0,""TransactionType"":""WDRAWTX""}}'",2025-06-01 19:44:16.895-07:00,2025060119434106,1000.0,1000.0,COMPLETED,3011,3770,nan,WDRAWTX,ATM
"___19:45:35 403002 ATM.     'Posting Transaction Result  0:{""type"":""ATM"",""accountType"":""CHEKAC"",""seqNumber"":""2025060119451706"",""Authorization"":{""ErrorCode"":""0"",""ErrorDescription"":""0"",""Fee"":0.0,""RegisterTime"":""2025-06-01T19:45:35.468-07:00"",""TransactionNumber"":2025060119451706},""Operation"":{""Amount"":2000.0,""BillDespensed"":0.0,""CardNumber"":""3770"",""HostIP"":"""",""RegistrationDatetime"":""2025-06-01T19:45:35.468-07:00"",""SequenceNumber"":""2025060119451706"",""Status"":""DENIED""},""TransactionDetail"":{""Amount"":2000.0,""DispensedTotal"":0.0,""BillDenom_01"":1,""BillDenom_02"":5,""BillDenom_03"":10,""BillDenom_04"":20,""BillDenom_05"":50,""BillDenom_06"":100,""CoinDenom_01"":1,""CoinDenom_02"":5,""CoinDenom_03"":10,""CoinDenom_04"":25,""CoinDenom_05"":0,""CoinDenom_06"":0,""BillCount_01"":0,""BillCount_02"":0,""BillCount_03"":0,""BillCount_04"":0,""BillCount_05"":0,""BillCount_06"":0,""CoinCount_01"":0,""CoinCount_02"":0,""CoinCount_03"":0,""CoinCount_04"":0,""CoinCount_05"":0,""CoinCount_06"":0,""ManualPay"":0.0,""TransactionNumber"":0,""TransactionType"":""WDRAWTX""}}'",2025-06-01 19:45:35.468-07:00,2025060119451706,2000.0,0.0,DENIED,nan,3770,nan,WDRAWTX,ATM
"___19:47:56 403002 ATM.     'Posting Transaction Result  0:{""type"":""ATM"",""accountType"":""CHEKAC"",""seqNumber"":""2025060119472006"",""Authorization"":{""AuthNumber"":""3013"",""ErrorCode"":""0"",""ErrorDescription"":""0"",""Fee"":4.95,""OrderId"":""3013"",""RegisterTime"":""2025-06-01T19:47:56.580-07:00"",""TransactionNumber"":2025060119472006},""Operation"":{""Amount"":100.0,""BillDespensed"":100.0,""CardNumber"":""7153"",""HostIP"":"""",""RegistrationDatetime"":""2025-06-01T19:47:56.580-07:00"",""SequenceNumber"":""2025060119472006"",""Status"":""COMPLETED""},""TransactionDetail"":{""Amount"":100.0,""DispensedTotal"":100.0,""BillDenom_01"":1,""BillDenom_02"":5,""BillDenom_03"":10,""BillDenom_04"":20,""BillDenom_05"":50,""BillDenom_06"":100,""CoinDenom_01"":1,""CoinDenom_02"":5,""CoinDenom_03"":10,""CoinDenom_04"":25,""CoinDenom_05"":0,""CoinDenom_06"":0,""BillCount_01"":0,""BillCount_02"":0,""BillCount_03"":0,""BillCount_04"":0,""BillCount_05"":0,""BillCount_06"":1,""CoinCount_01"":0,""CoinCount_02"":0,""CoinCount_03"":0,""CoinCount_04"":0,""CoinCount_05"":0,""CoinCount_06"":0,""ManualPay"":0.0,""TransactionNumber"":0,""TransactionType"":""WDRAWTX""}}'",2025-06-01 19:47:56.580-07:00,2025060119472006,100.0,100.0,COMPLETED,3013,7153,nan,WDRAWTX,ATM
"___19:49:48 403002 ATM.     'Posting Transaction Result  0:{""type"":""ATM"",""accountType"":""CHEKAC"",""seqNumber"":""2025060119491306"",""Authorization"":{""AuthNumber"":""3014"",""ErrorCode"":""0"",""ErrorDescription"":""0"",""Fee"":4.95,""OrderId"":""3014"",""RegisterTime"":""2025-06-01T19:49:48.416-07:00"",""TransactionNumber"":2025060119491306},""Operation"":{""Amount"":200.0,""BillDespensed"":200.0,""CardNumber"":""7901"",""HostIP"":"""",""RegistrationDatetime"":""2025-06-01T19:49:48.416-07:00"",""SequenceNumber"":""2025060119491306"",""Status"":""COMPLETED""},""TransactionDetail"":{""Amount"":200.0,""DispensedTotal"":200.0,""BillDenom_01"":1,""BillDenom_02"":5,""BillDenom_03"":10,""BillDenom_04"":20,""BillDenom_05"":50,""BillDenom_06"":100,""CoinDenom_01"":1,""CoinDenom_02"":5,""CoinDenom_03"":10,""CoinDenom_04"":25,""CoinDenom_05"":0,""CoinDenom_06"":0,""BillCount_01"":0,""BillCount_02"":0,""BillCount_03"":0,""BillCount_04"":0,""BillCount_05"":0,""BillCount_06"":2,""CoinCount_01"":0,""CoinCount_02"":0,""CoinCount_03"":0,""CoinCount_04"":0,""CoinCount_05"":0,""CoinCount_06"":0,""ManualPay"":0.0,""TransactionNumber"":0,""TransactionType"":""WDRAWTX""}}'",2025-06-01 19:49:48.416-07:00,2025060119491306,200.0,200.0,COMPLETED,3014,7901,nan,WDRAWTX,ATM
"___20:05:41 403002 ATM.     'Posting Transaction Result  0:{""type"":""ATM"",""accountType"":""CHEKAC"",""seqNumber"":""2025060120044406"",""Authorization"":{""AuthNumber"":""3016"",""ErrorCode"":""0"",""ErrorDescription"":""0"",""Fee"":4.95,""OrderId"":""3016"",""RegisterTime"":""2025-06-01T20:05:41.688-07:00"",""TransactionNumber"":2025060120044406},""Operation"":{""Amount"":200.0,""BillDespensed"":200.0,""CardNumber"":""4692"",""HostIP"":"""",""RegistrationDatetime"":""2025-06-01T20:05:41.688-07:00"",""SequenceNumber"":""2025060120044406"",""Status"":""COMPLETED""},""TransactionDetail"":{""Amount"":200.0,""DispensedTotal"":200.0,""BillDenom_01"":1,""BillDenom_02"":5,""BillDenom_03"":10,""BillDenom_04"":20,""BillDenom_05"":50,""BillDenom_06"":100,""CoinDenom_01"":1,""CoinDenom_02"":5,""CoinDenom_03"":10,""CoinDenom_04"":25,""CoinDenom_05"":0,""CoinDenom_06"":0,""BillCount_01"":0,""BillCount_02"":0,""BillCount_03"":0,""BillCount_04"":0,""BillCount_05"":0,""BillCount_06"":2,""CoinCount_01"":0,""CoinCount_02"":0,""CoinCount_03"":0,""CoinCount_04"":0,""CoinCount_05"":0,""CoinCount_06"":0,""ManualPay"":0.0,""TransactionNumber"":0,""TransactionType"":""WDRAWTX""}}'",2025-06-01 20:05:41.688-07:00,2025060120044406,200.0,200.0,COMPLETED,3016,4692,nan,WDRAWTX,ATM
"___20:14:42 403002 ATM.     'Posting Transaction Result  0:{""type"":""ATM"",""accountType"":""CHEKAC"",""seqNumber"":""2025060120140606"",""Authorization"":{""AuthNumber"":""3019"",""ErrorCode"":""0"",""ErrorDescription"":""0"",""Fee"":4.95,""OrderId"":""3019"",""RegisterTime"":""2025-06-01T20:14:42.746-07:00"",""TransactionNumber"":2025060120140606},""Operation"":{""Amount"":600.0,""BillDespensed"":600.0,""CardNumber"":""8182"",""HostIP"":"""",""RegistrationDatetime"":""2025-06-01T20:14:42.746-07:00"",""SequenceNumber"":""2025060120140606"",""Status"":""COMPLETED""},""TransactionDetail"":{""Amount"":600.0,""DispensedTotal"":600.0,""BillDenom_01"":1,""BillDenom_02"":5,""BillDenom_03"":10,""BillDenom_04"":20,""BillDenom_05"":50,""BillDenom_06"":100,""CoinDenom_01"":1,""CoinDenom_02"":5,""CoinDenom_03"":10,""CoinDenom_04"":25,""CoinDenom_05"":0,""CoinDenom_06"":0,""BillCount_01"":0,""BillCount_02"":0,""BillCount_03"":0,""BillCount_04"":0,""BillCount_05"":0,""BillCount_06"":6,""CoinCount_01"":0,""CoinCount_02"":0,""CoinCount_03"":0,""CoinCount_04"":0,""CoinCount_05"":0,""CoinCount_06"":0,""ManualPay"":0.0,""TransactionNumber"":0,""TransactionType"":""WDRAWTX""}}'",2025-06-01 20:14:42.746-07:00,2025060120140606,600.0,600.0,COMPLETED,3019,8182,nan,WDRAWTX,ATM
"___20:17:04 403002 ATM.     'Posting Transaction Result  0:{""type"":""ATM"",""accountType"":""CHEKAC"",""seqNumber"":""2025060120162906"",""Authorization"":{""AuthNumber"":""3020"",""ErrorCode"":""0"",""ErrorDescription"":""0"",""Fee"":4.95,""OrderId"":""3020"",""RegisterTime"":""2025-06-01T20:17:04.356-07:00"",""TransactionNumber"":2025060120162906},""Operation"":{""Amount"":500.0,""BillDespensed"":500.0,""CardNumber"":""7970"",""HostIP"":"""",""RegistrationDatetime"":""2025-06-01T20:17:04.356-07:00"",""SequenceNumber"":""2025060120162906"",""Status"":""COMPLETED""},""TransactionDetail"":{""Amount"":500.0,""DispensedTotal"":500.0,""BillDenom_01"":1,""BillDenom_02"":5,""BillDenom_03"":10,""BillDenom_04"":20,""BillDenom_05"":50,""BillDenom_06"":100,""CoinDenom_01"":1,""CoinDenom_02"":5,""CoinDenom_03"":10,""CoinDenom_04"":25,""CoinDenom_05"":0,""CoinDenom_06"":0,""BillCount_01"":0,""BillCount_02"":0,""BillCount_03"":0,""BillCount_04"":0,""BillCount_05"":0,""BillCount_06"":5,""CoinCount_01"":0,""CoinCount_02"":0,""CoinCount_03"":0,""CoinCount_04"":0,""CoinCount_05"":0,""CoinCount_06"":0,""ManualPay"":0.0,""TransactionNumber"":0,""TransactionType"":""WDRAWTX""}}'",2025-06-01 20:17:04.356-07:00,2025060120162906,500.0,500.0,COMPLETED,3020,7970,nan,WDRAWTX,ATM
"___20:19:23 403002 ATM.     'Posting Transaction Result  0:{""type"":""ATM"",""accountType"":""CHEKAC"",""seqNumber"":""2025060120184906"",""Authorization"":{""AuthNumber"":""3021"",""ErrorCode"":""0"",""ErrorDescription"":""0"",""Fee"":4.95,""OrderId"":""3021"",""RegisterTime"":""2025-06-01T20:19:22.976-07:00"",""TransactionNumber"":2025060120184906},""Operation"":{""Amount"":140.0,""BillDespensed"":140.0,""CardNumber"":""6334"",""HostIP"":"""",""RegistrationDatetime"":""2025-06-01T20:19:22.976-07:00"",""SequenceNumber"":""2025060120184906"",""Status"":""COMPLETED""},""TransactionDetail"":{""Amount"":140.0,""DispensedTotal"":140.0,""BillDenom_01"":1,""BillDenom_02"":5,""BillDenom_03"":10,""BillDenom_04"":20,""BillDenom_05"":50,""BillDenom_06"":100,""CoinDenom_01"":1,""CoinDenom_02"":5,""CoinDenom_03"":10,""CoinDenom_04"":25,""CoinDenom_05"":0,""CoinDenom_06"":0,""BillCount_01"":0,""BillCount_02"":0,""BillCount_03"":0,""BillCount_04"":2,""BillCount_05"":0,""BillCount_06"":1,""CoinCount_01"":0,""CoinCount_02"":0,""CoinCount_03"":0,""CoinCount_04"":0,""CoinCount_05"":0,""CoinCount_06"":0,""ManualPay"":0.0,""TransactionNumber"":0,""TransactionType"":""WDRAWTX""}}'",2025-06-01 20:19:22.976-07:00,2025060120184906,140.0,140.0,COMPLETED,3021,6334,nan,WDRAWTX,ATM
"___20:21:02 403002 ATM.     'Posting Transaction Result  0:{""type"":""ATM"",""accountType"":""CHEKAC"",""seqNumber"":""2025060120202206"",""Authorization"":{""AuthNumber"":""3022"",""ErrorCode"":""0"",""ErrorDescription"":""0"",""Fee"":4.95,""OrderId"":""3022"",""RegisterTime"":""2025-06-01T20:21:01.954-07:00"",""TransactionNumber"":2025060120202206},""Operation"":{""Amount"":100.0,""BillDespensed"":100.0,""CardNumber"":""9676"",""HostIP"":"""",""RegistrationDatetime"":""2025-06-01T20:21:01.954-07:00"",""SequenceNumber"":""2025060120202206"",""Status"":""COMPLETED""},""TransactionDetail"":{""Amount"":100.0,""DispensedTotal"":100.0,""BillDenom_01"":1,""BillDenom_02"":5,""BillDenom_03"":10,""BillDenom_04"":20,""BillDenom_05"":50,""BillDenom_06"":100,""CoinDenom_01"":1,""CoinDenom_02"":5,""CoinDenom_03"":10,""CoinDenom_04"":25,""CoinDenom_05"":0,""CoinDenom_06"":0,""BillCount_01"":0,""BillCount_02"":0,""BillCount_03"":0,""BillCount_04"":0,""BillCount_05"":0,""BillCount_06"":1,""CoinCount_01"":0,""CoinCount_02"":0,""CoinCount_03"":0,""CoinCount_04"":0,""CoinCount_05"":0,""CoinCount_06"":0,""ManualPay"":0.0,""TransactionNumber"":0,""TransactionType"":""WDRAWTX""}}'",2025-06-01 20:21:01.954-07:00,2025060120202206,100.0,100.0,COMPLETED,3022,9676,nan,WDRAWTX,ATM
"___20:27:40 403002 ATM.     'Posting Transaction Result  0:{""type"":""ATM"",""accountType"":""CHEKAC"",""seqNumber"":""2025060120271306"",""Authorization"":{""AuthNumber"":""3024"",""ErrorCode"":""0"",""ErrorDescription"":""0"",""Fee"":4.95,""OrderId"":""3024"",""RegisterTime"":""2025-06-01T20:27:40.658-07:00"",""TransactionNumber"":2025060120271306},""Operation"":{""Amount"":500.0,""BillDespensed"":500.0,""CardNumber"":""7512"",""HostIP"":"""",""RegistrationDatetime"":""2025-06-01T20:27:40.658-07:00"",""SequenceNumber"":""2025060120271306"",""Status"":""COMPLETED""},""TransactionDetail"":{""Amount"":500.0,""DispensedTotal"":500.0,""BillDenom_01"":1,""BillDenom_02"":5,""BillDenom_03"":10,""BillDenom_04"":20,""BillDenom_05"":50,""BillDenom_06"":100,""CoinDenom_01"":1,""CoinDenom_02"":5,""CoinDenom_03"":10,""CoinDenom_04"":25,""CoinDenom_05"":0,""CoinDenom_06"":0,""BillCount_01"":0,""BillCount_02"":0,""BillCount_03"":0,""BillCount_04"":0,""BillCount_05"":0,""BillCount_06"":5,""CoinCount_01"":0,""CoinCount_02"":0,""CoinCount_03"":0,""CoinCount_04"":0,""CoinCount_05"":0,""CoinCount_06"":0,""ManualPay"":0.0,""TransactionNumber"":0,""TransactionType"":""WDRAWTX""}}'",2025-06-01 20:27:40.658-07:00,2025060120271306,500.0,500.0,COMPLETED,3024,7512,nan,WDRAWTX,ATM
"___20:31:02 403002 ATM.     'Posting Transaction Result  0:{""type"":""ATM"",""accountType"":""CHEKAC"",""seqNumber"":""2025060120294706"",""Authorization"":{""AuthNumber"":""3025"",""ErrorCode"":""0"",""ErrorDescription"":""0"",""Fee"":4.95,""OrderId"":""3025"",""RegisterTime"":""2025-06-01T20:31:02.401-07:00"",""TransactionNumber"":2025060120294706},""Operation"":{""Amount"":400.0,""BillDespensed"":400.0,""CardNumber"":""8633"",""HostIP"":"""",""RegistrationDatetime"":""2025-06-01T20:31:02.401-07:00"",""SequenceNumber"":""2025060120294706"",""Status"":""COMPLETED""},""TransactionDetail"":{""Amount"":400.0,""DispensedTotal"":400.0,""BillDenom_01"":1,""BillDenom_02"":5,""BillDenom_03"":10,""BillDenom_04"":20,""BillDenom_05"":50,""BillDenom_06"":100,""CoinDenom_01"":1,""CoinDenom_02"":5,""CoinDenom_03"":10,""CoinDenom_04"":25,""CoinDenom_05"":0,""CoinDenom_06"":0,""BillCount_01"":0,""BillCount_02"":0,""BillCount_03"":0,""BillCount_04"":0,""BillCount_05"":0,""BillCount_06"":4,""CoinCount_01"":0,""CoinCount_02"":0,""CoinCount_03"":0,""CoinCount_04"":0,""CoinCount_05"":0,""CoinCount_06"":0,""ManualPay"":0.0,""TransactionNumber"":0,""TransactionType"":""WDRAWTX""}}'",2025-06-01 20:31:02.401-07:00,2025060120294706,400.0,400.0,COMPLETED,3025,8633,nan,WDRAWTX,ATM
"___20:43:51 403002 ATM.     'Posting Transaction Result  0:{""type"":""ATM"",""accountType"":""CHEKAC"",""seqNumber"":""2025060120433906"",""Authorization"":{""ErrorCode"":""0"",""ErrorDescription"":""0"",""Fee"":0.0,""RegisterTime"":""2025-06-01T20:43:51.891-07:00"",""TransactionNumber"":2025060120433906},""Operation"":{""Amount"":200.0,""BillDespensed"":0.0,""CardNumber"":""9649"",""HostIP"":"""",""RegistrationDatetime"":""2025-06-01T20:43:51.891-07:00"",""SequenceNumber"":""2025060120433906"",""Status"":""DENIED""},""TransactionDetail"":{""Amount"":200.0,""DispensedTotal"":0.0,""BillDenom_01"":1,""BillDenom_02"":5,""BillDenom_03"":10,""BillDenom_04"":20,""BillDenom_05"":50,""BillDenom_06"":100,""CoinDenom_01"":1,""CoinDenom_02"":5,""CoinDenom_03"":10,""CoinDenom_04"":25,""CoinDenom_05"":0,""CoinDenom_06"":0,""BillCount_01"":0,""BillCount_02"":0,""BillCount_03"":0,""BillCount_04"":0,""BillCount_05"":0,""BillCount_06"":0,""CoinCount_01"":0,""CoinCount_02"":0,""CoinCount_03"":0,""CoinCount_04"":0,""CoinCount_05"":0,""CoinCount_06"":0,""ManualPay"":0.0,""TransactionNumber"":0,""TransactionType"":""WDRAWTX""}}'",2025-06-01 20:43:51.891-07:00,2025060120433906,200.0,0.0,DENIED,nan,9649,nan,WDRAWTX,ATM
"___20:46:26 403002 ATM.     'Posting Transaction Result  0:{""type"":""ATM"",""accountType"":""CHEKAC"",""seqNumber"":""2025060120454306"",""Authorization"":{""AuthNumber"":""3027"",""ErrorCode"":""0"",""ErrorDescription"":""0"",""Fee"":4.95,""OrderId"":""3027"",""RegisterTime"":""2025-06-01T20:46:26.059-07:00"",""TransactionNumber"":2025060120454306},""Operation"":{""Amount"":40.0,""BillDespensed"":40.0,""CardNumber"":""9039"",""HostIP"":"""",""RegistrationDatetime"":""2025-06-01T20:46:26.059-07:00"",""SequenceNumber"":""2025060120454306"",""Status"":""COMPLETED""},""TransactionDetail"":{""Amount"":40.0,""DispensedTotal"":40.0,""BillDenom_01"":1,""BillDenom_02"":5,""BillDenom_03"":10,""BillDenom_04"":20,""BillDenom_05"":50,""BillDenom_06"":100,""CoinDenom_01"":1,""CoinDenom_02"":5,""CoinDenom_03"":10,""CoinDenom_04"":25,""CoinDenom_05"":0,""CoinDenom_06"":0,""BillCount_01"":0,""BillCount_02"":0,""BillCount_03"":0,""BillCount_04"":2,""BillCount_05"":0,""BillCount_06"":0,""CoinCount_01"":0,""CoinCount_02"":0,""CoinCount_03"":0,""CoinCount_04"":0,""CoinCount_05"":0,""CoinCount_06"":0,""ManualPay"":0.0,""TransactionNumber"":0,""TransactionType"":""WDRAWTX""}}'",2025-06-01 20:46:26.059-07:00,2025060120454306,40.0,40.0,COMPLETED,3027,9039,nan,WDRAWTX,ATM
"___20:47:53 403002 ATM.     'Posting Transaction Result  0:{""type"":""ATM"",""accountType"":""CHEKAC"",""seqNumber"":""2025060120472006"",""Authorization"":{""AuthNumber"":""3028"",""ErrorCode"":""0"",""ErrorDescription"":""0"",""Fee"":4.95,""OrderId"":""3028"",""RegisterTime"":""2025-06-01T20:47:53.893-07:00"",""TransactionNumber"":2025060120472006},""Operation"":{""Amount"":200.0,""BillDespensed"":200.0,""CardNumber"":""4477"",""HostIP"":"""",""RegistrationDatetime"":""2025-06-01T20:47:53.893-07:00"",""SequenceNumber"":""2025060120472006"",""Status"":""COMPLETED""},""TransactionDetail"":{""Amount"":200.0,""DispensedTotal"":200.0,""BillDenom_01"":1,""BillDenom_02"":5,""BillDenom_03"":10,""BillDenom_04"":20,""BillDenom_05"":50,""BillDenom_06"":100,""CoinDenom_01"":1,""CoinDenom_02"":5,""CoinDenom_03"":10,""CoinDenom_04"":25,""CoinDenom_05"":0,""CoinDenom_06"":0,""BillCount_01"":0,""BillCount_02"":0,""BillCount_03"":0,""BillCount_04"":0,""BillCount_05"":0,""BillCount_06"":2,""CoinCount_01"":0,""CoinCount_02"":0,""CoinCount_03"":0,""CoinCount_04"":0,""CoinCount_05"":0,""CoinCount_06"":0,""ManualPay"":0.0,""TransactionNumber"":0,""TransactionType"":""WDRAWTX""}}'",2025-06-01 20:47:53.893-07:00,2025060120472006,200.0,200.0,COMPLETED,3028,4477,nan,WDRAWTX,ATM
"___20:49:12 403002 ATM.     'Posting Transaction Result  0:{""type"":""ATM"",""accountType"":""CHEKAC"",""seqNumber"":""2025060120484006"",""Authorization"":{""AuthNumber"":""3029"",""ErrorCode"":""0"",""ErrorDescription"":""0"",""Fee"":4.95,""OrderId"":""3029"",""RegisterTime"":""2025-06-01T20:49:12.398-07:00"",""TransactionNumber"":2025060120484006},""Operation"":{""Amount"":200.0,""BillDespensed"":200.0,""CardNumber"":""7287"",""HostIP"":"""",""RegistrationDatetime"":""2025-06-01T20:49:12.398-07:00"",""SequenceNumber"":""2025060120484006"",""Status"":""COMPLETED""},""TransactionDetail"":{""Amount"":200.0,""DispensedTotal"":200.0,""BillDenom_01"":1,""BillDenom_02"":5,""BillDenom_03"":10,""BillDenom_04"":20,""BillDenom_05"":50,""BillDenom_06"":100,""CoinDenom_01"":1,""CoinDenom_02"":5,""CoinDenom_03"":10,""CoinDenom_04"":25,""CoinDenom_05"":0,""CoinDenom_06"":0,""BillCount_01"":0,""BillCount_02"":0,""BillCount_03"":0,""BillCount_04"":0,""BillCount_05"":0,""BillCount_06"":2,""CoinCount_01"":0,""CoinCount_02"":0,""CoinCount_03"":0,""CoinCount_04"":0,""CoinCount_05"":0,""CoinCount_06"":0,""ManualPay"":0.0,""TransactionNumber"":0,""TransactionType"":""WDRAWTX""}}'",2025-06-01 20:49:12.398-07:00,2025060120484006,200.0,200.0,COMPLETED,3029,7287,nan,WDRAWTX,ATM
"___20:51:56 403002 ATM.     'Posting Transaction Result  0:{""type"":""ATM"",""accountType"":""CHEKAC"",""seqNumber"":""2025060120513006"",""Authorization"":{""ErrorCode"":""0"",""ErrorDescription"":""0"",""Fee"":0.0,""RegisterTime"":""2025-06-01T20:51:56.056-07:00"",""TransactionNumber"":2025060120513006},""Operation"":{""Amount"":240.0,""BillDespensed"":0.0,""CardNumber"":""4214"",""HostIP"":"""",""RegistrationDatetime"":""2025-06-01T20:51:56.056-07:00"",""SequenceNumber"":""2025060120513006"",""Status"":""DENIED""},""TransactionDetail"":{""Amount"":240.0,""DispensedTotal"":0.0,""BillDenom_01"":1,""BillDenom_02"":5,""BillDenom_03"":10,""BillDenom_04"":20,""BillDenom_05"":50,""BillDenom_06"":100,""CoinDenom_01"":1,""CoinDenom_02"":5,""CoinDenom_03"":10,""CoinDenom_04"":25,""CoinDenom_05"":0,""CoinDenom_06"":0,""BillCount_01"":0,""BillCount_02"":0,""BillCount_03"":0,""BillCount_04"":0,""BillCount_05"":0,""BillCount_06"":0,""CoinCount_01"":0,""CoinCount_02"":0,""CoinCount_03"":0,""CoinCount_04"":0,""CoinCount_05"":0,""CoinCount_06"":0,""ManualPay"":0.0,""TransactionNumber"":0,""TransactionType"":""WDRAWTX""}}'",2025-06-01 20:51:56.056-07:00,2025060120513006,240.0,0.0,DENIED,nan,4214,nan,WDRAWTX,ATM
"___21:06:14 403002 ATM.     'Posting Transaction Result  0:{""type"":""ATM"",""accountType"":""CHEKAC"",""seqNumber"":""2025060121055806"",""Authorization"":{""ErrorCode"":""0"",""ErrorDescription"":""0"",""Fee"":0.0,""RegisterTime"":""2025-06-01T21:06:14.274-07:00"",""TransactionNumber"":2025060121055806},""Operation"":{""Amount"":300.0,""BillDespensed"":0.0,""CardNumber"":""1008"",""HostIP"":"""",""RegistrationDatetime"":""2025-06-01T21:06:14.274-07:00"",""SequenceNumber"":""2025060121055806"",""Status"":""DENIED""},""TransactionDetail"":{""Amount"":300.0,""DispensedTotal"":0.0,""BillDenom_01"":1,""BillDenom_02"":5,""BillDenom_03"":10,""BillDenom_04"":20,""BillDenom_05"":50,""BillDenom_06"":100,""CoinDenom_01"":1,""CoinDenom_02"":5,""CoinDenom_03"":10,""CoinDenom_04"":25,""CoinDenom_05"":0,""CoinDenom_06"":0,""BillCount_01"":0,""BillCount_02"":0,""BillCount_03"":0,""BillCount_04"":0,""BillCount_05"":0,""BillCount_06"":0,""CoinCount_01"":0,""CoinCount_02"":0,""CoinCount_03"":0,""CoinCount_04"":0,""CoinCount_05"":0,""CoinCount_06"":0,""ManualPay"":0.0,""TransactionNumber"":0,""TransactionType"":""WDRAWTX""}}'",2025-06-01 21:06:14.274-07:00,2025060121055806,300.0,0.0,DENIED,nan,1008,nan,WDRAWTX,ATM
"___21:11:11 403002 ATM.     'Posting Transaction Result  0:{""type"":""ATM"",""accountType"":""CHEKAC"",""seqNumber"":""2025060121103606"",""Authorization"":{""AuthNumber"":""3033"",""ErrorCode"":""0"",""ErrorDescription"":""0"",""Fee"":4.95,""OrderId"":""3033"",""RegisterTime"":""2025-06-01T21:11:11.106-07:00"",""TransactionNumber"":2025060121103606},""Operation"":{""Amount"":300.0,""BillDespensed"":300.0,""CardNumber"":""1823"",""HostIP"":"""",""RegistrationDatetime"":""2025-06-01T21:11:11.106-07:00"",""SequenceNumber"":""2025060121103606"",""Status"":""COMPLETED""},""TransactionDetail"":{""Amount"":300.0,""DispensedTotal"":300.0,""BillDenom_01"":1,""BillDenom_02"":5,""BillDenom_03"":10,""BillDenom_04"":20,""BillDenom_05"":50,""BillDenom_06"":100,""CoinDenom_01"":1,""CoinDenom_02"":5,""CoinDenom_03"":10,""CoinDenom_04"":25,""CoinDenom_05"":0,""CoinDenom_06"":0,""BillCount_01"":0,""BillCount_02"":0,""BillCount_03"":0,""BillCount_04"":0,""BillCount_05"":0,""BillCount_06"":3,""CoinCount_01"":0,""CoinCount_02"":0,""CoinCount_03"":0,""CoinCount_04"":0,""CoinCount_05"":0,""CoinCount_06"":0,""ManualPay"":0.0,""TransactionNumber"":0,""TransactionType"":""WDRAWTX""}}'",2025-06-01 21:11:11.106-07:00,2025060121103606,300.0,300.0,COMPLETED,3033,1823,nan,WDRAWTX,ATM
"___21:16:10 403002 ATM.     'Posting Transaction Result  0:{""type"":""ATM"",""accountType"":""CHEKAC"",""seqNumber"":""2025060121145706"",""Authorization"":{""AuthNumber"":""3034"",""ErrorCode"":""0"",""ErrorDescription"":""0"",""Fee"":4.95,""OrderId"":""3034"",""RegisterTime"":""2025-06-01T21:16:09.921-07:00"",""TransactionNumber"":2025060121145706},""Operation"":{""Amount"":100.0,""BillDespensed"":100.0,""CardNumber"":""7280"",""HostIP"":"""",""RegistrationDatetime"":""2025-06-01T21:16:09.921-07:00"",""SequenceNumber"":""2025060121145706"",""Status"":""COMPLETED""},""TransactionDetail"":{""Amount"":100.0,""DispensedTotal"":100.0,""BillDenom_01"":1,""BillDenom_02"":5,""BillDenom_03"":10,""BillDenom_04"":20,""BillDenom_05"":50,""BillDenom_06"":100,""CoinDenom_01"":1,""CoinDenom_02"":5,""CoinDenom_03"":10,""CoinDenom_04"":25,""CoinDenom_05"":0,""CoinDenom_06"":0,""BillCount_01"":0,""BillCount_02"":0,""BillCount_03"":0,""BillCount_04"":0,""BillCount_05"":0,""BillCount_06"":1,""CoinCount_01"":0,""CoinCount_02"":0,""CoinCount_03"":0,""CoinCount_04"":0,""CoinCount_05"":0,""CoinCount_06"":0,""ManualPay"":0.0,""TransactionNumber"":0,""TransactionType"":""WDRAWTX""}}'",2025-06-01 21:16:09.921-07:00,2025060121145706,100.0,100.0,COMPLETED,3034,7280,nan,WDRAWTX,ATM
"___21:23:35 403002 ATM.     'Posting Transaction Result  0:{""type"":""ATM"",""accountType"":""CHEKAC"",""seqNumber"":""2025060121225506"",""Authorization"":{""AuthNumber"":""3035"",""ErrorCode"":""0"",""ErrorDescription"":""0"",""Fee"":4.95,""OrderId"":""3035"",""RegisterTime"":""2025-06-01T21:23:35.854-07:00"",""TransactionNumber"":2025060121225506},""Operation"":{""Amount"":200.0,""BillDespensed"":200.0,""CardNumber"":""5679"",""HostIP"":"""",""RegistrationDatetime"":""2025-06-01T21:23:35.854-07:00"",""SequenceNumber"":""2025060121225506"",""Status"":""COMPLETED""},""TransactionDetail"":{""Amount"":200.0,""DispensedTotal"":200.0,""BillDenom_01"":1,""BillDenom_02"":5,""BillDenom_03"":10,""BillDenom_04"":20,""BillDenom_05"":50,""BillDenom_06"":100,""CoinDenom_01"":1,""CoinDenom_02"":5,""CoinDenom_03"":10,""CoinDenom_04"":25,""CoinDenom_05"":0,""CoinDenom_06"":0,""BillCount_01"":0,""BillCount_02"":0,""BillCount_03"":0,""BillCount_04"":0,""BillCount_05"":0,""BillCount_06"":2,""CoinCount_01"":0,""CoinCount_02"":0,""CoinCount_03"":0,""CoinCount_04"":0,""CoinCount_05"":0,""CoinCount_06"":0,""ManualPay"":0.0,""TransactionNumber"":0,""TransactionType"":""WDRAWTX""}}'",2025-06-01 21:23:35.854-07:00,2025060121225506,200.0,200.0,COMPLETED,3035,5679,nan,WDRAWTX,ATM
"___21:27:31 403002 ATM.     'Posting Transaction Result  0:{""type"":""ATM"",""accountType"":""CHEKAC"",""seqNumber"":""2025060121264606"",""Authorization"":{""AuthNumber"":""3036"",""ErrorCode"":""0"",""ErrorDescription"":""0"",""Fee"":4.95,""OrderId"":""3036"",""RegisterTime"":""2025-06-01T21:27:31.462-07:00"",""TransactionNumber"":2025060121264606},""Operation"":{""Amount"":60.0,""BillDespensed"":60.0,""CardNumber"":""6024"",""HostIP"":"""",""RegistrationDatetime"":""2025-06-01T21:27:31.462-07:00"",""SequenceNumber"":""2025060121264606"",""Status"":""COMPLETED""},""TransactionDetail"":{""Amount"":60.0,""DispensedTotal"":60.0,""BillDenom_01"":1,""BillDenom_02"":5,""BillDenom_03"":10,""BillDenom_04"":20,""BillDenom_05"":50,""BillDenom_06"":100,""CoinDenom_01"":1,""CoinDenom_02"":5,""CoinDenom_03"":10,""CoinDenom_04"":25,""CoinDenom_05"":0,""CoinDenom_06"":0,""BillCount_01"":0,""BillCount_02"":0,""BillCount_03"":0,""BillCount_04"":3,""BillCount_05"":0,""BillCount_06"":0,""CoinCount_01"":0,""CoinCount_02"":0,""CoinCount_03"":0,""CoinCount_04"":0,""CoinCount_05"":0,""CoinCount_06"":0,""ManualPay"":0.0,""TransactionNumber"":0,""TransactionType"":""WDRAWTX""}}'",2025-06-01 21:27:31.462-07:00,2025060121264606,60.0,60.0,COMPLETED,3036,6024,nan,WDRAWTX,ATM
"___21:29:05 403002 ATM.     'Posting Transaction Result  0:{""type"":""ATM"",""accountType"":""CHEKAC"",""seqNumber"":""2025060121282606"",""Authorization"":{""AuthNumber"":""3037"",""ErrorCode"":""0"",""ErrorDescription"":""0"",""Fee"":4.95,""OrderId"":""3037"",""RegisterTime"":""2025-06-01T21:29:05.187-07:00"",""TransactionNumber"":2025060121282606},""Operation"":{""Amount"":100.0,""BillDespensed"":100.0,""CardNumber"":""0468"",""HostIP"":"""",""RegistrationDatetime"":""2025-06-01T21:29:05.187-07:00"",""SequenceNumber"":""2025060121282606"",""Status"":""COMPLETED""},""TransactionDetail"":{""Amount"":100.0,""DispensedTotal"":100.0,""BillDenom_01"":1,""BillDenom_02"":5,""BillDenom_03"":10,""BillDenom_04"":20,""BillDenom_05"":50,""BillDenom_06"":100,""CoinDenom_01"":1,""CoinDenom_02"":5,""CoinDenom_03"":10,""CoinDenom_04"":25,""CoinDenom_05"":0,""CoinDenom_06"":0,""BillCount_01"":0,""BillCount_02"":0,""BillCount_03"":0,""BillCount_04"":0,""BillCount_05"":0,""BillCount_06"":1,""CoinCount_01"":0,""CoinCount_02"":0,""CoinCount_03"":0,""CoinCount_04"":0,""CoinCount_05"":0,""CoinCount_06"":0,""ManualPay"":0.0,""TransactionNumber"":0,""TransactionType"":""WDRAWTX""}}'",2025-06-01 21:29:05.187-07:00,2025060121282606,100.0,100.0,COMPLETED,3037,0468,nan,WDRAWTX,ATM
"___21:32:42 403002 ATM.     'Posting Transaction Result  0:{""type"":""ATM"",""accountType"":""CHEKAC"",""seqNumber"":""2025060121320106"",""Authorization"":{""AuthNumber"":""3038"",""ErrorCode"":""0"",""ErrorDescription"":""0"",""Fee"":4.95,""OrderId"":""3038"",""RegisterTime"":""2025-06-01T21:32:42.628-07:00"",""TransactionNumber"":2025060121320106},""Operation"":{""Amount"":100.0,""BillDespensed"":100.0,""CardNumber"":""4055"",""HostIP"":"""",""RegistrationDatetime"":""2025-06-01T21:32:42.628-07:00"",""SequenceNumber"":""2025060121320106"",""Status"":""COMPLETED""},""TransactionDetail"":{""Amount"":100.0,""DispensedTotal"":100.0,""BillDenom_01"":1,""BillDenom_02"":5,""BillDenom_03"":10,""BillDenom_04"":20,""BillDenom_05"":50,""BillDenom_06"":100,""CoinDenom_01"":1,""CoinDenom_02"":5,""CoinDenom_03"":10,""CoinDenom_04"":25,""CoinDenom_05"":0,""CoinDenom_06"":0,""BillCount_01"":0,""BillCount_02"":0,""BillCount_03"":0,""BillCount_04"":0,""BillCount_05"":0,""BillCount_06"":1,""CoinCount_01"":0,""CoinCount_02"":0,""CoinCount_03"":0,""CoinCount_04"":0,""CoinCount_05"":0,""CoinCount_06"":0,""ManualPay"":0.0,""TransactionNumber"":0,""TransactionType"":""WDRAWTX""}}'",2025-06-01 21:32:42.628-07:00,2025060121320106,100.0,100.0,COMPLETED,3038,4055,nan,WDRAWTX,ATM
"___21:44:53 403002 ATM.     'Posting Transaction Result  0:{""type"":""ATM"",""accountType"":""CHEKAC"",""seqNumber"":""2025060121443606"",""Authorization"":{""ErrorCode"":""0"",""ErrorDescription"":""0"",""Fee"":0.0,""RegisterTime"":""2025-06-01T21:44:53.550-07:00"",""TransactionNumber"":2025060121443606},""Operation"":{""Amount"":500.0,""BillDespensed"":0.0,""CardNumber"":""2004"",""HostIP"":"""",""RegistrationDatetime"":""2025-06-01T21:44:53.550-07:00"",""SequenceNumber"":""2025060121443606"",""Status"":""DENIED""},""TransactionDetail"":{""Amount"":500.0,""DispensedTotal"":0.0,""BillDenom_01"":1,""BillDenom_02"":5,""BillDenom_03"":10,""BillDenom_04"":20,""BillDenom_05"":50,""BillDenom_06"":100,""CoinDenom_01"":1,""CoinDenom_02"":5,""CoinDenom_03"":10,""CoinDenom_04"":25,""CoinDenom_05"":0,""CoinDenom_06"":0,""BillCount_01"":0,""BillCount_02"":0,""BillCount_03"":0,""BillCount_04"":0,""BillCount_05"":0,""BillCount_06"":0,""CoinCount_01"":0,""CoinCount_02"":0,""CoinCount_03"":0,""CoinCount_04"":0,""CoinCount_05"":0,""CoinCount_06"":0,""ManualPay"":0.0,""TransactionNumber"":0,""TransactionType"":""WDRAWTX""}}'",2025-06-01 21:44:53.550-07:00,2025060121443606,500.0,0.0,DENIED,nan,2004,nan,WDRAWTX,ATM
"___21:54:20 403002 ATM.     'Posting Transaction Result  0:{""type"":""ATM"",""accountType"":""CHEKAC"",""seqNumber"":""2025060121540206"",""Authorization"":{""ErrorCode"":""0"",""ErrorDescription"":""0"",""Fee"":0.0,""RegisterTime"":""2025-06-01T21:54:20.647-07:00"",""TransactionNumber"":2025060121540206},""Operation"":{""Amount"":500.0,""BillDespensed"":0.0,""CardNumber"":""8188"",""HostIP"":"""",""RegistrationDatetime"":""2025-06-01T21:54:20.647-07:00"",""SequenceNumber"":""2025060121540206"",""Status"":""DENIED""},""TransactionDetail"":{""Amount"":500.0,""DispensedTotal"":0.0,""BillDenom_01"":1,""BillDenom_02"":5,""BillDenom_03"":10,""BillDenom_04"":20,""BillDenom_05"":50,""BillDenom_06"":100,""CoinDenom_01"":1,""CoinDenom_02"":5,""CoinDenom_03"":10,""CoinDenom_04"":25,""CoinDenom_05"":0,""CoinDenom_06"":0,""BillCount_01"":0,""BillCount_02"":0,""BillCount_03"":0,""BillCount_04"":0,""BillCount_05"":0,""BillCount_06"":0,""CoinCount_01"":0,""CoinCount_02"":0,""CoinCount_03"":0,""CoinCount_04"":0,""CoinCount_05"":0,""CoinCount_06"":0,""ManualPay"":0.0,""TransactionNumber"":0,""TransactionType"":""WDRAWTX""}}'",2025-06-01 21:54:20.647-07:00,2025060121540206,500.0,0.0,DENIED,nan,8188,nan,WDRAWTX,ATM
"___21:57:26 403002 ATM.     'Posting Transaction Result  0:{""type"":""ATM"",""accountType"":""CHEKAC"",""seqNumber"":""2025060121571006"",""Authorization"":{""ErrorCode"":""0"",""ErrorDescription"":""0"",""Fee"":0.0,""RegisterTime"":""2025-06-01T21:57:26.247-07:00"",""TransactionNumber"":2025060121571006},""Operation"":{""Amount"":500.0,""BillDespensed"":0.0,""CardNumber"":""8188"",""HostIP"":"""",""RegistrationDatetime"":""2025-06-01T21:57:26.247-07:00"",""SequenceNumber"":""2025060121571006"",""Status"":""DENIED""},""TransactionDetail"":{""Amount"":500.0,""DispensedTotal"":0.0,""BillDenom_01"":1,""BillDenom_02"":5,""BillDenom_03"":10,""BillDenom_04"":20,""BillDenom_05"":50,""BillDenom_06"":100,""CoinDenom_01"":1,""CoinDenom_02"":5,""CoinDenom_03"":10,""CoinDenom_04"":25,""CoinDenom_05"":0,""CoinDenom_06"":0,""BillCount_01"":0,""BillCount_02"":0,""BillCount_03"":0,""BillCount_04"":0,""BillCount_05"":0,""BillCount_06"":0,""CoinCount_01"":0,""CoinCount_02"":0,""CoinCount_03"":0,""CoinCount_04"":0,""CoinCount_05"":0,""CoinCount_06"":0,""ManualPay"":0.0,""TransactionNumber"":0,""TransactionType"":""WDRAWTX""}}'",2025-06-01 21:57:26.247-07:00,2025060121571006,500.0,0.0,DENIED,nan,8188,nan,WDRAWTX,ATM
"___22:01:48 403002 ATM.     'Posting Transaction Result  0:{""type"":""ATM"",""accountType"":""CHEKAC"",""seqNumber"":""2025060122010706"",""Authorization"":{""AuthNumber"":""3043"",""ErrorCode"":""0"",""ErrorDescription"":""0"",""Fee"":4.95,""OrderId"":""3043"",""RegisterTime"":""2025-06-01T22:01:48.225-07:00"",""TransactionNumber"":2025060122010706},""Operation"":{""Amount"":200.0,""BillDespensed"":200.0,""CardNumber"":""8154"",""HostIP"":"""",""RegistrationDatetime"":""2025-06-01T22:01:48.225-07:00"",""SequenceNumber"":""2025060122010706"",""Status"":""COMPLETED""},""TransactionDetail"":{""Amount"":200.0,""DispensedTotal"":200.0,""BillDenom_01"":1,""BillDenom_02"":5,""BillDenom_03"":10,""BillDenom_04"":20,""BillDenom_05"":50,""BillDenom_06"":100,""CoinDenom_01"":1,""CoinDenom_02"":5,""CoinDenom_03"":10,""CoinDenom_04"":25,""CoinDenom_05"":0,""CoinDenom_06"":0,""BillCount_01"":0,""BillCount_02"":0,""BillCount_03"":0,""BillCount_04"":0,""BillCount_05"":0,""BillCount_06"":2,""CoinCount_01"":0,""CoinCount_02"":0,""CoinCount_03"":0,""CoinCount_04"":0,""CoinCount_05"":0,""CoinCount_06"":0,""ManualPay"":0.0,""TransactionNumber"":0,""TransactionType"":""WDRAWTX""}}'",2025-06-01 22:01:48.225-07:00,2025060122010706,200.0,200.0,COMPLETED,3043,8154,nan,WDRAWTX,ATM
"___22:03:35 403002 ATM.     'Posting Transaction Result  0:{""type"":""ATM"",""accountType"":""CHEKAC"",""seqNumber"":""2025060122030206"",""Authorization"":{""AuthNumber"":""3044"",""ErrorCode"":""0"",""ErrorDescription"":""0"",""Fee"":4.95,""OrderId"":""3044"",""RegisterTime"":""2025-06-01T22:03:35.957-07:00"",""TransactionNumber"":2025060122030206},""Operation"":{""Amount"":100.0,""BillDespensed"":100.0,""CardNumber"":""3255"",""HostIP"":"""",""RegistrationDatetime"":""2025-06-01T22:03:35.957-07:00"",""SequenceNumber"":""2025060122030206"",""Status"":""COMPLETED""},""TransactionDetail"":{""Amount"":100.0,""DispensedTotal"":100.0,""BillDenom_01"":1,""BillDenom_02"":5,""BillDenom_03"":10,""BillDenom_04"":20,""BillDenom_05"":50,""BillDenom_06"":100,""CoinDenom_01"":1,""CoinDenom_02"":5,""CoinDenom_03"":10,""CoinDenom_04"":25,""CoinDenom_05"":0,""CoinDenom_06"":0,""BillCount_01"":0,""BillCount_02"":0,""BillCount_03"":0,""BillCount_04"":0,""BillCount_05"":0,""BillCount_06"":1,""CoinCount_01"":0,""CoinCount_02"":0,""CoinCount_03"":0,""CoinCount_04"":0,""CoinCount_05"":0,""CoinCount_06"":0,""ManualPay"":0.0,""TransactionNumber"":0,""TransactionType"":""WDRAWTX""}}'",2025-06-01 22:03:35.957-07:00,2025060122030206,100.0,100.0,COMPLETED,3044,3255,nan,WDRAWTX,ATM
"___22:30:26 403002 ATM.     'Posting Transaction Result  0:{""type"":""ATM"",""accountType"":""CHEKAC"",""seqNumber"":""2025060122294806"",""Authorization"":{""AuthNumber"":""3045"",""ErrorCode"":""0"",""ErrorDescription"":""0"",""Fee"":4.95,""OrderId"":""3045"",""RegisterTime"":""2025-06-01T22:30:26.910-07:00"",""TransactionNumber"":2025060122294806},""Operation"":{""Amount"":60.0,""BillDespensed"":60.0,""CardNumber"":""9611"",""HostIP"":"""",""RegistrationDatetime"":""2025-06-01T22:30:26.910-07:00"",""SequenceNumber"":""2025060122294806"",""Status"":""COMPLETED""},""TransactionDetail"":{""Amount"":60.0,""DispensedTotal"":60.0,""BillDenom_01"":1,""BillDenom_02"":5,""BillDenom_03"":10,""BillDenom_04"":20,""BillDenom_05"":50,""BillDenom_06"":100,""CoinDenom_01"":1,""CoinDenom_02"":5,""CoinDenom_03"":10,""CoinDenom_04"":25,""CoinDenom_05"":0,""CoinDenom_06"":0,""BillCount_01"":0,""BillCount_02"":0,""BillCount_03"":0,""BillCount_04"":3,""BillCount_05"":0,""BillCount_06"":0,""CoinCount_01"":0,""CoinCount_02"":0,""CoinCount_03"":0,""CoinCount_04"":0,""CoinCount_05"":0,""CoinCount_06"":0,""ManualPay"":0.0,""TransactionNumber"":0,""TransactionType"":""WDRAWTX""}}'",2025-06-01 22:30:26.910-07:00,2025060122294806,60.0,60.0,COMPLETED,3045,9611,nan,WDRAWTX,ATM
"___22:34:47 403002 ATM.     'Posting Transaction Result  0:{""type"":""ATM"",""accountType"":""CHEKAC"",""seqNumber"":""2025060122342506"",""Authorization"":{""ErrorCode"":""0"",""ErrorDescription"":""0"",""Fee"":0.0,""RegisterTime"":""2025-06-01T22:34:47.129-07:00"",""TransactionNumber"":2025060122342506},""Operation"":{""Amount"":140.0,""BillDespensed"":0.0,""CardNumber"":""5563"",""HostIP"":"""",""RegistrationDatetime"":""2025-06-01T22:34:47.129-07:00"",""SequenceNumber"":""2025060122342506"",""Status"":""DENIED""},""TransactionDetail"":{""Amount"":140.0,""DispensedTotal"":0.0,""BillDenom_01"":1,""BillDenom_02"":5,""BillDenom_03"":10,""BillDenom_04"":20,""BillDenom_05"":50,""BillDenom_06"":100,""CoinDenom_01"":1,""CoinDenom_02"":5,""CoinDenom_03"":10,""CoinDenom_04"":25,""CoinDenom_05"":0,""CoinDenom_06"":0,""BillCount_01"":0,""BillCount_02"":0,""BillCount_03"":0,""BillCount_04"":0,""BillCount_05"":0,""BillCount_06"":0,""CoinCount_01"":0,""CoinCount_02"":0,""CoinCount_03"":0,""CoinCount_04"":0,""CoinCount_05"":0,""CoinCount_06"":0,""ManualPay"":0.0,""TransactionNumber"":0,""TransactionType"":""WDRAWTX""}}'",2025-06-01 22:34:47.129-07:00,2025060122342506,140.0,0.0,DENIED,nan,5563,nan,WDRAWTX,ATM
"___22:36:10 403002 ATM.     'Posting Transaction Result  0:{""type"":""ATM"",""accountType"":""CHEKAC"",""seqNumber"":""2025060122355206"",""Authorization"":{""ErrorCode"":""0"",""ErrorDescription"":""0"",""Fee"":0.0,""RegisterTime"":""2025-06-01T22:36:10.373-07:00"",""TransactionNumber"":2025060122355206},""Operation"":{""Amount"":140.0,""BillDespensed"":0.0,""CardNumber"":""5563"",""HostIP"":"""",""RegistrationDatetime"":""2025-06-01T22:36:10.373-07:00"",""SequenceNumber"":""2025060122355206"",""Status"":""DENIED""},""TransactionDetail"":{""Amount"":140.0,""DispensedTotal"":0.0,""BillDenom_01"":1,""BillDenom_02"":5,""BillDenom_03"":10,""BillDenom_04"":20,""BillDenom_05"":50,""BillDenom_06"":100,""CoinDenom_01"":1,""CoinDenom_02"":5,""CoinDenom_03"":10,""CoinDenom_04"":25,""CoinDenom_05"":0,""CoinDenom_06"":0,""BillCount_01"":0,""BillCount_02"":0,""BillCount_03"":0,""BillCount_04"":0,""BillCount_05"":0,""BillCount_06"":0,""CoinCount_01"":0,""CoinCount_02"":0,""CoinCount_03"":0,""CoinCount_04"":0,""CoinCount_05"":0,""CoinCount_06"":0,""ManualPay"":0.0,""TransactionNumber"":0,""TransactionType"":""WDRAWTX""}}'",2025-06-01 22:36:10.373-07:00,2025060122355206,140.0,0.0,DENIED,nan,5563,nan,WDRAWTX,ATM
"___22:37:50 403002 ATM.     'Posting Transaction Result  0:{""type"":""ATM"",""accountType"":""CHEKAC"",""seqNumber"":""2025060122371706"",""Authorization"":{""AuthNumber"":""3048"",""ErrorCode"":""0"",""ErrorDescription"":""0"",""Fee"":4.95,""OrderId"":""3048"",""RegisterTime"":""2025-06-01T22:37:50.588-07:00"",""TransactionNumber"":2025060122371706},""Operation"":{""Amount"":140.0,""BillDespensed"":140.0,""CardNumber"":""2670"",""HostIP"":"""",""RegistrationDatetime"":""2025-06-01T22:37:50.588-07:00"",""SequenceNumber"":""2025060122371706"",""Status"":""COMPLETED""},""TransactionDetail"":{""Amount"":140.0,""DispensedTotal"":140.0,""BillDenom_01"":1,""BillDenom_02"":5,""BillDenom_03"":10,""BillDenom_04"":20,""BillDenom_05"":50,""BillDenom_06"":100,""CoinDenom_01"":1,""CoinDenom_02"":5,""CoinDenom_03"":10,""CoinDenom_04"":25,""CoinDenom_05"":0,""CoinDenom_06"":0,""BillCount_01"":0,""BillCount_02"":0,""BillCount_03"":0,""BillCount_04"":2,""BillCount_05"":0,""BillCount_06"":1,""CoinCount_01"":0,""CoinCount_02"":0,""CoinCount_03"":0,""CoinCount_04"":0,""CoinCount_05"":0,""CoinCount_06"":0,""ManualPay"":0.0,""TransactionNumber"":0,""TransactionType"":""WDRAWTX""}}'",2025-06-01 22:37:50.588-07:00,2025060122371706,140.0,140.0,COMPLETED,3048,2670,nan,WDRAWTX,ATM
"___22:40:19 403002 ATM.     'Posting Transaction Result  0:{""type"":""ATM"",""accountType"":""CHEKAC"",""seqNumber"":""2025060122393706"",""Authorization"":{""AuthNumber"":""3049"",""ErrorCode"":""0"",""ErrorDescription"":""0"",""Fee"":4.95,""OrderId"":""3049"",""RegisterTime"":""2025-06-01T22:40:19.554-07:00"",""TransactionNumber"":2025060122393706},""Operation"":{""Amount"":500.0,""BillDespensed"":500.0,""CardNumber"":""6470"",""HostIP"":"""",""RegistrationDatetime"":""2025-06-01T22:40:19.554-07:00"",""SequenceNumber"":""2025060122393706"",""Status"":""COMPLETED""},""TransactionDetail"":{""Amount"":500.0,""DispensedTotal"":500.0,""BillDenom_01"":1,""BillDenom_02"":5,""BillDenom_03"":10,""BillDenom_04"":20,""BillDenom_05"":50,""BillDenom_06"":100,""CoinDenom_01"":1,""CoinDenom_02"":5,""CoinDenom_03"":10,""CoinDenom_04"":25,""CoinDenom_05"":0,""CoinDenom_06"":0,""BillCount_01"":0,""BillCount_02"":0,""BillCount_03"":0,""BillCount_04"":0,""BillCount_05"":0,""BillCount_06"":5,""CoinCount_01"":0,""CoinCount_02"":0,""CoinCount_03"":0,""CoinCount_04"":0,""CoinCount_05"":0,""CoinCount_06"":0,""ManualPay"":0.0,""TransactionNumber"":0,""TransactionType"":""WDRAWTX""}}'",2025-06-01 22:40:19.554-07:00,2025060122393706,500.0,500.0,COMPLETED,3049,6470,nan,WDRAWTX,ATM
"___22:46:18 403002 ATM.     'Posting Transaction Result  0:{""type"":""ATM"",""accountType"":""CHEKAC"",""seqNumber"":""2025060122454406"",""Authorization"":{""AuthNumber"":""3050"",""ErrorCode"":""0"",""ErrorDescription"":""0"",""Fee"":4.95,""OrderId"":""3050"",""RegisterTime"":""2025-06-01T22:46:18.551-07:00"",""TransactionNumber"":2025060122454406},""Operation"":{""Amount"":100.0,""BillDespensed"":100.0,""CardNumber"":""2050"",""HostIP"":"""",""RegistrationDatetime"":""2025-06-01T22:46:18.551-07:00"",""SequenceNumber"":""2025060122454406"",""Status"":""COMPLETED""},""TransactionDetail"":{""Amount"":100.0,""DispensedTotal"":100.0,""BillDenom_01"":1,""BillDenom_02"":5,""BillDenom_03"":10,""BillDenom_04"":20,""BillDenom_05"":50,""BillDenom_06"":100,""CoinDenom_01"":1,""CoinDenom_02"":5,""CoinDenom_03"":10,""CoinDenom_04"":25,""CoinDenom_05"":0,""CoinDenom_06"":0,""BillCount_01"":0,""BillCount_02"":0,""BillCount_03"":0,""BillCount_04"":0,""BillCount_05"":0,""BillCount_06"":1,""CoinCount_01"":0,""CoinCount_02"":0,""CoinCount_03"":0,""CoinCount_04"":0,""CoinCount_05"":0,""CoinCount_06"":0,""ManualPay"":0.0,""TransactionNumber"":0,""TransactionType"":""WDRAWTX""}}'",2025-06-01 22:46:18.551-07:00,2025060122454406,100.0,100.0,COMPLETED,3050,2050,nan,WDRAWTX,ATM
"___22:55:25 403002 ATM.     'Posting Transaction Result  0:{""type"":""ATM"",""accountType"":""CHEKAC"",""seqNumber"":""2025060122551406"",""Authorization"":{""ErrorCode"":""0"",""ErrorDescription"":""0"",""Fee"":0.0,""RegisterTime"":""2025-06-01T22:55:25.752-07:00"",""TransactionNumber"":2025060122551406},""Operation"":{""Amount"":1000.0,""BillDespensed"":0.0,""CardNumber"":""0783"",""HostIP"":"""",""RegistrationDatetime"":""2025-06-01T22:55:25.752-07:00"",""SequenceNumber"":""2025060122551406"",""Status"":""DENIED""},""TransactionDetail"":{""Amount"":1000.0,""DispensedTotal"":0.0,""BillDenom_01"":1,""BillDenom_02"":5,""BillDenom_03"":10,""BillDenom_04"":20,""BillDenom_05"":50,""BillDenom_06"":100,""CoinDenom_01"":1,""CoinDenom_02"":5,""CoinDenom_03"":10,""CoinDenom_04"":25,""CoinDenom_05"":0,""CoinDenom_06"":0,""BillCount_01"":0,""BillCount_02"":0,""BillCount_03"":0,""BillCount_04"":0,""BillCount_05"":0,""BillCount_06"":0,""CoinCount_01"":0,""CoinCount_02"":0,""CoinCount_03"":0,""CoinCount_04"":0,""CoinCount_05"":0,""CoinCount_06"":0,""ManualPay"":0.0,""TransactionNumber"":0,""TransactionType"":""WDRAWTX""}}'",2025-06-01 22:55:25.752-07:00,2025060122551406,1000.0,0.0,DENIED,nan,0783,nan,WDRAWTX,ATM
"___22:56:25 403002 ATM.     'Posting Transaction Result  0:{""type"":""ATM"",""accountType"":""CHEKAC"",""seqNumber"":""2025060122561106"",""Authorization"":{""ErrorCode"":""0"",""ErrorDescription"":""0"",""Fee"":0.0,""RegisterTime"":""2025-06-01T22:56:24.941-07:00"",""TransactionNumber"":2025060122561106},""Operation"":{""Amount"":60.0,""BillDespensed"":0.0,""CardNumber"":""0783"",""HostIP"":"""",""RegistrationDatetime"":""2025-06-01T22:56:24.941-07:00"",""SequenceNumber"":""2025060122561106"",""Status"":""DENIED""},""TransactionDetail"":{""Amount"":60.0,""DispensedTotal"":0.0,""BillDenom_01"":1,""BillDenom_02"":5,""BillDenom_03"":10,""BillDenom_04"":20,""BillDenom_05"":50,""BillDenom_06"":100,""CoinDenom_01"":1,""CoinDenom_02"":5,""CoinDenom_03"":10,""CoinDenom_04"":25,""CoinDenom_05"":0,""CoinDenom_06"":0,""BillCount_01"":0,""BillCount_02"":0,""BillCount_03"":0,""BillCount_04"":0,""BillCount_05"":0,""BillCount_06"":0,""CoinCount_01"":0,""CoinCount_02"":0,""CoinCount_03"":0,""CoinCount_04"":0,""CoinCount_05"":0,""CoinCount_06"":0,""ManualPay"":0.0,""TransactionNumber"":0,""TransactionType"":""WDRAWTX""}}'",2025-06-01 22:56:24.941-07:00,2025060122561106,60.0,0.0,DENIED,nan,0783,nan,WDRAWTX,ATM
"___22:57:59 403002 ATM.     'Posting Transaction Result  0:{""type"":""ATM"",""accountType"":""CHEKAC"",""seqNumber"":""2025060122572206"",""Authorization"":{""AuthNumber"":""3053"",""ErrorCode"":""0"",""ErrorDescription"":""0"",""Fee"":4.95,""OrderId"":""3053"",""RegisterTime"":""2025-06-01T22:57:59.830-07:00"",""TransactionNumber"":2025060122572206},""Operation"":{""Amount"":400.0,""BillDespensed"":400.0,""CardNumber"":""9516"",""HostIP"":"""",""RegistrationDatetime"":""2025-06-01T22:57:59.830-07:00"",""SequenceNumber"":""2025060122572206"",""Status"":""COMPLETED""},""TransactionDetail"":{""Amount"":400.0,""DispensedTotal"":400.0,""BillDenom_01"":1,""BillDenom_02"":5,""BillDenom_03"":10,""BillDenom_04"":20,""BillDenom_05"":50,""BillDenom_06"":100,""CoinDenom_01"":1,""CoinDenom_02"":5,""CoinDenom_03"":10,""CoinDenom_04"":25,""CoinDenom_05"":0,""CoinDenom_06"":0,""BillCount_01"":0,""BillCount_02"":0,""BillCount_03"":0,""BillCount_04"":0,""BillCount_05"":0,""BillCount_06"":4,""CoinCount_01"":0,""CoinCount_02"":0,""CoinCount_03"":0,""CoinCount_04"":0,""CoinCount_05"":0,""CoinCount_06"":0,""ManualPay"":0.0,""TransactionNumber"":0,""TransactionType"":""WDRAWTX""}}'",2025-06-01 22:57:59.830-07:00,2025060122572206,400.0,400.0,COMPLETED,3053,9516,nan,WDRAWTX,ATM
"___22:59:19 403002 ATM.     'Posting Transaction Result  0:{""type"":""ATM"",""accountType"":""CHEKAC"",""seqNumber"":""2025060122585606"",""Authorization"":{""ErrorCode"":""0"",""ErrorDescription"":""0"",""Fee"":0.0,""RegisterTime"":""2025-06-01T22:59:18.734-07:00"",""TransactionNumber"":2025060122585606},""Operation"":{""Amount"":100.0,""BillDespensed"":0.0,""CardNumber"":""8446"",""HostIP"":"""",""RegistrationDatetime"":""2025-06-01T22:59:18.734-07:00"",""SequenceNumber"":""2025060122585606"",""Status"":""DENIED""},""TransactionDetail"":{""Amount"":100.0,""DispensedTotal"":0.0,""BillDenom_01"":1,""BillDenom_02"":5,""BillDenom_03"":10,""BillDenom_04"":20,""BillDenom_05"":50,""BillDenom_06"":100,""CoinDenom_01"":1,""CoinDenom_02"":5,""CoinDenom_03"":10,""CoinDenom_04"":25,""CoinDenom_05"":0,""CoinDenom_06"":0,""BillCount_01"":0,""BillCount_02"":0,""BillCount_03"":0,""BillCount_04"":0,""BillCount_05"":0,""BillCount_06"":0,""CoinCount_01"":0,""CoinCount_02"":0,""CoinCount_03"":0,""CoinCount_04"":0,""CoinCount_05"":0,""CoinCount_06"":0,""ManualPay"":0.0,""TransactionNumber"":0,""TransactionType"":""WDRAWTX""}}'",2025-06-01 22:59:18.734-07:00,2025060122585606,100.0,0.0,DENIED,nan,8446,nan,WDRAWTX,ATM
"___23:09:31 403002 ATM.     'Posting Transaction Result  0:{""type"":""ATM"",""accountType"":""CHEKAC"",""seqNumber"":""2025060123085906"",""Authorization"":{""AuthNumber"":""3055"",""ErrorCode"":""0"",""ErrorDescription"":""0"",""Fee"":4.95,""OrderId"":""3055"",""RegisterTime"":""2025-06-01T23:09:31.170-07:00"",""TransactionNumber"":2025060123085906},""Operation"":{""Amount"":200.0,""BillDespensed"":200.0,""CardNumber"":""1222"",""HostIP"":"""",""RegistrationDatetime"":""2025-06-01T23:09:31.170-07:00"",""SequenceNumber"":""2025060123085906"",""Status"":""COMPLETED""},""TransactionDetail"":{""Amount"":200.0,""DispensedTotal"":200.0,""BillDenom_01"":1,""BillDenom_02"":5,""BillDenom_03"":10,""BillDenom_04"":20,""BillDenom_05"":50,""BillDenom_06"":100,""CoinDenom_01"":1,""CoinDenom_02"":5,""CoinDenom_03"":10,""CoinDenom_04"":25,""CoinDenom_05"":0,""CoinDenom_06"":0,""BillCount_01"":0,""BillCount_02"":0,""BillCount_03"":0,""BillCount_04"":0,""BillCount_05"":0,""BillCount_06"":2,""CoinCount_01"":0,""CoinCount_02"":0,""CoinCount_03"":0,""CoinCount_04"":0,""CoinCount_05"":0,""CoinCount_06"":0,""ManualPay"":0.0,""TransactionNumber"":0,""TransactionType"":""WDRAWTX""}}'",2025-06-01 23:09:31.170-07:00,2025060123085906,200.0,200.0,COMPLETED,3055,1222,nan,WDRAWTX,ATM
"___23:11:25 403002 ATM.     'Posting Transaction Result  0:{""type"":""ATM"",""accountType"":""CHEKAC"",""seqNumber"":""2025060123104706"",""Authorization"":{""AuthNumber"":""3056"",""ErrorCode"":""0"",""ErrorDescription"":""0"",""Fee"":4.95,""OrderId"":""3056"",""RegisterTime"":""2025-06-01T23:11:24.959-07:00"",""TransactionNumber"":2025060123104706},""Operation"":{""Amount"":100.0,""BillDespensed"":100.0,""CardNumber"":""1580"",""HostIP"":"""",""RegistrationDatetime"":""2025-06-01T23:11:24.959-07:00"",""SequenceNumber"":""2025060123104706"",""Status"":""COMPLETED""},""TransactionDetail"":{""Amount"":100.0,""DispensedTotal"":100.0,""BillDenom_01"":1,""BillDenom_02"":5,""BillDenom_03"":10,""BillDenom_04"":20,""BillDenom_05"":50,""BillDenom_06"":100,""CoinDenom_01"":1,""CoinDenom_02"":5,""CoinDenom_03"":10,""CoinDenom_04"":25,""CoinDenom_05"":0,""CoinDenom_06"":0,""BillCount_01"":0,""BillCount_02"":0,""BillCount_03"":0,""BillCount_04"":0,""BillCount_05"":0,""BillCount_06"":1,""CoinCount_01"":0,""CoinCount_02"":0,""CoinCount_03"":0,""CoinCount_04"":0,""CoinCount_05"":0,""CoinCount_06"":0,""ManualPay"":0.0,""TransactionNumber"":0,""TransactionType"":""WDRAWTX""}}'",2025-06-01 23:11:24.959-07:00,2025060123104706,100.0,100.0,COMPLETED,3056,1580,nan,WDRAWTX,ATM
"___23:21:23 403002 ATM.     'Posting Transaction Result  0:{""type"":""ATM"",""accountType"":""CHEKAC"",""seqNumber"":""2025060123200706"",""Authorization"":{""AuthNumber"":""3057"",""ErrorCode"":""0"",""ErrorDescription"":""0"",""Fee"":4.95,""OrderId"":""3057"",""RegisterTime"":""2025-06-01T23:21:22.123-07:00"",""TransactionNumber"":2025060123200706},""Operation"":{""Amount"":500.0,""BillDespensed"":500.0,""CardNumber"":""9387"",""HostIP"":"""",""RegistrationDatetime"":""2025-06-01T23:21:22.123-07:00"",""SequenceNumber"":""2025060123200706"",""Status"":""COMPLETED""},""TransactionDetail"":{""Amount"":500.0,""DispensedTotal"":500.0,""BillDenom_01"":1,""BillDenom_02"":5,""BillDenom_03"":10,""BillDenom_04"":20,""BillDenom_05"":50,""BillDenom_06"":100,""CoinDenom_01"":1,""CoinDenom_02"":5,""CoinDenom_03"":10,""CoinDenom_04"":25,""CoinDenom_05"":0,""CoinDenom_06"":0,""BillCount_01"":0,""BillCount_02"":0,""BillCount_03"":0,""BillCount_04"":0,""BillCount_05"":0,""BillCount_06"":5,""CoinCount_01"":0,""CoinCount_02"":0,""CoinCount_03"":0,""CoinCount_04"":0,""CoinCount_05"":0,""CoinCount_06"":0,""ManualPay"":0.0,""TransactionNumber"":0,""TransactionType"":""WDRAWTX""}}'",2025-06-01 23:21:22.123-07:00,2025060123200706,500.0,500.0,COMPLETED,3057,9387,nan,WDRAWTX,ATM
"___23:31:43 403002 ATM.     'Posting Transaction Result  0:{""type"":""ATM"",""accountType"":""CHEKAC"",""seqNumber"":""2025060123310506"",""Authorization"":{""AuthNumber"":""3059"",""ErrorCode"":""0"",""ErrorDescription"":""0"",""Fee"":4.95,""OrderId"":""3059"",""RegisterTime"":""2025-06-01T23:31:43.734-07:00"",""TransactionNumber"":2025060123310506},""Operation"":{""Amount"":40.0,""BillDespensed"":40.0,""CardNumber"":""9552"",""HostIP"":"""",""RegistrationDatetime"":""2025-06-01T23:31:43.734-07:00"",""SequenceNumber"":""2025060123310506"",""Status"":""COMPLETED""},""TransactionDetail"":{""Amount"":40.0,""DispensedTotal"":40.0,""BillDenom_01"":1,""BillDenom_02"":5,""BillDenom_03"":10,""BillDenom_04"":20,""BillDenom_05"":50,""BillDenom_06"":100,""CoinDenom_01"":1,""CoinDenom_02"":5,""CoinDenom_03"":10,""CoinDenom_04"":25,""CoinDenom_05"":0,""CoinDenom_06"":0,""BillCount_01"":0,""BillCount_02"":0,""BillCount_03"":0,""BillCount_04"":2,""BillCount_05"":0,""BillCount_06"":0,""CoinCount_01"":0,""CoinCount_02"":0,""CoinCount_03"":0,""CoinCount_04"":0,""CoinCount_05"":0,""CoinCount_06"":0,""ManualPay"":0.0,""TransactionNumber"":0,""TransactionType"":""WDRAWTX""}}'",2025-06-01 23:31:43.734-07:00,2025060123310506,40.0,40.0,COMPLETED,3059,9552,nan,WDRAWTX,ATM
"___23:43:26 403002 ATM.     'Posting Transaction Result  0:{""type"":""ATM"",""accountType"":""CHEKAC"",""seqNumber"":""2025060123425106"",""Authorization"":{""AuthNumber"":""3060"",""ErrorCode"":""0"",""ErrorDescription"":""0"",""Fee"":4.95,""OrderId"":""3060"",""RegisterTime"":""2025-06-01T23:43:26.278-07:00"",""TransactionNumber"":2025060123425106},""Operation"":{""Amount"":200.0,""BillDespensed"":200.0,""CardNumber"":""5005"",""HostIP"":"""",""RegistrationDatetime"":""2025-06-01T23:43:26.278-07:00"",""SequenceNumber"":""2025060123425106"",""Status"":""COMPLETED""},""TransactionDetail"":{""Amount"":200.0,""DispensedTotal"":200.0,""BillDenom_01"":1,""BillDenom_02"":5,""BillDenom_03"":10,""BillDenom_04"":20,""BillDenom_05"":50,""BillDenom_06"":100,""CoinDenom_01"":1,""CoinDenom_02"":5,""CoinDenom_03"":10,""CoinDenom_04"":25,""CoinDenom_05"":0,""CoinDenom_06"":0,""BillCount_01"":0,""BillCount_02"":0,""BillCount_03"":0,""BillCount_04"":0,""BillCount_05"":0,""BillCount_06"":2,""CoinCount_01"":0,""CoinCount_02"":0,""CoinCount_03"":0,""CoinCount_04"":0,""CoinCount_05"":0,""CoinCount_06"":0,""ManualPay"":0.0,""TransactionNumber"":0,""TransactionType"":""WDRAWTX""}}'",2025-06-01 23:43:26.278-07:00,2025060123425106,200.0,200.0,COMPLETED,3060,5005,nan,WDRAWTX,ATM
"___23:50:05 403002 ATM.     'Posting Transaction Result  0:{""type"":""ATM"",""accountType"":""CHEKAC"",""seqNumber"":""2025060123493106"",""Authorization"":{""AuthNumber"":""3061"",""ErrorCode"":""0"",""ErrorDescription"":""0"",""Fee"":4.95,""OrderId"":""3061"",""RegisterTime"":""2025-06-01T23:50:05.265-07:00"",""TransactionNumber"":2025060123493106},""Operation"":{""Amount"":20.0,""BillDespensed"":20.0,""CardNumber"":""3415"",""HostIP"":"""",""RegistrationDatetime"":""2025-06-01T23:50:05.265-07:00"",""SequenceNumber"":""2025060123493106"",""Status"":""COMPLETED""},""TransactionDetail"":{""Amount"":20.0,""DispensedTotal"":20.0,""BillDenom_01"":1,""BillDenom_02"":5,""BillDenom_03"":10,""BillDenom_04"":20,""BillDenom_05"":50,""BillDenom_06"":100,""CoinDenom_01"":1,""CoinDenom_02"":5,""CoinDenom_03"":10,""CoinDenom_04"":25,""CoinDenom_05"":0,""CoinDenom_06"":0,""BillCount_01"":0,""BillCount_02"":0,""BillCount_03"":0,""BillCount_04"":1,""BillCount_05"":0,""BillCount_06"":0,""CoinCount_01"":0,""CoinCount_02"":0,""CoinCount_03"":0,""CoinCount_04"":0,""CoinCount_05"":0,""CoinCount_06"":0,""ManualPay"":0.0,""TransactionNumber"":0,""TransactionType"":""WDRAWTX""}}'",2025-06-01 23:50:05.265-07:00,2025060123493106,20.0,20.0,COMPLETED,3061,3415,nan,WDRAWTX,ATM
"___00:07:30 403002 ATM.     'Posting Transaction Result  0:{""type"":""ATM"",""accountType"":""CHEKAC"",""seqNumber"":""2025060200065506"",""Authorization"":{""AuthNumber"":""3062"",""ErrorCode"":""0"",""ErrorDescription"":""0"",""Fee"":4.95,""OrderId"":""3062"",""RegisterTime"":""2025-06-02T00:07:30.883-07:00"",""TransactionNumber"":2025060200065506},""Operation"":{""Amount"":200.0,""BillDespensed"":200.0,""CardNumber"":""4610"",""HostIP"":"""",""RegistrationDatetime"":""2025-06-02T00:07:30.883-07:00"",""SequenceNumber"":""2025060200065506"",""Status"":""COMPLETED""},""TransactionDetail"":{""Amount"":200.0,""DispensedTotal"":200.0,""BillDenom_01"":1,""BillDenom_02"":5,""BillDenom_03"":10,""BillDenom_04"":20,""BillDenom_05"":50,""BillDenom_06"":100,""CoinDenom_01"":1,""CoinDenom_02"":5,""CoinDenom_03"":10,""CoinDenom_04"":25,""CoinDenom_05"":0,""CoinDenom_06"":0,""BillCount_01"":0,""BillCount_02"":0,""BillCount_03"":0,""BillCount_04"":0,""BillCount_05"":0,""BillCount_06"":2,""CoinCount_01"":0,""CoinCount_02"":0,""CoinCount_03"":0,""CoinCount_04"":0,""CoinCount_05"":0,""CoinCount_06"":0,""ManualPay"":0.0,""TransactionNumber"":0,""TransactionType"":""WDRAWTX""}}'",2025-06-02 00:07:30.883-07:00,2025060200065506,200.0,200.0,COMPLETED,3062,4610,nan,WDRAWTX,ATM
"___00:10:15 403002 ATM.     'Posting Transaction Result  0:{""type"":""ATM"",""accountType"":""CHEKAC"",""seqNumber"":""2025060200093006"",""Authorization"":{""AuthNumber"":""3063"",""ErrorCode"":""0"",""ErrorDescription"":""0"",""Fee"":4.95,""OrderId"":""3063"",""RegisterTime"":""2025-06-02T00:10:15.312-07:00"",""TransactionNumber"":2025060200093006},""Operation"":{""Amount"":500.0,""BillDespensed"":500.0,""CardNumber"":""5510"",""HostIP"":"""",""RegistrationDatetime"":""2025-06-02T00:10:15.312-07:00"",""SequenceNumber"":""2025060200093006"",""Status"":""COMPLETED""},""TransactionDetail"":{""Amount"":500.0,""DispensedTotal"":500.0,""BillDenom_01"":1,""BillDenom_02"":5,""BillDenom_03"":10,""BillDenom_04"":20,""BillDenom_05"":50,""BillDenom_06"":100,""CoinDenom_01"":1,""CoinDenom_02"":5,""CoinDenom_03"":10,""CoinDenom_04"":25,""CoinDenom_05"":0,""CoinDenom_06"":0,""BillCount_01"":0,""BillCount_02"":0,""BillCount_03"":0,""BillCount_04"":0,""BillCount_05"":0,""BillCount_06"":5,""CoinCount_01"":0,""CoinCount_02"":0,""CoinCount_03"":0,""CoinCount_04"":0,""CoinCount_05"":0,""CoinCount_06"":0,""ManualPay"":0.0,""TransactionNumber"":0,""TransactionType"":""WDRAWTX""}}'",2025-06-02 00:10:15.312-07:00,2025060200093006,500.0,500.0,COMPLETED,3063,5510,nan,WDRAWTX,ATM
"___00:15:54 403002 ATM.     'Posting Transaction Result  0:{""type"":""ATM"",""accountType"":""CHEKAC"",""seqNumber"":""2025060200153506"",""Authorization"":{""ErrorCode"":""0"",""ErrorDescription"":""0"",""Fee"":0.0,""RegisterTime"":""2025-06-02T00:15:54.788-07:00"",""TransactionNumber"":2025060200153506},""Operation"":{""Amount"":1000.0,""BillDespensed"":0.0,""CardNumber"":""4205"",""HostIP"":"""",""RegistrationDatetime"":""2025-06-02T00:15:54.788-07:00"",""SequenceNumber"":""2025060200153506"",""Status"":""DENIED""},""TransactionDetail"":{""Amount"":1000.0,""DispensedTotal"":0.0,""BillDenom_01"":1,""BillDenom_02"":5,""BillDenom_03"":10,""BillDenom_04"":20,""BillDenom_05"":50,""BillDenom_06"":100,""CoinDenom_01"":1,""CoinDenom_02"":5,""CoinDenom_03"":10,""CoinDenom_04"":25,""CoinDenom_05"":0,""CoinDenom_06"":0,""BillCount_01"":0,""BillCount_02"":0,""BillCount_03"":0,""BillCount_04"":0,""BillCount_05"":0,""BillCount_06"":0,""CoinCount_01"":0,""CoinCount_02"":0,""CoinCount_03"":0,""CoinCount_04"":0,""CoinCount_05"":0,""CoinCount_06"":0,""ManualPay"":0.0,""TransactionNumber"":0,""TransactionType"":""WDRAWTX""}}'",2025-06-02 00:15:54.788-07:00,2025060200153506,1000.0,0.0,DENIED,nan,4205,nan,WDRAWTX,ATM
"___00:17:16 403002 ATM.     'Posting Transaction Result  0:{""type"":""ATM"",""accountType"":""CHEKAC"",""seqNumber"":""2025060200164206"",""Authorization"":{""AuthNumber"":""3065"",""ErrorCode"":""0"",""ErrorDescription"":""0"",""Fee"":4.95,""OrderId"":""3065"",""RegisterTime"":""2025-06-02T00:17:16.438-07:00"",""TransactionNumber"":2025060200164206},""Operation"":{""Amount"":500.0,""BillDespensed"":500.0,""CardNumber"":""4205"",""HostIP"":"""",""RegistrationDatetime"":""2025-06-02T00:17:16.438-07:00"",""SequenceNumber"":""2025060200164206"",""Status"":""COMPLETED""},""TransactionDetail"":{""Amount"":500.0,""DispensedTotal"":500.0,""BillDenom_01"":1,""BillDenom_02"":5,""BillDenom_03"":10,""BillDenom_04"":20,""BillDenom_05"":50,""BillDenom_06"":100,""CoinDenom_01"":1,""CoinDenom_02"":5,""CoinDenom_03"":10,""CoinDenom_04"":25,""CoinDenom_05"":0,""CoinDenom_06"":0,""BillCount_01"":0,""BillCount_02"":0,""BillCount_03"":0,""BillCount_04"":0,""BillCount_05"":0,""BillCount_06"":5,""CoinCount_01"":0,""CoinCount_02"":0,""CoinCount_03"":0,""CoinCount_04"":0,""CoinCount_05"":0,""CoinCount_06"":0,""ManualPay"":0.0,""TransactionNumber"":0,""TransactionType"":""WDRAWTX""}}'",2025-06-02 00:17:16.438-07:00,2025060200164206,500.0,500.0,COMPLETED,3065,4205,nan,WDRAWTX,ATM
"___00:22:34 403002 ATM.     'Posting Transaction Result  0:{""type"":""ATM"",""accountType"":""CHEKAC"",""seqNumber"":""2025060200215706"",""Authorization"":{""AuthNumber"":""3067"",""ErrorCode"":""0"",""ErrorDescription"":""0"",""Fee"":4.95,""OrderId"":""3067"",""RegisterTime"":""2025-06-02T00:22:34.865-07:00"",""TransactionNumber"":2025060200215706},""Operation"":{""Amount"":1000.0,""BillDespensed"":1000.0,""CardNumber"":""7751"",""HostIP"":"""",""RegistrationDatetime"":""2025-06-02T00:22:34.865-07:00"",""SequenceNumber"":""2025060200215706"",""Status"":""COMPLETED""},""TransactionDetail"":{""Amount"":1000.0,""DispensedTotal"":1000.0,""BillDenom_01"":1,""BillDenom_02"":5,""BillDenom_03"":10,""BillDenom_04"":20,""BillDenom_05"":50,""BillDenom_06"":100,""CoinDenom_01"":1,""CoinDenom_02"":5,""CoinDenom_03"":10,""CoinDenom_04"":25,""CoinDenom_05"":0,""CoinDenom_06"":0,""BillCount_01"":0,""BillCount_02"":0,""BillCount_03"":0,""BillCount_04"":0,""BillCount_05"":0,""BillCount_06"":10,""CoinCount_01"":0,""CoinCount_02"":0,""CoinCount_03"":0,""CoinCount_04"":0,""CoinCount_05"":0,""CoinCount_06"":0,""ManualPay"":0.0,""TransactionNumber"":0,""TransactionType"":""WDRAWTX""}}'",2025-06-02 00:22:34.865-07:00,2025060200215706,1000.0,1000.0,COMPLETED,3067,7751,nan,WDRAWTX,ATM
"___00:26:30 403002 ATM.     'Posting Transaction Result  0:{""type"":""ATM"",""accountType"":""CHEKAC"",""seqNumber"":""2025060200261406"",""Authorization"":{""ErrorCode"":""0"",""ErrorDescription"":""0"",""Fee"":0.0,""RegisterTime"":""2025-06-02T00:26:30.127-07:00"",""TransactionNumber"":2025060200261406},""Operation"":{""Amount"":0.0,""BillDespensed"":0.0,""CardNumber"":""0985"",""HostIP"":"""",""RegistrationDatetime"":""2025-06-02T00:26:30.127-07:00"",""SequenceNumber"":""2025060200261406"",""Status"":""COMPLETED""},""TransactionDetail"":{""Amount"":0.0,""DispensedTotal"":0.0,""BillDenom_01"":1,""BillDenom_02"":5,""BillDenom_03"":10,""BillDenom_04"":20,""BillDenom_05"":50,""BillDenom_06"":100,""CoinDenom_01"":1,""CoinDenom_02"":5,""CoinDenom_03"":10,""CoinDenom_04"":25,""CoinDenom_05"":0,""CoinDenom_06"":0,""BillCount_01"":0,""BillCount_02"":0,""BillCount_03"":0,""BillCount_04"":0,""BillCount_05"":0,""BillCount_06"":0,""CoinCount_01"":0,""CoinCount_02"":0,""CoinCount_03"":0,""CoinCount_04"":0,""CoinCount_05"":0,""CoinCount_06"":0,""ManualPay"":0.0,""TransactionNumber"":0,""TransactionType"":""BLNCINQRTX""}}'",2025-06-02 00:26:30.127-07:00,2025060200261406,0.0,0.0,COMPLETED,nan,0985,nan,BLNCINQRTX,ATM
"___00:28:00 403002 ATM.     'Posting Transaction Result  0:{""type"":""ATM"",""accountType"":""CHEKAC"",""seqNumber"":""2025060200270906"",""Authorization"":{""AuthNumber"":""3069"",""ErrorCode"":""0"",""ErrorDescription"":""0"",""Fee"":4.95,""OrderId"":""3069"",""RegisterTime"":""2025-06-02T00:28:00.927-07:00"",""TransactionNumber"":2025060200270906},""Operation"":{""Amount"":200.0,""BillDespensed"":200.0,""CardNumber"":""0985"",""HostIP"":"""",""RegistrationDatetime"":""2025-06-02T00:28:00.927-07:00"",""SequenceNumber"":""2025060200270906"",""Status"":""COMPLETED""},""TransactionDetail"":{""Amount"":200.0,""DispensedTotal"":200.0,""BillDenom_01"":1,""BillDenom_02"":5,""BillDenom_03"":10,""BillDenom_04"":20,""BillDenom_05"":50,""BillDenom_06"":100,""CoinDenom_01"":1,""CoinDenom_02"":5,""CoinDenom_03"":10,""CoinDenom_04"":25,""CoinDenom_05"":0,""CoinDenom_06"":0,""BillCount_01"":0,""BillCount_02"":0,""BillCount_03"":0,""BillCount_04"":0,""BillCount_05"":0,""BillCount_06"":2,""CoinCount_01"":0,""CoinCount_02"":0,""CoinCount_03"":0,""CoinCount_04"":0,""CoinCount_05"":0,""CoinCount_06"":0,""ManualPay"":0.0,""TransactionNumber"":0,""TransactionType"":""WDRAWTX""}}'",2025-06-02 00:28:00.927-07:00,2025060200270906,200.0,200.0,COMPLETED,3069,0985,nan,WDRAWTX,ATM
"___01:12:19 403002 ATM.     'Posting Transaction Result  0:{""type"":""ATM"",""accountType"":""CHEKAC"",""seqNumber"":""2025060201114406"",""Authorization"":{""AuthNumber"":""3070"",""ErrorCode"":""0"",""ErrorDescription"":""0"",""Fee"":4.95,""OrderId"":""3070"",""RegisterTime"":""2025-06-02T01:12:19.802-07:00"",""TransactionNumber"":2025060201114406},""Operation"":{""Amount"":60.0,""BillDespensed"":60.0,""CardNumber"":""7056"",""HostIP"":"""",""RegistrationDatetime"":""2025-06-02T01:12:19.802-07:00"",""SequenceNumber"":""2025060201114406"",""Status"":""COMPLETED""},""TransactionDetail"":{""Amount"":60.0,""DispensedTotal"":60.0,""BillDenom_01"":1,""BillDenom_02"":5,""BillDenom_03"":10,""BillDenom_04"":20,""BillDenom_05"":50,""BillDenom_06"":100,""CoinDenom_01"":1,""CoinDenom_02"":5,""CoinDenom_03"":10,""CoinDenom_04"":25,""CoinDenom_05"":0,""CoinDenom_06"":0,""BillCount_01"":0,""BillCount_02"":0,""BillCount_03"":0,""BillCount_04"":3,""BillCount_05"":0,""BillCount_06"":0,""CoinCount_01"":0,""CoinCount_02"":0,""CoinCount_03"":0,""CoinCount_04"":0,""CoinCount_05"":0,""CoinCount_06"":0,""ManualPay"":0.0,""TransactionNumber"":0,""TransactionType"":""WDRAWTX""}}'",2025-06-02 01:12:19.802-07:00,2025060201114406,60.0,60.0,COMPLETED,3070,7056,nan,WDRAWTX,ATM
"___01:35:43 403002 ATM.     'Posting Transaction Result  0:{""type"":""ATM"",""accountType"":""CHEKAC"",""seqNumber"":""2025060201345606"",""Authorization"":{""AuthNumber"":""3071"",""ErrorCode"":""0"",""ErrorDescription"":""0"",""Fee"":4.95,""OrderId"":""3071"",""RegisterTime"":""2025-06-02T01:35:43.100-07:00"",""TransactionNumber"":2025060201345606},""Operation"":{""Amount"":500.0,""BillDespensed"":500.0,""CardNumber"":""5510"",""HostIP"":"""",""RegistrationDatetime"":""2025-06-02T01:35:43.100-07:00"",""SequenceNumber"":""2025060201345606"",""Status"":""COMPLETED""},""TransactionDetail"":{""Amount"":500.0,""DispensedTotal"":500.0,""BillDenom_01"":1,""BillDenom_02"":5,""BillDenom_03"":10,""BillDenom_04"":20,""BillDenom_05"":50,""BillDenom_06"":100,""CoinDenom_01"":1,""CoinDenom_02"":5,""CoinDenom_03"":10,""CoinDenom_04"":25,""CoinDenom_05"":0,""CoinDenom_06"":0,""BillCount_01"":0,""BillCount_02"":0,""BillCount_03"":0,""BillCount_04"":0,""BillCount_05"":0,""BillCount_06"":5,""CoinCount_01"":0,""CoinCount_02"":0,""CoinCount_03"":0,""CoinCount_04"":0,""CoinCount_05"":0,""CoinCount_06"":0,""ManualPay"":0.0,""TransactionNumber"":0,""TransactionType"":""WDRAWTX""}}'",2025-06-02 01:35:43.100-07:00,2025060201345606,500.0,500.0,COMPLETED,3071,5510,nan,WDRAWTX,ATM
"___01:43:34 403002 ATM.     'Posting Transaction Result  0:{""type"":""ATM"",""accountType"":""CHEKAC"",""seqNumber"":""2025060201425606"",""Authorization"":{""AuthNumber"":""3072"",""ErrorCode"":""0"",""ErrorDescription"":""0"",""Fee"":4.95,""OrderId"":""3072"",""RegisterTime"":""2025-06-02T01:43:34.937-07:00"",""TransactionNumber"":2025060201425606},""Operation"":{""Amount"":500.0,""BillDespensed"":500.0,""CardNumber"":""9198"",""HostIP"":"""",""RegistrationDatetime"":""2025-06-02T01:43:34.937-07:00"",""SequenceNumber"":""2025060201425606"",""Status"":""COMPLETED""},""TransactionDetail"":{""Amount"":500.0,""DispensedTotal"":500.0,""BillDenom_01"":1,""BillDenom_02"":5,""BillDenom_03"":10,""BillDenom_04"":20,""BillDenom_05"":50,""BillDenom_06"":100,""CoinDenom_01"":1,""CoinDenom_02"":5,""CoinDenom_03"":10,""CoinDenom_04"":25,""CoinDenom_05"":0,""CoinDenom_06"":0,""BillCount_01"":0,""BillCount_02"":0,""BillCount_03"":0,""BillCount_04"":0,""BillCount_05"":0,""BillCount_06"":5,""CoinCount_01"":0,""CoinCount_02"":0,""CoinCount_03"":0,""CoinCount_04"":0,""CoinCount_05"":0,""CoinCount_06"":0,""ManualPay"":0.0,""TransactionNumber"":0,""TransactionType"":""WDRAWTX""}}'",2025-06-02 01:43:34.937-07:00,2025060201425606,500.0,500.0,COMPLETED,3072,9198,nan,WDRAWTX,ATM
"___01:49:10 403002 ATM.     'Posting Transaction Result  0:{""type"":""ATM"",""accountType"":""CHEKAC"",""seqNumber"":""2025060201483006"",""Authorization"":{""AuthNumber"":""3073"",""ErrorCode"":""0"",""ErrorDescription"":""0"",""Fee"":4.95,""OrderId"":""3073"",""RegisterTime"":""2025-06-02T01:49:10.084-07:00"",""TransactionNumber"":2025060201483006},""Operation"":{""Amount"":40.0,""BillDespensed"":40.0,""CardNumber"":""7826"",""HostIP"":"""",""RegistrationDatetime"":""2025-06-02T01:49:10.084-07:00"",""SequenceNumber"":""2025060201483006"",""Status"":""COMPLETED""},""TransactionDetail"":{""Amount"":40.0,""DispensedTotal"":40.0,""BillDenom_01"":1,""BillDenom_02"":5,""BillDenom_03"":10,""BillDenom_04"":20,""BillDenom_05"":50,""BillDenom_06"":100,""CoinDenom_01"":1,""CoinDenom_02"":5,""CoinDenom_03"":10,""CoinDenom_04"":25,""CoinDenom_05"":0,""CoinDenom_06"":0,""BillCount_01"":0,""BillCount_02"":0,""BillCount_03"":0,""BillCount_04"":2,""BillCount_05"":0,""BillCount_06"":0,""CoinCount_01"":0,""CoinCount_02"":0,""CoinCount_03"":0,""CoinCount_04"":0,""CoinCount_05"":0,""CoinCount_06"":0,""ManualPay"":0.0,""TransactionNumber"":0,""TransactionType"":""WDRAWTX""}}'",2025-06-02 01:49:10.084-07:00,2025060201483006,40.0,40.0,COMPLETED,3073,7826,nan,WDRAWTX,ATM
"___02:39:12 403002 ATM.     'Posting Transaction Result  0:{""type"":""ATM"",""accountType"":""CHEKAC"",""seqNumber"":""2025060202385606"",""Authorization"":{""ErrorCode"":""0"",""ErrorDescription"":""0"",""Fee"":0.0,""RegisterTime"":""2025-06-02T02:39:12.613-07:00"",""TransactionNumber"":2025060202385606},""Operation"":{""Amount"":0.0,""BillDespensed"":0.0,""CardNumber"":""9805"",""HostIP"":"""",""RegistrationDatetime"":""2025-06-02T02:39:12.613-07:00"",""SequenceNumber"":""2025060202385606"",""Status"":""COMPLETED""},""TransactionDetail"":{""Amount"":0.0,""DispensedTotal"":0.0,""BillDenom_01"":1,""BillDenom_02"":5,""BillDenom_03"":10,""BillDenom_04"":20,""BillDenom_05"":50,""BillDenom_06"":100,""CoinDenom_01"":1,""CoinDenom_02"":5,""CoinDenom_03"":10,""CoinDenom_04"":25,""CoinDenom_05"":0,""CoinDenom_06"":0,""BillCount_01"":0,""BillCount_02"":0,""BillCount_03"":0,""BillCount_04"":0,""BillCount_05"":0,""BillCount_06"":0,""CoinCount_01"":0,""CoinCount_02"":0,""CoinCount_03"":0,""CoinCount_04"":0,""CoinCount_05"":0,""CoinCount_06"":0,""ManualPay"":0.0,""TransactionNumber"":0,""TransactionType"":""BLNCINQRTX""}}'",2025-06-02 02:39:12.613-07:00,2025060202385606,0.0,0.0,COMPLETED,nan,9805,nan,BLNCINQRTX,ATM
"___02:40:29 403002 ATM.     'Posting Transaction Result  0:{""type"":""ATM"",""accountType"":""CHEKAC"",""seqNumber"":""2025060202394906"",""Authorization"":{""AuthNumber"":""3075"",""ErrorCode"":""0"",""ErrorDescription"":""0"",""Fee"":4.95,""OrderId"":""3075"",""RegisterTime"":""2025-06-02T02:40:29.530-07:00"",""TransactionNumber"":2025060202394906},""Operation"":{""Amount"":40.0,""BillDespensed"":40.0,""CardNumber"":""9805"",""HostIP"":"""",""RegistrationDatetime"":""2025-06-02T02:40:29.530-07:00"",""SequenceNumber"":""2025060202394906"",""Status"":""COMPLETED""},""TransactionDetail"":{""Amount"":40.0,""DispensedTotal"":40.0,""BillDenom_01"":1,""BillDenom_02"":5,""BillDenom_03"":10,""BillDenom_04"":20,""BillDenom_05"":50,""BillDenom_06"":100,""CoinDenom_01"":1,""CoinDenom_02"":5,""CoinDenom_03"":10,""CoinDenom_04"":25,""CoinDenom_05"":0,""CoinDenom_06"":0,""BillCount_01"":0,""BillCount_02"":0,""BillCount_03"":0,""BillCount_04"":2,""BillCount_05"":0,""BillCount_06"":0,""CoinCount_01"":0,""CoinCount_02"":0,""CoinCount_03"":0,""CoinCount_04"":0,""CoinCount_05"":0,""CoinCount_06"":0,""ManualPay"":0.0,""TransactionNumber"":0,""TransactionType"":""WDRAWTX""}}'",2025-06-02 02:40:29.530-07:00,2025060202394906,40.0,40.0,COMPLETED,3075,9805,nan,WDRAWTX,ATM
"___02:43:45 403002 ATM.     'Posting Transaction Result  0:{""type"":""ATM"",""accountType"":""CHEKAC"",""seqNumber"":""2025060202430706"",""Authorization"":{""AuthNumber"":""3076"",""ErrorCode"":""0"",""ErrorDescription"":""0"",""Fee"":4.95,""OrderId"":""3076"",""RegisterTime"":""2025-06-02T02:43:45.822-07:00"",""TransactionNumber"":2025060202430706},""Operation"":{""Amount"":100.0,""BillDespensed"":100.0,""CardNumber"":""0697"",""HostIP"":"""",""RegistrationDatetime"":""2025-06-02T02:43:45.822-07:00"",""SequenceNumber"":""2025060202430706"",""Status"":""COMPLETED""},""TransactionDetail"":{""Amount"":100.0,""DispensedTotal"":100.0,""BillDenom_01"":1,""BillDenom_02"":5,""BillDenom_03"":10,""BillDenom_04"":20,""BillDenom_05"":50,""BillDenom_06"":100,""CoinDenom_01"":1,""CoinDenom_02"":5,""CoinDenom_03"":10,""CoinDenom_04"":25,""CoinDenom_05"":0,""CoinDenom_06"":0,""BillCount_01"":0,""BillCount_02"":0,""BillCount_03"":0,""BillCount_04"":0,""BillCount_05"":0,""BillCount_06"":1,""CoinCount_01"":0,""CoinCount_02"":0,""CoinCount_03"":0,""CoinCount_04"":0,""CoinCount_05"":0,""CoinCount_06"":0,""ManualPay"":0.0,""TransactionNumber"":0,""TransactionType"":""WDRAWTX""}}'",2025-06-02 02:43:45.822-07:00,2025060202430706,100.0,100.0,COMPLETED,3076,0697,nan,WDRAWTX,ATM
"___02:49:34 403002 ATM.     'Posting Transaction Result  0:{""type"":""ATM"",""accountType"":""CHEKAC"",""seqNumber"":""2025060202491506"",""Authorization"":{""ErrorCode"":""0"",""ErrorDescription"":""0"",""Fee"":0.0,""RegisterTime"":""2025-06-02T02:49:34.861-07:00"",""TransactionNumber"":2025060202491506},""Operation"":{""Amount"":200.0,""BillDespensed"":0.0,""CardNumber"":""9590"",""HostIP"":"""",""RegistrationDatetime"":""2025-06-02T02:49:34.861-07:00"",""SequenceNumber"":""2025060202491506"",""Status"":""DENIED""},""TransactionDetail"":{""Amount"":200.0,""DispensedTotal"":0.0,""BillDenom_01"":1,""BillDenom_02"":5,""BillDenom_03"":10,""BillDenom_04"":20,""BillDenom_05"":50,""BillDenom_06"":100,""CoinDenom_01"":1,""CoinDenom_02"":5,""CoinDenom_03"":10,""CoinDenom_04"":25,""CoinDenom_05"":0,""CoinDenom_06"":0,""BillCount_01"":0,""BillCount_02"":0,""BillCount_03"":0,""BillCount_04"":0,""BillCount_05"":0,""BillCount_06"":0,""CoinCount_01"":0,""CoinCount_02"":0,""CoinCount_03"":0,""CoinCount_04"":0,""CoinCount_05"":0,""CoinCount_06"":0,""ManualPay"":0.0,""TransactionNumber"":0,""TransactionType"":""WDRAWTX""}}'",2025-06-02 02:49:34.861-07:00,2025060202491506,200.0,0.0,DENIED,nan,9590,nan,WDRAWTX,ATM
"___02:50:45 403002 ATM.     'Posting Transaction Result  0:{""type"":""ATM"",""accountType"":""CHEKAC"",""seqNumber"":""2025060202502906"",""Authorization"":{""ErrorCode"":""0"",""ErrorDescription"":""0"",""Fee"":0.0,""RegisterTime"":""2025-06-02T02:50:44.967-07:00"",""TransactionNumber"":2025060202502906},""Operation"":{""Amount"":100.0,""BillDespensed"":0.0,""CardNumber"":""9590"",""HostIP"":"""",""RegistrationDatetime"":""2025-06-02T02:50:44.967-07:00"",""SequenceNumber"":""2025060202502906"",""Status"":""DENIED""},""TransactionDetail"":{""Amount"":100.0,""DispensedTotal"":0.0,""BillDenom_01"":1,""BillDenom_02"":5,""BillDenom_03"":10,""BillDenom_04"":20,""BillDenom_05"":50,""BillDenom_06"":100,""CoinDenom_01"":1,""CoinDenom_02"":5,""CoinDenom_03"":10,""CoinDenom_04"":25,""CoinDenom_05"":0,""CoinDenom_06"":0,""BillCount_01"":0,""BillCount_02"":0,""BillCount_03"":0,""BillCount_04"":0,""BillCount_05"":0,""BillCount_06"":0,""CoinCount_01"":0,""CoinCount_02"":0,""CoinCount_03"":0,""CoinCount_04"":0,""CoinCount_05"":0,""CoinCount_06"":0,""ManualPay"":0.0,""TransactionNumber"":0,""TransactionType"":""WDRAWTX""}}'",2025-06-02 02:50:44.967-07:00,2025060202502906,100.0,0.0,DENIED,nan,9590,nan,WDRAWTX,ATM
"___02:52:31 403002 ATM.     'Posting Transaction Result  0:{""type"":""ATM"",""accountType"":""CHEKAC"",""seqNumber"":""2025060202515106"",""Authorization"":{""AuthNumber"":""3079"",""ErrorCode"":""0"",""ErrorDescription"":""0"",""Fee"":4.95,""OrderId"":""3079"",""RegisterTime"":""2025-06-02T02:52:31.429-07:00"",""TransactionNumber"":2025060202515106},""Operation"":{""Amount"":60.0,""BillDespensed"":60.0,""CardNumber"":""9590"",""HostIP"":"""",""RegistrationDatetime"":""2025-06-02T02:52:31.429-07:00"",""SequenceNumber"":""2025060202515106"",""Status"":""COMPLETED""},""TransactionDetail"":{""Amount"":60.0,""DispensedTotal"":60.0,""BillDenom_01"":1,""BillDenom_02"":5,""BillDenom_03"":10,""BillDenom_04"":20,""BillDenom_05"":50,""BillDenom_06"":100,""CoinDenom_01"":1,""CoinDenom_02"":5,""CoinDenom_03"":10,""CoinDenom_04"":25,""CoinDenom_05"":0,""CoinDenom_06"":0,""BillCount_01"":0,""BillCount_02"":0,""BillCount_03"":0,""BillCount_04"":3,""BillCount_05"":0,""BillCount_06"":0,""CoinCount_01"":0,""CoinCount_02"":0,""CoinCount_03"":0,""CoinCount_04"":0,""CoinCount_05"":0,""CoinCount_06"":0,""ManualPay"":0.0,""TransactionNumber"":0,""TransactionType"":""WDRAWTX""}}'",2025-06-02 02:52:31.429-07:00,2025060202515106,60.0,60.0,COMPLETED,3079,9590,nan,WDRAWTX,ATM
"___03:23:47 403002 ATM.     'Posting Transaction Result  0:{""type"":""ATM"",""accountType"":""CHEKAC"",""seqNumber"":""2025060203233006"",""Authorization"":{""ErrorCode"":""0"",""ErrorDescription"":""0"",""Fee"":0.0,""RegisterTime"":""2025-06-02T03:23:47.648-07:00"",""TransactionNumber"":2025060203233006},""Operation"":{""Amount"":200.0,""BillDespensed"":0.0,""CardNumber"":""9525"",""HostIP"":"""",""RegistrationDatetime"":""2025-06-02T03:23:47.648-07:00"",""SequenceNumber"":""2025060203233006"",""Status"":""DENIED""},""TransactionDetail"":{""Amount"":200.0,""DispensedTotal"":0.0,""BillDenom_01"":1,""BillDenom_02"":5,""BillDenom_03"":10,""BillDenom_04"":20,""BillDenom_05"":50,""BillDenom_06"":100,""CoinDenom_01"":1,""CoinDenom_02"":5,""CoinDenom_03"":10,""CoinDenom_04"":25,""CoinDenom_05"":0,""CoinDenom_06"":0,""BillCount_01"":0,""BillCount_02"":0,""BillCount_03"":0,""BillCount_04"":0,""BillCount_05"":0,""BillCount_06"":0,""CoinCount_01"":0,""CoinCount_02"":0,""CoinCount_03"":0,""CoinCount_04"":0,""CoinCount_05"":0,""CoinCount_06"":0,""ManualPay"":0.0,""TransactionNumber"":0,""TransactionType"":""WDRAWTX""}}'",2025-06-02 03:23:47.648-07:00,2025060203233006,200.0,0.0,DENIED,nan,9525,nan,WDRAWTX,ATM
"___03:41:27 403002 ATM.     'Posting Transaction Result  0:{""type"":""ATM"",""accountType"":""CHEKAC"",""seqNumber"":""2025060203405606"",""Authorization"":{""AuthNumber"":""3082"",""ErrorCode"":""0"",""ErrorDescription"":""0"",""Fee"":4.95,""OrderId"":""3082"",""RegisterTime"":""2025-06-02T03:41:27.743-07:00"",""TransactionNumber"":2025060203405606},""Operation"":{""Amount"":60.0,""BillDespensed"":60.0,""CardNumber"":""0743"",""HostIP"":"""",""RegistrationDatetime"":""2025-06-02T03:41:27.743-07:00"",""SequenceNumber"":""2025060203405606"",""Status"":""COMPLETED""},""TransactionDetail"":{""Amount"":60.0,""DispensedTotal"":60.0,""BillDenom_01"":1,""BillDenom_02"":5,""BillDenom_03"":10,""BillDenom_04"":20,""BillDenom_05"":50,""BillDenom_06"":100,""CoinDenom_01"":1,""CoinDenom_02"":5,""CoinDenom_03"":10,""CoinDenom_04"":25,""CoinDenom_05"":0,""CoinDenom_06"":0,""BillCount_01"":0,""BillCount_02"":0,""BillCount_03"":0,""BillCount_04"":3,""BillCount_05"":0,""BillCount_06"":0,""CoinCount_01"":0,""CoinCount_02"":0,""CoinCount_03"":0,""CoinCount_04"":0,""CoinCount_05"":0,""CoinCount_06"":0,""ManualPay"":0.0,""TransactionNumber"":0,""TransactionType"":""WDRAWTX""}}'",2025-06-02 03:41:27.743-07:00,2025060203405606,60.0,60.0,COMPLETED,3082,0743,nan,WDRAWTX,ATM
"___04:15:52 403002 ATM.     'Posting Transaction Result  0:{""type"":""ATM"",""accountType"":""CHEKAC"",""seqNumber"":""2025060204151106"",""Authorization"":{""AuthNumber"":""3083"",""ErrorCode"":""0"",""ErrorDescription"":""0"",""Fee"":4.95,""OrderId"":""3083"",""RegisterTime"":""2025-06-02T04:15:52.726-07:00"",""TransactionNumber"":2025060204151106},""Operation"":{""Amount"":100.0,""BillDespensed"":100.0,""CardNumber"":""8436"",""HostIP"":"""",""RegistrationDatetime"":""2025-06-02T04:15:52.726-07:00"",""SequenceNumber"":""2025060204151106"",""Status"":""COMPLETED""},""TransactionDetail"":{""Amount"":100.0,""DispensedTotal"":100.0,""BillDenom_01"":1,""BillDenom_02"":5,""BillDenom_03"":10,""BillDenom_04"":20,""BillDenom_05"":50,""BillDenom_06"":100,""CoinDenom_01"":1,""CoinDenom_02"":5,""CoinDenom_03"":10,""CoinDenom_04"":25,""CoinDenom_05"":0,""CoinDenom_06"":0,""BillCount_01"":0,""BillCount_02"":0,""BillCount_03"":0,""BillCount_04"":0,""BillCount_05"":0,""BillCount_06"":1,""CoinCount_01"":0,""CoinCount_02"":0,""CoinCount_03"":0,""CoinCount_04"":0,""CoinCount_05"":0,""CoinCount_06"":0,""ManualPay"":0.0,""TransactionNumber"":0,""TransactionType"":""WDRAWTX""}}'",2025-06-02 04:15:52.726-07:00,2025060204151106,100.0,100.0,COMPLETED,3083,8436,nan,WDRAWTX,ATM
"___07:36:37 403002 ATM.     'Posting Transaction Result  0:{""type"":""ATM"",""accountType"":""CHEKAC"",""seqNumber"":""2025060207355806"",""Authorization"":{""AuthNumber"":""3087"",""ErrorCode"":""0"",""ErrorDescription"":""0"",""Fee"":4.95,""OrderId"":""3087"",""RegisterTime"":""2025-06-02T07:36:37.173-07:00"",""TransactionNumber"":2025060207355806},""Operation"":{""Amount"":500.0,""BillDespensed"":500.0,""CardNumber"":""9623"",""HostIP"":"""",""RegistrationDatetime"":""2025-06-02T07:36:37.173-07:00"",""SequenceNumber"":""2025060207355806"",""Status"":""COMPLETED""},""TransactionDetail"":{""Amount"":500.0,""DispensedTotal"":500.0,""BillDenom_01"":1,""BillDenom_02"":5,""BillDenom_03"":10,""BillDenom_04"":20,""BillDenom_05"":50,""BillDenom_06"":100,""CoinDenom_01"":1,""CoinDenom_02"":5,""CoinDenom_03"":10,""CoinDenom_04"":25,""CoinDenom_05"":0,""CoinDenom_06"":0,""BillCount_01"":0,""BillCount_02"":0,""BillCount_03"":0,""BillCount_04"":0,""BillCount_05"":0,""BillCount_06"":5,""CoinCount_01"":0,""CoinCount_02"":0,""CoinCount_03"":0,""CoinCount_04"":0,""CoinCount_05"":0,""CoinCount_06"":0,""ManualPay"":0.0,""TransactionNumber"":0,""TransactionType"":""WDRAWTX""}}'",2025-06-02 07:36:37.173-07:00,2025060207355806,500.0,500.0,COMPLETED,3087,9623,nan,WDRAWTX,ATM
"___08:40:14 403002 ATM.     'Posting Transaction Result  0:{""type"":""ATM"",""accountType"":""CHEKAC"",""seqNumber"":""2025060208394106"",""Authorization"":{""AuthNumber"":""3088"",""ErrorCode"":""0"",""ErrorDescription"":""0"",""Fee"":4.95,""OrderId"":""3088"",""RegisterTime"":""2025-06-02T08:40:14.082-07:00"",""TransactionNumber"":2025060208394106},""Operation"":{""Amount"":200.0,""BillDespensed"":200.0,""CardNumber"":""3972"",""HostIP"":"""",""RegistrationDatetime"":""2025-06-02T08:40:14.082-07:00"",""SequenceNumber"":""2025060208394106"",""Status"":""COMPLETED""},""TransactionDetail"":{""Amount"":200.0,""DispensedTotal"":200.0,""BillDenom_01"":1,""BillDenom_02"":5,""BillDenom_03"":10,""BillDenom_04"":20,""BillDenom_05"":50,""BillDenom_06"":100,""CoinDenom_01"":1,""CoinDenom_02"":5,""CoinDenom_03"":10,""CoinDenom_04"":25,""CoinDenom_05"":0,""CoinDenom_06"":0,""BillCount_01"":0,""BillCount_02"":0,""BillCount_03"":0,""BillCount_04"":0,""BillCount_05"":0,""BillCount_06"":2,""CoinCount_01"":0,""CoinCount_02"":0,""CoinCount_03"":0,""CoinCount_04"":0,""CoinCount_05"":0,""CoinCount_06"":0,""ManualPay"":0.0,""TransactionNumber"":0,""TransactionType"":""WDRAWTX""}}'",2025-06-02 08:40:14.082-07:00,2025060208394106,200.0,200.0,COMPLETED,3088,3972,nan,WDRAWTX,ATM
"___09:03:42 403002 ATM.     'Posting Transaction Result  0:{""type"":""ATM"",""accountType"":""CHEKAC"",""seqNumber"":""2025060209030906"",""Authorization"":{""AuthNumber"":""3089"",""ErrorCode"":""0"",""ErrorDescription"":""0"",""Fee"":4.95,""OrderId"":""3089"",""RegisterTime"":""2025-06-02T09:03:42.070-07:00"",""TransactionNumber"":2025060209030906},""Operation"":{""Amount"":400.0,""BillDespensed"":400.0,""CardNumber"":""6190"",""HostIP"":"""",""RegistrationDatetime"":""2025-06-02T09:03:42.070-07:00"",""SequenceNumber"":""2025060209030906"",""Status"":""COMPLETED""},""TransactionDetail"":{""Amount"":400.0,""DispensedTotal"":400.0,""BillDenom_01"":1,""BillDenom_02"":5,""BillDenom_03"":10,""BillDenom_04"":20,""BillDenom_05"":50,""BillDenom_06"":100,""CoinDenom_01"":1,""CoinDenom_02"":5,""CoinDenom_03"":10,""CoinDenom_04"":25,""CoinDenom_05"":0,""CoinDenom_06"":0,""BillCount_01"":0,""BillCount_02"":0,""BillCount_03"":0,""BillCount_04"":0,""BillCount_05"":0,""BillCount_06"":4,""CoinCount_01"":0,""CoinCount_02"":0,""CoinCount_03"":0,""CoinCount_04"":0,""CoinCount_05"":0,""CoinCount_06"":0,""ManualPay"":0.0,""TransactionNumber"":0,""TransactionType"":""WDRAWTX""}}'",2025-06-02 09:03:42.070-07:00,2025060209030906,400.0,400.0,COMPLETED,3089,6190,nan,WDRAWTX,ATM
"___09:28:54 403002 ATM.     'Posting Transaction Result  0:{""type"":""ATM"",""accountType"":""CHEKAC"",""seqNumber"":""2025060209282406"",""Authorization"":{""AuthNumber"":""3090"",""ErrorCode"":""0"",""ErrorDescription"":""0"",""Fee"":4.95,""OrderId"":""3090"",""RegisterTime"":""2025-06-02T09:28:54.171-07:00"",""TransactionNumber"":2025060209282406},""Operation"":{""Amount"":100.0,""BillDespensed"":100.0,""CardNumber"":""0587"",""HostIP"":"""",""RegistrationDatetime"":""2025-06-02T09:28:54.171-07:00"",""SequenceNumber"":""2025060209282406"",""Status"":""COMPLETED""},""TransactionDetail"":{""Amount"":100.0,""DispensedTotal"":100.0,""BillDenom_01"":1,""BillDenom_02"":5,""BillDenom_03"":10,""BillDenom_04"":20,""BillDenom_05"":50,""BillDenom_06"":100,""CoinDenom_01"":1,""CoinDenom_02"":5,""CoinDenom_03"":10,""CoinDenom_04"":25,""CoinDenom_05"":0,""CoinDenom_06"":0,""BillCount_01"":0,""BillCount_02"":0,""BillCount_03"":0,""BillCount_04"":0,""BillCount_05"":0,""BillCount_06"":1,""CoinCount_01"":0,""CoinCount_02"":0,""CoinCount_03"":0,""CoinCount_04"":0,""CoinCount_05"":0,""CoinCount_06"":0,""ManualPay"":0.0,""TransactionNumber"":0,""TransactionType"":""WDRAWTX""}}'",2025-06-02 09:28:54.171-07:00,2025060209282406,100.0,100.0,COMPLETED,3090,0587,nan,WDRAWTX,ATM
"___09:41:04 403002 ATM.     'Posting Transaction Result  0:{""type"":""ATM"",""accountType"":""CHEKAC"",""seqNumber"":""2025060209400806"",""Authorization"":{""AuthNumber"":""3091"",""ErrorCode"":""0"",""ErrorDescription"":""0"",""Fee"":4.95,""OrderId"":""3091"",""RegisterTime"":""2025-06-02T09:41:03.963-07:00"",""TransactionNumber"":2025060209400806},""Operation"":{""Amount"":100.0,""BillDespensed"":100.0,""CardNumber"":""0097"",""HostIP"":"""",""RegistrationDatetime"":""2025-06-02T09:41:03.963-07:00"",""SequenceNumber"":""2025060209400806"",""Status"":""COMPLETED""},""TransactionDetail"":{""Amount"":100.0,""DispensedTotal"":100.0,""BillDenom_01"":1,""BillDenom_02"":5,""BillDenom_03"":10,""BillDenom_04"":20,""BillDenom_05"":50,""BillDenom_06"":100,""CoinDenom_01"":1,""CoinDenom_02"":5,""CoinDenom_03"":10,""CoinDenom_04"":25,""CoinDenom_05"":0,""CoinDenom_06"":0,""BillCount_01"":0,""BillCount_02"":0,""BillCount_03"":0,""BillCount_04"":0,""BillCount_05"":0,""BillCount_06"":1,""CoinCount_01"":0,""CoinCount_02"":0,""CoinCount_03"":0,""CoinCount_04"":0,""CoinCount_05"":0,""CoinCount_06"":0,""ManualPay"":0.0,""TransactionNumber"":0,""TransactionType"":""WDRAWTX""}}'",2025-06-02 09:41:03.963-07:00,2025060209400806,100.0,100.0,COMPLETED,3091,0097,nan,WDRAWTX,ATM
"___10:23:35 403002 ATM.     'Posting Transaction Result  0:{""type"":""ATM"",""accountType"":""CHEKAC"",""seqNumber"":""2025060210225706"",""Authorization"":{""AuthNumber"":""3092"",""ErrorCode"":""0"",""ErrorDescription"":""0"",""Fee"":4.95,""OrderId"":""3092"",""RegisterTime"":""2025-06-02T10:23:35.186-07:00"",""TransactionNumber"":2025060210225706},""Operation"":{""Amount"":500.0,""BillDespensed"":500.0,""CardNumber"":""2597"",""HostIP"":"""",""RegistrationDatetime"":""2025-06-02T10:23:35.186-07:00"",""SequenceNumber"":""2025060210225706"",""Status"":""COMPLETED""},""TransactionDetail"":{""Amount"":500.0,""DispensedTotal"":500.0,""BillDenom_01"":1,""BillDenom_02"":5,""BillDenom_03"":10,""BillDenom_04"":20,""BillDenom_05"":50,""BillDenom_06"":100,""CoinDenom_01"":1,""CoinDenom_02"":5,""CoinDenom_03"":10,""CoinDenom_04"":25,""CoinDenom_05"":0,""CoinDenom_06"":0,""BillCount_01"":0,""BillCount_02"":0,""BillCount_03"":0,""BillCount_04"":0,""BillCount_05"":0,""BillCount_06"":5,""CoinCount_01"":0,""CoinCount_02"":0,""CoinCount_03"":0,""CoinCount_04"":0,""CoinCount_05"":0,""CoinCount_06"":0,""ManualPay"":0.0,""TransactionNumber"":0,""TransactionType"":""WDRAWTX""}}'",2025-06-02 10:23:35.186-07:00,2025060210225706,500.0,500.0,COMPLETED,3092,2597,nan,WDRAWTX,ATM
"___12:37:59 403002 ATM.     'Posting Transaction Result  0:{""type"":""ATM"",""accountType"":""CHEKAC"",""seqNumber"":""2025060212371206"",""Authorization"":{""AuthNumber"":""3094"",""ErrorCode"":""0"",""ErrorDescription"":""0"",""Fee"":4.95,""OrderId"":""3094"",""RegisterTime"":""2025-06-02T12:37:59.472-07:00"",""TransactionNumber"":2025060212371206},""Operation"":{""Amount"":300.0,""BillDespensed"":300.0,""CardNumber"":""3233"",""HostIP"":"""",""RegistrationDatetime"":""2025-06-02T12:37:59.472-07:00"",""SequenceNumber"":""2025060212371206"",""Status"":""COMPLETED""},""TransactionDetail"":{""Amount"":300.0,""DispensedTotal"":300.0,""BillDenom_01"":1,""BillDenom_02"":5,""BillDenom_03"":10,""BillDenom_04"":20,""BillDenom_05"":50,""BillDenom_06"":100,""CoinDenom_01"":1,""CoinDenom_02"":5,""CoinDenom_03"":10,""CoinDenom_04"":25,""CoinDenom_05"":0,""CoinDenom_06"":0,""BillCount_01"":0,""BillCount_02"":0,""BillCount_03"":0,""BillCount_04"":0,""BillCount_05"":0,""BillCount_06"":3,""CoinCount_01"":0,""CoinCount_02"":0,""CoinCount_03"":0,""CoinCount_04"":0,""CoinCount_05"":0,""CoinCount_06"":0,""ManualPay"":0.0,""TransactionNumber"":0,""TransactionType"":""WDRAWTX""}}'",2025-06-02 12:37:59.472-07:00,2025060212371206,300.0,300.0,COMPLETED,3094,3233,nan,WDRAWTX,ATM
"___12:44:59 403002 ATM.     'Posting Transaction Result  0:{""type"":""ATM"",""accountType"":""CHEKAC"",""seqNumber"":""2025060212444706"",""Authorization"":{""ErrorCode"":""0"",""ErrorDescription"":""0"",""Fee"":0.0,""RegisterTime"":""2025-06-02T12:44:59.624-07:00"",""TransactionNumber"":2025060212444706},""Operation"":{""Amount"":300.0,""BillDespensed"":0.0,""CardNumber"":""2035"",""HostIP"":"""",""RegistrationDatetime"":""2025-06-02T12:44:59.624-07:00"",""SequenceNumber"":""2025060212444706"",""Status"":""DENIED""},""TransactionDetail"":{""Amount"":300.0,""DispensedTotal"":0.0,""BillDenom_01"":1,""BillDenom_02"":5,""BillDenom_03"":10,""BillDenom_04"":20,""BillDenom_05"":50,""BillDenom_06"":100,""CoinDenom_01"":1,""CoinDenom_02"":5,""CoinDenom_03"":10,""CoinDenom_04"":25,""CoinDenom_05"":0,""CoinDenom_06"":0,""BillCount_01"":0,""BillCount_02"":0,""BillCount_03"":0,""BillCount_04"":0,""BillCount_05"":0,""BillCount_06"":0,""CoinCount_01"":0,""CoinCount_02"":0,""CoinCount_03"":0,""CoinCount_04"":0,""CoinCount_05"":0,""CoinCount_06"":0,""ManualPay"":0.0,""TransactionNumber"":0,""TransactionType"":""WDRAWTX""}}'",2025-06-02 12:44:59.624-07:00,2025060212444706,300.0,0.0,DENIED,nan,2035,nan,WDRAWTX,ATM
"___13:05:16 403002 ATM.     'Posting Transaction Result  0:{""type"":""ATM"",""accountType"":""CHEKAC"",""seqNumber"":""2025060213044506"",""Authorization"":{""AuthNumber"":""3097"",""ErrorCode"":""0"",""ErrorDescription"":""0"",""Fee"":4.95,""OrderId"":""3097"",""RegisterTime"":""2025-06-02T13:05:16.548-07:00"",""TransactionNumber"":2025060213044506},""Operation"":{""Amount"":220.0,""BillDespensed"":220.0,""CardNumber"":""3668"",""HostIP"":"""",""RegistrationDatetime"":""2025-06-02T13:05:16.548-07:00"",""SequenceNumber"":""2025060213044506"",""Status"":""COMPLETED""},""TransactionDetail"":{""Amount"":220.0,""DispensedTotal"":220.0,""BillDenom_01"":1,""BillDenom_02"":5,""BillDenom_03"":10,""BillDenom_04"":20,""BillDenom_05"":50,""BillDenom_06"":100,""CoinDenom_01"":1,""CoinDenom_02"":5,""CoinDenom_03"":10,""CoinDenom_04"":25,""CoinDenom_05"":0,""CoinDenom_06"":0,""BillCount_01"":0,""BillCount_02"":0,""BillCount_03"":0,""BillCount_04"":1,""BillCount_05"":0,""BillCount_06"":2,""CoinCount_01"":0,""CoinCount_02"":0,""CoinCount_03"":0,""CoinCount_04"":0,""CoinCount_05"":0,""CoinCount_06"":0,""ManualPay"":0.0,""TransactionNumber"":0,""TransactionType"":""WDRAWTX""}}'",2025-06-02 13:05:16.548-07:00,2025060213044506,220.0,220.0,COMPLETED,3097,3668,nan,WDRAWTX,ATM
"___13:52:10 403002 ATM.     'Posting Transaction Result  0:{""type"":""ATM"",""accountType"":""CHEKAC"",""seqNumber"":""2025060213515306"",""Authorization"":{""ErrorCode"":""0"",""ErrorDescription"":""0"",""Fee"":0.0,""RegisterTime"":""2025-06-02T13:52:10.765-07:00"",""TransactionNumber"":2025060213515306},""Operation"":{""Amount"":200.0,""BillDespensed"":0.0,""CardNumber"":""3233"",""HostIP"":"""",""RegistrationDatetime"":""2025-06-02T13:52:10.765-07:00"",""SequenceNumber"":""2025060213515306"",""Status"":""DENIED""},""TransactionDetail"":{""Amount"":200.0,""DispensedTotal"":0.0,""BillDenom_01"":1,""BillDenom_02"":5,""BillDenom_03"":10,""BillDenom_04"":20,""BillDenom_05"":50,""BillDenom_06"":100,""CoinDenom_01"":1,""CoinDenom_02"":5,""CoinDenom_03"":10,""CoinDenom_04"":25,""CoinDenom_05"":0,""CoinDenom_06"":0,""BillCount_01"":0,""BillCount_02"":0,""BillCount_03"":0,""BillCount_04"":0,""BillCount_05"":0,""BillCount_06"":0,""CoinCount_01"":0,""CoinCount_02"":0,""CoinCount_03"":0,""CoinCount_04"":0,""CoinCount_05"":0,""CoinCount_06"":0,""ManualPay"":0.0,""TransactionNumber"":0,""TransactionType"":""WDRAWTX""}}'",2025-06-02 13:52:10.765-07:00,2025060213515306,200.0,0.0,DENIED,nan,3233,nan,WDRAWTX,ATM
"___13:53:28 403002 ATM.     'Posting Transaction Result  0:{""type"":""ATM"",""accountType"":""CHEKAC"",""seqNumber"":""2025060213530906"",""Authorization"":{""ErrorCode"":""0"",""ErrorDescription"":""0"",""Fee"":0.0,""RegisterTime"":""2025-06-02T13:53:28.328-07:00"",""TransactionNumber"":2025060213530906},""Operation"":{""Amount"":200.0,""BillDespensed"":0.0,""CardNumber"":""3233"",""HostIP"":"""",""RegistrationDatetime"":""2025-06-02T13:53:28.328-07:00"",""SequenceNumber"":""2025060213530906"",""Status"":""DENIED""},""TransactionDetail"":{""Amount"":200.0,""DispensedTotal"":0.0,""BillDenom_01"":1,""BillDenom_02"":5,""BillDenom_03"":10,""BillDenom_04"":20,""BillDenom_05"":50,""BillDenom_06"":100,""CoinDenom_01"":1,""CoinDenom_02"":5,""CoinDenom_03"":10,""CoinDenom_04"":25,""CoinDenom_05"":0,""CoinDenom_06"":0,""BillCount_01"":0,""BillCount_02"":0,""BillCount_03"":0,""BillCount_04"":0,""BillCount_05"":0,""BillCount_06"":0,""CoinCount_01"":0,""CoinCount_02"":0,""CoinCount_03"":0,""CoinCount_04"":0,""CoinCount_05"":0,""CoinCount_06"":0,""ManualPay"":0.0,""TransactionNumber"":0,""TransactionType"":""WDRAWTX""}}'",2025-06-02 13:53:28.328-07:00,2025060213530906,200.0,0.0,DENIED,nan,3233,nan,WDRAWTX,ATM
"___14:30:24 403002 ATM.     'Posting Transaction Result  0:{""type"":""ATM"",""accountType"":""CHEKAC"",""seqNumber"":""2025060214295406"",""Authorization"":{""AuthNumber"":""3100"",""ErrorCode"":""0"",""ErrorDescription"":""0"",""Fee"":4.95,""OrderId"":""3100"",""RegisterTime"":""2025-06-02T14:30:24.325-07:00"",""TransactionNumber"":2025060214295406},""Operation"":{""Amount"":200.0,""BillDespensed"":200.0,""CardNumber"":""2033"",""HostIP"":"""",""RegistrationDatetime"":""2025-06-02T14:30:24.325-07:00"",""SequenceNumber"":""2025060214295406"",""Status"":""COMPLETED""},""TransactionDetail"":{""Amount"":200.0,""DispensedTotal"":200.0,""BillDenom_01"":1,""BillDenom_02"":5,""BillDenom_03"":10,""BillDenom_04"":20,""BillDenom_05"":50,""BillDenom_06"":100,""CoinDenom_01"":1,""CoinDenom_02"":5,""CoinDenom_03"":10,""CoinDenom_04"":25,""CoinDenom_05"":0,""CoinDenom_06"":0,""BillCount_01"":0,""BillCount_02"":0,""BillCount_03"":0,""BillCount_04"":0,""BillCount_05"":0,""BillCount_06"":2,""CoinCount_01"":0,""CoinCount_02"":0,""CoinCount_03"":0,""CoinCount_04"":0,""CoinCount_05"":0,""CoinCount_06"":0,""ManualPay"":0.0,""TransactionNumber"":0,""TransactionType"":""WDRAWTX""}}'",2025-06-02 14:30:24.325-07:00,2025060214295406,200.0,200.0,COMPLETED,3100,2033,nan,WDRAWTX,ATM
"___14:32:30 403002 ATM.     'Posting Transaction Result  0:{""type"":""ATM"",""accountType"":""CHEKAC"",""seqNumber"":""2025060214315906"",""Authorization"":{""AuthNumber"":""3101"",""ErrorCode"":""0"",""ErrorDescription"":""0"",""Fee"":4.95,""OrderId"":""3101"",""RegisterTime"":""2025-06-02T14:32:30.776-07:00"",""TransactionNumber"":2025060214315906},""Operation"":{""Amount"":500.0,""BillDespensed"":500.0,""CardNumber"":""8693"",""HostIP"":"""",""RegistrationDatetime"":""2025-06-02T14:32:30.776-07:00"",""SequenceNumber"":""2025060214315906"",""Status"":""COMPLETED""},""TransactionDetail"":{""Amount"":500.0,""DispensedTotal"":500.0,""BillDenom_01"":1,""BillDenom_02"":5,""BillDenom_03"":10,""BillDenom_04"":20,""BillDenom_05"":50,""BillDenom_06"":100,""CoinDenom_01"":1,""CoinDenom_02"":5,""CoinDenom_03"":10,""CoinDenom_04"":25,""CoinDenom_05"":0,""CoinDenom_06"":0,""BillCount_01"":0,""BillCount_02"":0,""BillCount_03"":0,""BillCount_04"":0,""BillCount_05"":0,""BillCount_06"":5,""CoinCount_01"":0,""CoinCount_02"":0,""CoinCount_03"":0,""CoinCount_04"":0,""CoinCount_05"":0,""CoinCount_06"":0,""ManualPay"":0.0,""TransactionNumber"":0,""TransactionType"":""WDRAWTX""}}'",2025-06-02 14:32:30.776-07:00,2025060214315906,500.0,500.0,COMPLETED,3101,8693,nan,WDRAWTX,ATM
"___14:38:06 403002 ATM.     'Posting Transaction Result  0:{""type"":""ATM"",""accountType"":""CHEKAC"",""seqNumber"":""2025060214373006"",""Authorization"":{""AuthNumber"":""3102"",""ErrorCode"":""0"",""ErrorDescription"":""0"",""Fee"":4.95,""OrderId"":""3102"",""RegisterTime"":""2025-06-02T14:38:06.418-07:00"",""TransactionNumber"":2025060214373006},""Operation"":{""Amount"":500.0,""BillDespensed"":500.0,""CardNumber"":""5340"",""HostIP"":"""",""RegistrationDatetime"":""2025-06-02T14:38:06.418-07:00"",""SequenceNumber"":""2025060214373006"",""Status"":""COMPLETED""},""TransactionDetail"":{""Amount"":500.0,""DispensedTotal"":500.0,""BillDenom_01"":1,""BillDenom_02"":5,""BillDenom_03"":10,""BillDenom_04"":20,""BillDenom_05"":50,""BillDenom_06"":100,""CoinDenom_01"":1,""CoinDenom_02"":5,""CoinDenom_03"":10,""CoinDenom_04"":25,""CoinDenom_05"":0,""CoinDenom_06"":0,""BillCount_01"":0,""BillCount_02"":0,""BillCount_03"":0,""BillCount_04"":0,""BillCount_05"":0,""BillCount_06"":5,""CoinCount_01"":0,""CoinCount_02"":0,""CoinCount_03"":0,""CoinCount_04"":0,""CoinCount_05"":0,""CoinCount_06"":0,""ManualPay"":0.0,""TransactionNumber"":0,""TransactionType"":""WDRAWTX""}}'",2025-06-02 14:38:06.418-07:00,2025060214373006,500.0,500.0,COMPLETED,3102,5340,nan,WDRAWTX,ATM
"___14:50:52 403002 ATM.     'Posting Transaction Result  0:{""type"":""ATM"",""accountType"":""CHEKAC"",""seqNumber"":""2025060214503906"",""Authorization"":{""ErrorCode"":""0"",""ErrorDescription"":""0"",""Fee"":0.0,""RegisterTime"":""2025-06-02T14:50:52.901-07:00"",""TransactionNumber"":2025060214503906},""Operation"":{""Amount"":100.0,""BillDespensed"":0.0,""CardNumber"":""1506"",""HostIP"":"""",""RegistrationDatetime"":""2025-06-02T14:50:52.901-07:00"",""SequenceNumber"":""2025060214503906"",""Status"":""DENIED""},""TransactionDetail"":{""Amount"":100.0,""DispensedTotal"":0.0,""BillDenom_01"":1,""BillDenom_02"":5,""BillDenom_03"":10,""BillDenom_04"":20,""BillDenom_05"":50,""BillDenom_06"":100,""CoinDenom_01"":1,""CoinDenom_02"":5,""CoinDenom_03"":10,""CoinDenom_04"":25,""CoinDenom_05"":0,""CoinDenom_06"":0,""BillCount_01"":0,""BillCount_02"":0,""BillCount_03"":0,""BillCount_04"":0,""BillCount_05"":0,""BillCount_06"":0,""CoinCount_01"":0,""CoinCount_02"":0,""CoinCount_03"":0,""CoinCount_04"":0,""CoinCount_05"":0,""CoinCount_06"":0,""ManualPay"":0.0,""TransactionNumber"":0,""TransactionType"":""WDRAWTX""}}'",2025-06-02 14:50:52.901-07:00,2025060214503906,100.0,0.0,DENIED,nan,1506,nan,WDRAWTX,ATM
"___14:51:58 403002 ATM.     'Posting Transaction Result  0:{""type"":""ATM"",""accountType"":""CHEKAC"",""seqNumber"":""2025060214514306"",""Authorization"":{""ErrorCode"":""0"",""ErrorDescription"":""0"",""Fee"":0.0,""RegisterTime"":""2025-06-02T14:51:58.406-07:00"",""TransactionNumber"":2025060214514306},""Operation"":{""Amount"":100.0,""BillDespensed"":0.0,""CardNumber"":""1506"",""HostIP"":"""",""RegistrationDatetime"":""2025-06-02T14:51:58.406-07:00"",""SequenceNumber"":""2025060214514306"",""Status"":""DENIED""},""TransactionDetail"":{""Amount"":100.0,""DispensedTotal"":0.0,""BillDenom_01"":1,""BillDenom_02"":5,""BillDenom_03"":10,""BillDenom_04"":20,""BillDenom_05"":50,""BillDenom_06"":100,""CoinDenom_01"":1,""CoinDenom_02"":5,""CoinDenom_03"":10,""CoinDenom_04"":25,""CoinDenom_05"":0,""CoinDenom_06"":0,""BillCount_01"":0,""BillCount_02"":0,""BillCount_03"":0,""BillCount_04"":0,""BillCount_05"":0,""BillCount_06"":0,""CoinCount_01"":0,""CoinCount_02"":0,""CoinCount_03"":0,""CoinCount_04"":0,""CoinCount_05"":0,""CoinCount_06"":0,""ManualPay"":0.0,""TransactionNumber"":0,""TransactionType"":""WDRAWTX""}}'",2025-06-02 14:51:58.406-07:00,2025060214514306,100.0,0.0,DENIED,nan,1506,nan,WDRAWTX,ATM
"___14:53:22 403002 ATM.     'Posting Transaction Result  0:{""type"":""ATM"",""accountType"":""CHEKAC"",""seqNumber"":""2025060214525206"",""Authorization"":{""AuthNumber"":""3105"",""ErrorCode"":""0"",""ErrorDescription"":""0"",""Fee"":4.95,""OrderId"":""3105"",""RegisterTime"":""2025-06-02T14:53:22.394-07:00"",""TransactionNumber"":2025060214525206},""Operation"":{""Amount"":100.0,""BillDespensed"":100.0,""CardNumber"":""1506"",""HostIP"":"""",""RegistrationDatetime"":""2025-06-02T14:53:22.394-07:00"",""SequenceNumber"":""2025060214525206"",""Status"":""COMPLETED""},""TransactionDetail"":{""Amount"":100.0,""DispensedTotal"":100.0,""BillDenom_01"":1,""BillDenom_02"":5,""BillDenom_03"":10,""BillDenom_04"":20,""BillDenom_05"":50,""BillDenom_06"":100,""CoinDenom_01"":1,""CoinDenom_02"":5,""CoinDenom_03"":10,""CoinDenom_04"":25,""CoinDenom_05"":0,""CoinDenom_06"":0,""BillCount_01"":0,""BillCount_02"":0,""BillCount_03"":0,""BillCount_04"":0,""BillCount_05"":0,""BillCount_06"":1,""CoinCount_01"":0,""CoinCount_02"":0,""CoinCount_03"":0,""CoinCount_04"":0,""CoinCount_05"":0,""CoinCount_06"":0,""ManualPay"":0.0,""TransactionNumber"":0,""TransactionType"":""WDRAWTX""}}'",2025-06-02 14:53:22.394-07:00,2025060214525206,100.0,100.0,COMPLETED,3105,1506,nan,WDRAWTX,ATM
"___14:57:31 403002 ATM.     'Posting Transaction Result  0:{""type"":""ATM"",""accountType"":""CHEKAC"",""seqNumber"":""2025060214570006"",""Authorization"":{""AuthNumber"":""3106"",""ErrorCode"":""0"",""ErrorDescription"":""0"",""Fee"":4.95,""OrderId"":""3106"",""RegisterTime"":""2025-06-02T14:57:31.649-07:00"",""TransactionNumber"":2025060214570006},""Operation"":{""Amount"":100.0,""BillDespensed"":100.0,""CardNumber"":""2705"",""HostIP"":"""",""RegistrationDatetime"":""2025-06-02T14:57:31.649-07:00"",""SequenceNumber"":""2025060214570006"",""Status"":""COMPLETED""},""TransactionDetail"":{""Amount"":100.0,""DispensedTotal"":100.0,""BillDenom_01"":1,""BillDenom_02"":5,""BillDenom_03"":10,""BillDenom_04"":20,""BillDenom_05"":50,""BillDenom_06"":100,""CoinDenom_01"":1,""CoinDenom_02"":5,""CoinDenom_03"":10,""CoinDenom_04"":25,""CoinDenom_05"":0,""CoinDenom_06"":0,""BillCount_01"":0,""BillCount_02"":0,""BillCount_03"":0,""BillCount_04"":0,""BillCount_05"":0,""BillCount_06"":1,""CoinCount_01"":0,""CoinCount_02"":0,""CoinCount_03"":0,""CoinCount_04"":0,""CoinCount_05"":0,""CoinCount_06"":0,""ManualPay"":0.0,""TransactionNumber"":0,""TransactionType"":""WDRAWTX""}}'",2025-06-02 14:57:31.649-07:00,2025060214570006,100.0,100.0,COMPLETED,3106,2705,nan,WDRAWTX,ATM
"___15:00:10 403002 ATM.     'Posting Transaction Result  0:{""type"":""ATM"",""accountType"":""CHEKAC"",""seqNumber"":""2025060214593906"",""Authorization"":{""AuthNumber"":""3107"",""ErrorCode"":""0"",""ErrorDescription"":""0"",""Fee"":4.95,""OrderId"":""3107"",""RegisterTime"":""2025-06-02T15:00:10.763-07:00"",""TransactionNumber"":2025060214593906},""Operation"":{""Amount"":60.0,""BillDespensed"":60.0,""CardNumber"":""2517"",""HostIP"":"""",""RegistrationDatetime"":""2025-06-02T15:00:10.763-07:00"",""SequenceNumber"":""2025060214593906"",""Status"":""COMPLETED""},""TransactionDetail"":{""Amount"":60.0,""DispensedTotal"":60.0,""BillDenom_01"":1,""BillDenom_02"":5,""BillDenom_03"":10,""BillDenom_04"":20,""BillDenom_05"":50,""BillDenom_06"":100,""CoinDenom_01"":1,""CoinDenom_02"":5,""CoinDenom_03"":10,""CoinDenom_04"":25,""CoinDenom_05"":0,""CoinDenom_06"":0,""BillCount_01"":0,""BillCount_02"":0,""BillCount_03"":0,""BillCount_04"":3,""BillCount_05"":0,""BillCount_06"":0,""CoinCount_01"":0,""CoinCount_02"":0,""CoinCount_03"":0,""CoinCount_04"":0,""CoinCount_05"":0,""CoinCount_06"":0,""ManualPay"":0.0,""TransactionNumber"":0,""TransactionType"":""WDRAWTX""}}'",2025-06-02 15:00:10.763-07:00,2025060214593906,60.0,60.0,COMPLETED,3107,2517,nan,WDRAWTX,ATM
"___15:30:56 403002 ATM.     'Posting Transaction Result  0:{""type"":""ATM"",""accountType"":""CHEKAC"",""seqNumber"":""2025060215302006"",""Authorization"":{""AuthNumber"":""3108"",""ErrorCode"":""0"",""ErrorDescription"":""0"",""Fee"":4.95,""OrderId"":""3108"",""RegisterTime"":""2025-06-02T15:30:56.499-07:00"",""TransactionNumber"":2025060215302006},""Operation"":{""Amount"":200.0,""BillDespensed"":200.0,""CardNumber"":""7887"",""HostIP"":"""",""RegistrationDatetime"":""2025-06-02T15:30:56.499-07:00"",""SequenceNumber"":""2025060215302006"",""Status"":""COMPLETED""},""TransactionDetail"":{""Amount"":200.0,""DispensedTotal"":200.0,""BillDenom_01"":1,""BillDenom_02"":5,""BillDenom_03"":10,""BillDenom_04"":20,""BillDenom_05"":50,""BillDenom_06"":100,""CoinDenom_01"":1,""CoinDenom_02"":5,""CoinDenom_03"":10,""CoinDenom_04"":25,""CoinDenom_05"":0,""CoinDenom_06"":0,""BillCount_01"":0,""BillCount_02"":0,""BillCount_03"":0,""BillCount_04"":0,""BillCount_05"":0,""BillCount_06"":2,""CoinCount_01"":0,""CoinCount_02"":0,""CoinCount_03"":0,""CoinCount_04"":0,""CoinCount_05"":0,""CoinCount_06"":0,""ManualPay"":0.0,""TransactionNumber"":0,""TransactionType"":""WDRAWTX""}}'",2025-06-02 15:30:56.499-07:00,2025060215302006,200.0,200.0,COMPLETED,3108,7887,nan,WDRAWTX,ATM
"___15:33:45 403002 ATM.     'Posting Transaction Result  0:{""type"":""ATM"",""accountType"":""CHEKAC"",""seqNumber"":""2025060215331606"",""Authorization"":{""AuthNumber"":""3109"",""ErrorCode"":""0"",""ErrorDescription"":""0"",""Fee"":4.95,""OrderId"":""3109"",""RegisterTime"":""2025-06-02T15:33:45.762-07:00"",""TransactionNumber"":2025060215331606},""Operation"":{""Amount"":200.0,""BillDespensed"":200.0,""CardNumber"":""7261"",""HostIP"":"""",""RegistrationDatetime"":""2025-06-02T15:33:45.762-07:00"",""SequenceNumber"":""2025060215331606"",""Status"":""COMPLETED""},""TransactionDetail"":{""Amount"":200.0,""DispensedTotal"":200.0,""BillDenom_01"":1,""BillDenom_02"":5,""BillDenom_03"":10,""BillDenom_04"":20,""BillDenom_05"":50,""BillDenom_06"":100,""CoinDenom_01"":1,""CoinDenom_02"":5,""CoinDenom_03"":10,""CoinDenom_04"":25,""CoinDenom_05"":0,""CoinDenom_06"":0,""BillCount_01"":0,""BillCount_02"":0,""BillCount_03"":0,""BillCount_04"":0,""BillCount_05"":0,""BillCount_06"":2,""CoinCount_01"":0,""CoinCount_02"":0,""CoinCount_03"":0,""CoinCount_04"":0,""CoinCount_05"":0,""CoinCount_06"":0,""ManualPay"":0.0,""TransactionNumber"":0,""TransactionType"":""WDRAWTX""}}'",2025-06-02 15:33:45.762-07:00,2025060215331606,200.0,200.0,COMPLETED,3109,7261,nan,WDRAWTX,ATM
"___15:35:53 403002 ATM.     'Posting Transaction Result  0:{""type"":""ATM"",""accountType"":""CHEKAC"",""seqNumber"":""2025060215353606"",""Authorization"":{""ErrorCode"":""0"",""ErrorDescription"":""0"",""Fee"":0.0,""RegisterTime"":""2025-06-02T15:35:53.733-07:00"",""TransactionNumber"":2025060215353606},""Operation"":{""Amount"":100.0,""BillDespensed"":0.0,""CardNumber"":""9655"",""HostIP"":"""",""RegistrationDatetime"":""2025-06-02T15:35:53.733-07:00"",""SequenceNumber"":""2025060215353606"",""Status"":""DENIED""},""TransactionDetail"":{""Amount"":100.0,""DispensedTotal"":0.0,""BillDenom_01"":1,""BillDenom_02"":5,""BillDenom_03"":10,""BillDenom_04"":20,""BillDenom_05"":50,""BillDenom_06"":100,""CoinDenom_01"":1,""CoinDenom_02"":5,""CoinDenom_03"":10,""CoinDenom_04"":25,""CoinDenom_05"":0,""CoinDenom_06"":0,""BillCount_01"":0,""BillCount_02"":0,""BillCount_03"":0,""BillCount_04"":0,""BillCount_05"":0,""BillCount_06"":0,""CoinCount_01"":0,""CoinCount_02"":0,""CoinCount_03"":0,""CoinCount_04"":0,""CoinCount_05"":0,""CoinCount_06"":0,""ManualPay"":0.0,""TransactionNumber"":0,""TransactionType"":""WDRAWTX""}}'",2025-06-02 15:35:53.733-07:00,2025060215353606,100.0,0.0,DENIED,nan,9655,nan,WDRAWTX,ATM
"___15:37:12 403002 ATM.     'Posting Transaction Result  0:{""type"":""ATM"",""accountType"":""CHEKAC"",""seqNumber"":""2025060215363906"",""Authorization"":{""AuthNumber"":""3111"",""ErrorCode"":""0"",""ErrorDescription"":""0"",""Fee"":4.95,""OrderId"":""3111"",""RegisterTime"":""2025-06-02T15:37:12.563-07:00"",""TransactionNumber"":2025060215363906},""Operation"":{""Amount"":100.0,""BillDespensed"":100.0,""CardNumber"":""9655"",""HostIP"":"""",""RegistrationDatetime"":""2025-06-02T15:37:12.563-07:00"",""SequenceNumber"":""2025060215363906"",""Status"":""COMPLETED""},""TransactionDetail"":{""Amount"":100.0,""DispensedTotal"":100.0,""BillDenom_01"":1,""BillDenom_02"":5,""BillDenom_03"":10,""BillDenom_04"":20,""BillDenom_05"":50,""BillDenom_06"":100,""CoinDenom_01"":1,""CoinDenom_02"":5,""CoinDenom_03"":10,""CoinDenom_04"":25,""CoinDenom_05"":0,""CoinDenom_06"":0,""BillCount_01"":0,""BillCount_02"":0,""BillCount_03"":0,""BillCount_04"":0,""BillCount_05"":0,""BillCount_06"":1,""CoinCount_01"":0,""CoinCount_02"":0,""CoinCount_03"":0,""CoinCount_04"":0,""CoinCount_05"":0,""CoinCount_06"":0,""ManualPay"":0.0,""TransactionNumber"":0,""TransactionType"":""WDRAWTX""}}'",2025-06-02 15:37:12.563-07:00,2025060215363906,100.0,100.0,COMPLETED,3111,9655,nan,WDRAWTX,ATM
"___15:51:29 403002 ATM.     'Posting Transaction Result  0:{""type"":""ATM"",""accountType"":""CHEKAC"",""seqNumber"":""2025060215505406"",""Authorization"":{""AuthNumber"":""3112"",""ErrorCode"":""0"",""ErrorDescription"":""0"",""Fee"":4.95,""OrderId"":""3112"",""RegisterTime"":""2025-06-02T15:51:29.316-07:00"",""TransactionNumber"":2025060215505406},""Operation"":{""Amount"":1000.0,""BillDespensed"":1000.0,""CardNumber"":""2512"",""HostIP"":"""",""RegistrationDatetime"":""2025-06-02T15:51:29.316-07:00"",""SequenceNumber"":""2025060215505406"",""Status"":""COMPLETED""},""TransactionDetail"":{""Amount"":1000.0,""DispensedTotal"":1000.0,""BillDenom_01"":1,""BillDenom_02"":5,""BillDenom_03"":10,""BillDenom_04"":20,""BillDenom_05"":50,""BillDenom_06"":100,""CoinDenom_01"":1,""CoinDenom_02"":5,""CoinDenom_03"":10,""CoinDenom_04"":25,""CoinDenom_05"":0,""CoinDenom_06"":0,""BillCount_01"":0,""BillCount_02"":0,""BillCount_03"":0,""BillCount_04"":0,""BillCount_05"":0,""BillCount_06"":10,""CoinCount_01"":0,""CoinCount_02"":0,""CoinCount_03"":0,""CoinCount_04"":0,""CoinCount_05"":0,""CoinCount_06"":0,""ManualPay"":0.0,""TransactionNumber"":0,""TransactionType"":""WDRAWTX""}}'",2025-06-02 15:51:29.316-07:00,2025060215505406,1000.0,1000.0,COMPLETED,3112,2512,nan,WDRAWTX,ATM
"___16:35:44 403002 ATM.     'Posting Transaction Result  0:{""type"":""ATM"",""accountType"":""CHEKAC"",""seqNumber"":""2025060216351006"",""Authorization"":{""AuthNumber"":""3113"",""ErrorCode"":""0"",""ErrorDescription"":""0"",""Fee"":4.95,""OrderId"":""3113"",""RegisterTime"":""2025-06-02T16:35:44.832-07:00"",""TransactionNumber"":2025060216351006},""Operation"":{""Amount"":800.0,""BillDespensed"":800.0,""CardNumber"":""2672"",""HostIP"":"""",""RegistrationDatetime"":""2025-06-02T16:35:44.832-07:00"",""SequenceNumber"":""2025060216351006"",""Status"":""COMPLETED""},""TransactionDetail"":{""Amount"":800.0,""DispensedTotal"":800.0,""BillDenom_01"":1,""BillDenom_02"":5,""BillDenom_03"":10,""BillDenom_04"":20,""BillDenom_05"":50,""BillDenom_06"":100,""CoinDenom_01"":1,""CoinDenom_02"":5,""CoinDenom_03"":10,""CoinDenom_04"":25,""CoinDenom_05"":0,""CoinDenom_06"":0,""BillCount_01"":0,""BillCount_02"":0,""BillCount_03"":0,""BillCount_04"":0,""BillCount_05"":0,""BillCount_06"":8,""CoinCount_01"":0,""CoinCount_02"":0,""CoinCount_03"":0,""CoinCount_04"":0,""CoinCount_05"":0,""CoinCount_06"":0,""ManualPay"":0.0,""TransactionNumber"":0,""TransactionType"":""WDRAWTX""}}'",2025-06-02 16:35:44.832-07:00,2025060216351006,800.0,800.0,COMPLETED,3113,2672,nan,WDRAWTX,ATM
"___16:42:27 403002 ATM.     'Posting Transaction Result  0:{""type"":""ATM"",""accountType"":""CHEKAC"",""seqNumber"":""2025060216415506"",""Authorization"":{""AuthNumber"":""3114"",""ErrorCode"":""0"",""ErrorDescription"":""0"",""Fee"":4.95,""OrderId"":""3114"",""RegisterTime"":""2025-06-02T16:42:27.211-07:00"",""TransactionNumber"":2025060216415506},""Operation"":{""Amount"":120.0,""BillDespensed"":120.0,""CardNumber"":""3807"",""HostIP"":"""",""RegistrationDatetime"":""2025-06-02T16:42:27.211-07:00"",""SequenceNumber"":""2025060216415506"",""Status"":""COMPLETED""},""TransactionDetail"":{""Amount"":120.0,""DispensedTotal"":120.0,""BillDenom_01"":1,""BillDenom_02"":5,""BillDenom_03"":10,""BillDenom_04"":20,""BillDenom_05"":50,""BillDenom_06"":100,""CoinDenom_01"":1,""CoinDenom_02"":5,""CoinDenom_03"":10,""CoinDenom_04"":25,""CoinDenom_05"":0,""CoinDenom_06"":0,""BillCount_01"":0,""BillCount_02"":0,""BillCount_03"":0,""BillCount_04"":1,""BillCount_05"":0,""BillCount_06"":1,""CoinCount_01"":0,""CoinCount_02"":0,""CoinCount_03"":0,""CoinCount_04"":0,""CoinCount_05"":0,""CoinCount_06"":0,""ManualPay"":0.0,""TransactionNumber"":0,""TransactionType"":""WDRAWTX""}}'",2025-06-02 16:42:27.211-07:00,2025060216415506,120.0,120.0,COMPLETED,3114,3807,nan,WDRAWTX,ATM
"___16:43:46 403002 ATM.     'Posting Transaction Result  0:{""type"":""ATM"",""accountType"":""CHEKAC"",""seqNumber"":""2025060216431606"",""Authorization"":{""AuthNumber"":""3115"",""ErrorCode"":""0"",""ErrorDescription"":""0"",""Fee"":4.95,""OrderId"":""3115"",""RegisterTime"":""2025-06-02T16:43:46.734-07:00"",""TransactionNumber"":2025060216431606},""Operation"":{""Amount"":500.0,""BillDespensed"":500.0,""CardNumber"":""7236"",""HostIP"":"""",""RegistrationDatetime"":""2025-06-02T16:43:46.734-07:00"",""SequenceNumber"":""2025060216431606"",""Status"":""COMPLETED""},""TransactionDetail"":{""Amount"":500.0,""DispensedTotal"":500.0,""BillDenom_01"":1,""BillDenom_02"":5,""BillDenom_03"":10,""BillDenom_04"":20,""BillDenom_05"":50,""BillDenom_06"":100,""CoinDenom_01"":1,""CoinDenom_02"":5,""CoinDenom_03"":10,""CoinDenom_04"":25,""CoinDenom_05"":0,""CoinDenom_06"":0,""BillCount_01"":0,""BillCount_02"":0,""BillCount_03"":0,""BillCount_04"":0,""BillCount_05"":0,""BillCount_06"":5,""CoinCount_01"":0,""CoinCount_02"":0,""CoinCount_03"":0,""CoinCount_04"":0,""CoinCount_05"":0,""CoinCount_06"":0,""ManualPay"":0.0,""TransactionNumber"":0,""TransactionType"":""WDRAWTX""}}'",2025-06-02 16:43:46.734-07:00,2025060216431606,500.0,500.0,COMPLETED,3115,7236,nan,WDRAWTX,ATM
"___16:58:12 403002 ATM.     'Posting Transaction Result  0:{""type"":""ATM"",""accountType"":""CHEKAC"",""seqNumber"":""2025060216573306"",""Authorization"":{""AuthNumber"":""3116"",""ErrorCode"":""0"",""ErrorDescription"":""0"",""Fee"":4.95,""OrderId"":""3116"",""RegisterTime"":""2025-06-02T16:58:12.648-07:00"",""TransactionNumber"":2025060216573306},""Operation"":{""Amount"":60.0,""BillDespensed"":60.0,""CardNumber"":""6840"",""HostIP"":"""",""RegistrationDatetime"":""2025-06-02T16:58:12.648-07:00"",""SequenceNumber"":""2025060216573306"",""Status"":""COMPLETED""},""TransactionDetail"":{""Amount"":60.0,""DispensedTotal"":60.0,""BillDenom_01"":1,""BillDenom_02"":5,""BillDenom_03"":10,""BillDenom_04"":20,""BillDenom_05"":50,""BillDenom_06"":100,""CoinDenom_01"":1,""CoinDenom_02"":5,""CoinDenom_03"":10,""CoinDenom_04"":25,""CoinDenom_05"":0,""CoinDenom_06"":0,""BillCount_01"":0,""BillCount_02"":0,""BillCount_03"":0,""BillCount_04"":3,""BillCount_05"":0,""BillCount_06"":0,""CoinCount_01"":0,""CoinCount_02"":0,""CoinCount_03"":0,""CoinCount_04"":0,""CoinCount_05"":0,""CoinCount_06"":0,""ManualPay"":0.0,""TransactionNumber"":0,""TransactionType"":""WDRAWTX""}}'",2025-06-02 16:58:12.648-07:00,2025060216573306,60.0,60.0,COMPLETED,3116,6840,nan,WDRAWTX,ATM
"___17:07:25 403002 ATM.     'Posting Transaction Result  0:{""type"":""ATM"",""accountType"":""CHEKAC"",""seqNumber"":""2025060217071206"",""Authorization"":{""ErrorCode"":""0"",""ErrorDescription"":""0"",""Fee"":0.0,""RegisterTime"":""2025-06-02T17:07:25.088-07:00"",""TransactionNumber"":2025060217071206},""Operation"":{""Amount"":480.0,""BillDespensed"":0.0,""CardNumber"":""9657"",""HostIP"":"""",""RegistrationDatetime"":""2025-06-02T17:07:25.088-07:00"",""SequenceNumber"":""2025060217071206"",""Status"":""DENIED""},""TransactionDetail"":{""Amount"":480.0,""DispensedTotal"":0.0,""BillDenom_01"":1,""BillDenom_02"":5,""BillDenom_03"":10,""BillDenom_04"":20,""BillDenom_05"":50,""BillDenom_06"":100,""CoinDenom_01"":1,""CoinDenom_02"":5,""CoinDenom_03"":10,""CoinDenom_04"":25,""CoinDenom_05"":0,""CoinDenom_06"":0,""BillCount_01"":0,""BillCount_02"":0,""BillCount_03"":0,""BillCount_04"":0,""BillCount_05"":0,""BillCount_06"":0,""CoinCount_01"":0,""CoinCount_02"":0,""CoinCount_03"":0,""CoinCount_04"":0,""CoinCount_05"":0,""CoinCount_06"":0,""ManualPay"":0.0,""TransactionNumber"":0,""TransactionType"":""WDRAWTX""}}'",2025-06-02 17:07:25.088-07:00,2025060217071206,480.0,0.0,DENIED,nan,9657,nan,WDRAWTX,ATM
"___17:08:41 403002 ATM.     'Posting Transaction Result  0:{""type"":""ATM"",""accountType"":""CHEKAC"",""seqNumber"":""2025060217081106"",""Authorization"":{""AuthNumber"":""3118"",""ErrorCode"":""0"",""ErrorDescription"":""0"",""Fee"":4.95,""OrderId"":""3118"",""RegisterTime"":""2025-06-02T17:08:41.145-07:00"",""TransactionNumber"":2025060217081106},""Operation"":{""Amount"":500.0,""BillDespensed"":500.0,""CardNumber"":""9657"",""HostIP"":"""",""RegistrationDatetime"":""2025-06-02T17:08:41.145-07:00"",""SequenceNumber"":""2025060217081106"",""Status"":""COMPLETED""},""TransactionDetail"":{""Amount"":500.0,""DispensedTotal"":500.0,""BillDenom_01"":1,""BillDenom_02"":5,""BillDenom_03"":10,""BillDenom_04"":20,""BillDenom_05"":50,""BillDenom_06"":100,""CoinDenom_01"":1,""CoinDenom_02"":5,""CoinDenom_03"":10,""CoinDenom_04"":25,""CoinDenom_05"":0,""CoinDenom_06"":0,""BillCount_01"":0,""BillCount_02"":0,""BillCount_03"":0,""BillCount_04"":0,""BillCount_05"":0,""BillCount_06"":5,""CoinCount_01"":0,""CoinCount_02"":0,""CoinCount_03"":0,""CoinCount_04"":0,""CoinCount_05"":0,""CoinCount_06"":0,""ManualPay"":0.0,""TransactionNumber"":0,""TransactionType"":""WDRAWTX""}}'",2025-06-02 17:08:41.145-07:00,2025060217081106,500.0,500.0,COMPLETED,3118,9657,nan,WDRAWTX,ATM
"___17:20:16 403002 ATM.     'Posting Transaction Result  0:{""type"":""ATM"",""accountType"":""CHEKAC"",""seqNumber"":""2025060217195906"",""Authorization"":{""ErrorCode"":""0"",""ErrorDescription"":""0"",""Fee"":0.0,""RegisterTime"":""2025-06-02T17:20:16.222-07:00"",""TransactionNumber"":2025060217195906},""Operation"":{""Amount"":40.0,""BillDespensed"":0.0,""CardNumber"":""5787"",""HostIP"":"""",""RegistrationDatetime"":""2025-06-02T17:20:16.222-07:00"",""SequenceNumber"":""2025060217195906"",""Status"":""DENIED""},""TransactionDetail"":{""Amount"":40.0,""DispensedTotal"":0.0,""BillDenom_01"":1,""BillDenom_02"":5,""BillDenom_03"":10,""BillDenom_04"":20,""BillDenom_05"":50,""BillDenom_06"":100,""CoinDenom_01"":1,""CoinDenom_02"":5,""CoinDenom_03"":10,""CoinDenom_04"":25,""CoinDenom_05"":0,""CoinDenom_06"":0,""BillCount_01"":0,""BillCount_02"":0,""BillCount_03"":0,""BillCount_04"":0,""BillCount_05"":0,""BillCount_06"":0,""CoinCount_01"":0,""CoinCount_02"":0,""CoinCount_03"":0,""CoinCount_04"":0,""CoinCount_05"":0,""CoinCount_06"":0,""ManualPay"":0.0,""TransactionNumber"":0,""TransactionType"":""WDRAWTX""}}'",2025-06-02 17:20:16.222-07:00,2025060217195906,40.0,0.0,DENIED,nan,5787,nan,WDRAWTX,ATM
"___17:43:12 403002 ATM.     'Posting Transaction Result  0:{""type"":""ATM"",""accountType"":""CHEKAC"",""seqNumber"":""2025060217424206"",""Authorization"":{""AuthNumber"":""3120"",""ErrorCode"":""0"",""ErrorDescription"":""0"",""Fee"":4.95,""OrderId"":""3120"",""RegisterTime"":""2025-06-02T17:43:12.776-07:00"",""TransactionNumber"":2025060217424206},""Operation"":{""Amount"":200.0,""BillDespensed"":200.0,""CardNumber"":""9199"",""HostIP"":"""",""RegistrationDatetime"":""2025-06-02T17:43:12.776-07:00"",""SequenceNumber"":""2025060217424206"",""Status"":""COMPLETED""},""TransactionDetail"":{""Amount"":200.0,""DispensedTotal"":200.0,""BillDenom_01"":1,""BillDenom_02"":5,""BillDenom_03"":10,""BillDenom_04"":20,""BillDenom_05"":50,""BillDenom_06"":100,""CoinDenom_01"":1,""CoinDenom_02"":5,""CoinDenom_03"":10,""CoinDenom_04"":25,""CoinDenom_05"":0,""CoinDenom_06"":0,""BillCount_01"":0,""BillCount_02"":0,""BillCount_03"":0,""BillCount_04"":0,""BillCount_05"":0,""BillCount_06"":2,""CoinCount_01"":0,""CoinCount_02"":0,""CoinCount_03"":0,""CoinCount_04"":0,""CoinCount_05"":0,""CoinCount_06"":0,""ManualPay"":0.0,""TransactionNumber"":0,""TransactionType"":""WDRAWTX""}}'",2025-06-02 17:43:12.776-07:00,2025060217424206,200.0,200.0,COMPLETED,3120,9199,nan,WDRAWTX,ATM
"___17:45:07 403002 ATM.     'Posting Transaction Result  0:{""type"":""ATM"",""accountType"":""CHEKAC"",""seqNumber"":""2025060217442606"",""Authorization"":{""AuthNumber"":""3121"",""ErrorCode"":""0"",""ErrorDescription"":""0"",""Fee"":4.95,""OrderId"":""3121"",""RegisterTime"":""2025-06-02T17:45:07.507-07:00"",""TransactionNumber"":2025060217442606},""Operation"":{""Amount"":100.0,""BillDespensed"":100.0,""CardNumber"":""5320"",""HostIP"":"""",""RegistrationDatetime"":""2025-06-02T17:45:07.507-07:00"",""SequenceNumber"":""2025060217442606"",""Status"":""COMPLETED""},""TransactionDetail"":{""Amount"":100.0,""DispensedTotal"":100.0,""BillDenom_01"":1,""BillDenom_02"":5,""BillDenom_03"":10,""BillDenom_04"":20,""BillDenom_05"":50,""BillDenom_06"":100,""CoinDenom_01"":1,""CoinDenom_02"":5,""CoinDenom_03"":10,""CoinDenom_04"":25,""CoinDenom_05"":0,""CoinDenom_06"":0,""BillCount_01"":0,""BillCount_02"":0,""BillCount_03"":0,""BillCount_04"":0,""BillCount_05"":0,""BillCount_06"":1,""CoinCount_01"":0,""CoinCount_02"":0,""CoinCount_03"":0,""CoinCount_04"":0,""CoinCount_05"":0,""CoinCount_06"":0,""ManualPay"":0.0,""TransactionNumber"":0,""TransactionType"":""WDRAWTX""}}'",2025-06-02 17:45:07.507-07:00,2025060217442606,100.0,100.0,COMPLETED,3121,5320,nan,WDRAWTX,ATM
"___18:35:51 403002 ATM.     'Posting Transaction Result  0:{""type"":""ATM"",""accountType"":""CHEKAC"",""seqNumber"":""2025060218351906"",""Authorization"":{""AuthNumber"":""3122"",""ErrorCode"":""0"",""ErrorDescription"":""0"",""Fee"":4.95,""OrderId"":""3122"",""RegisterTime"":""2025-06-02T18:35:51.934-07:00"",""TransactionNumber"":2025060218351906},""Operation"":{""Amount"":1000.0,""BillDespensed"":1000.0,""CardNumber"":""1890"",""HostIP"":"""",""RegistrationDatetime"":""2025-06-02T18:35:51.934-07:00"",""SequenceNumber"":""2025060218351906"",""Status"":""COMPLETED""},""TransactionDetail"":{""Amount"":1000.0,""DispensedTotal"":1000.0,""BillDenom_01"":1,""BillDenom_02"":5,""BillDenom_03"":10,""BillDenom_04"":20,""BillDenom_05"":50,""BillDenom_06"":100,""CoinDenom_01"":1,""CoinDenom_02"":5,""CoinDenom_03"":10,""CoinDenom_04"":25,""CoinDenom_05"":0,""CoinDenom_06"":0,""BillCount_01"":0,""BillCount_02"":0,""BillCount_03"":0,""BillCount_04"":0,""BillCount_05"":0,""BillCount_06"":10,""CoinCount_01"":0,""CoinCount_02"":0,""CoinCount_03"":0,""CoinCount_04"":0,""CoinCount_05"":0,""CoinCount_06"":0,""ManualPay"":0.0,""TransactionNumber"":0,""TransactionType"":""WDRAWTX""}}'",2025-06-02 18:35:51.934-07:00,2025060218351906,1000.0,1000.0,COMPLETED,3122,1890,nan,WDRAWTX,ATM
"___19:25:57 403002 ATM.     'Posting Transaction Result  0:{""type"":""ATM"",""accountType"":""CHEKAC"",""seqNumber"":""2025060219251506"",""Authorization"":{""AuthNumber"":""3123"",""ErrorCode"":""0"",""ErrorDescription"":""0"",""Fee"":4.95,""OrderId"":""3123"",""RegisterTime"":""2025-06-02T19:25:57.897-07:00"",""TransactionNumber"":2025060219251506},""Operation"":{""Amount"":240.0,""BillDespensed"":240.0,""CardNumber"":""6601"",""HostIP"":"""",""RegistrationDatetime"":""2025-06-02T19:25:57.897-07:00"",""SequenceNumber"":""2025060219251506"",""Status"":""COMPLETED""},""TransactionDetail"":{""Amount"":240.0,""DispensedTotal"":240.0,""BillDenom_01"":1,""BillDenom_02"":5,""BillDenom_03"":10,""BillDenom_04"":20,""BillDenom_05"":50,""BillDenom_06"":100,""CoinDenom_01"":1,""CoinDenom_02"":5,""CoinDenom_03"":10,""CoinDenom_04"":25,""CoinDenom_05"":0,""CoinDenom_06"":0,""BillCount_01"":0,""BillCount_02"":0,""BillCount_03"":0,""BillCount_04"":2,""BillCount_05"":0,""BillCount_06"":2,""CoinCount_01"":0,""CoinCount_02"":0,""CoinCount_03"":0,""CoinCount_04"":0,""CoinCount_05"":0,""CoinCount_06"":0,""ManualPay"":0.0,""TransactionNumber"":0,""TransactionType"":""WDRAWTX""}}'",2025-06-02 19:25:57.897-07:00,2025060219251506,240.0,240.0,COMPLETED,3123,6601,nan,WDRAWTX,ATM
"___19:42:27 403002 ATM.     'Posting Transaction Result  0:{""type"":""ATM"",""accountType"":""CHEKAC"",""seqNumber"":""2025060219415406"",""Authorization"":{""AuthNumber"":""3124"",""ErrorCode"":""0"",""ErrorDescription"":""0"",""Fee"":4.95,""OrderId"":""3124"",""RegisterTime"":""2025-06-02T19:42:26.988-07:00"",""TransactionNumber"":2025060219415406},""Operation"":{""Amount"":100.0,""BillDespensed"":100.0,""CardNumber"":""1881"",""HostIP"":"""",""RegistrationDatetime"":""2025-06-02T19:42:26.988-07:00"",""SequenceNumber"":""2025060219415406"",""Status"":""COMPLETED""},""TransactionDetail"":{""Amount"":100.0,""DispensedTotal"":100.0,""BillDenom_01"":1,""BillDenom_02"":5,""BillDenom_03"":10,""BillDenom_04"":20,""BillDenom_05"":50,""BillDenom_06"":100,""CoinDenom_01"":1,""CoinDenom_02"":5,""CoinDenom_03"":10,""CoinDenom_04"":25,""CoinDenom_05"":0,""CoinDenom_06"":0,""BillCount_01"":0,""BillCount_02"":0,""BillCount_03"":0,""BillCount_04"":0,""BillCount_05"":0,""BillCount_06"":1,""CoinCount_01"":0,""CoinCount_02"":0,""CoinCount_03"":0,""CoinCount_04"":0,""CoinCount_05"":0,""CoinCount_06"":0,""ManualPay"":0.0,""TransactionNumber"":0,""TransactionType"":""WDRAWTX""}}'",2025-06-02 19:42:26.988-07:00,2025060219415406,100.0,100.0,COMPLETED,3124,1881,nan,WDRAWTX,ATM
"___20:11:22 403002 ATM.     'Posting Transaction Result  0:{""type"":""ATM"",""accountType"":""CHEKAC"",""seqNumber"":""2025060220104506"",""Authorization"":{""AuthNumber"":""3126"",""ErrorCode"":""0"",""ErrorDescription"":""0"",""Fee"":4.95,""OrderId"":""3126"",""RegisterTime"":""2025-06-02T20:11:21.580-07:00"",""TransactionNumber"":2025060220104506},""Operation"":{""Amount"":80.0,""BillDespensed"":80.0,""CardNumber"":""7431"",""HostIP"":"""",""RegistrationDatetime"":""2025-06-02T20:11:21.580-07:00"",""SequenceNumber"":""2025060220104506"",""Status"":""COMPLETED""},""TransactionDetail"":{""Amount"":80.0,""DispensedTotal"":80.0,""BillDenom_01"":1,""BillDenom_02"":5,""BillDenom_03"":10,""BillDenom_04"":20,""BillDenom_05"":50,""BillDenom_06"":100,""CoinDenom_01"":1,""CoinDenom_02"":5,""CoinDenom_03"":10,""CoinDenom_04"":25,""CoinDenom_05"":0,""CoinDenom_06"":0,""BillCount_01"":0,""BillCount_02"":0,""BillCount_03"":0,""BillCount_04"":4,""BillCount_05"":0,""BillCount_06"":0,""CoinCount_01"":0,""CoinCount_02"":0,""CoinCount_03"":0,""CoinCount_04"":0,""CoinCount_05"":0,""CoinCount_06"":0,""ManualPay"":0.0,""TransactionNumber"":0,""TransactionType"":""WDRAWTX""}}'",2025-06-02 20:11:21.580-07:00,2025060220104506,80.0,80.0,COMPLETED,3126,7431,nan,WDRAWTX,ATM
"___20:14:06 403002 ATM.     'Posting Transaction Result  0:{""type"":""ATM"",""accountType"":""CHEKAC"",""seqNumber"":""2025060220132906"",""Authorization"":{""AuthNumber"":""3127"",""ErrorCode"":""0"",""ErrorDescription"":""0"",""Fee"":4.95,""OrderId"":""3127"",""RegisterTime"":""2025-06-02T20:14:05.956-07:00"",""TransactionNumber"":2025060220132906},""Operation"":{""Amount"":200.0,""BillDespensed"":200.0,""CardNumber"":""2266"",""HostIP"":"""",""RegistrationDatetime"":""2025-06-02T20:14:05.956-07:00"",""SequenceNumber"":""2025060220132906"",""Status"":""COMPLETED""},""TransactionDetail"":{""Amount"":200.0,""DispensedTotal"":200.0,""BillDenom_01"":1,""BillDenom_02"":5,""BillDenom_03"":10,""BillDenom_04"":20,""BillDenom_05"":50,""BillDenom_06"":100,""CoinDenom_01"":1,""CoinDenom_02"":5,""CoinDenom_03"":10,""CoinDenom_04"":25,""CoinDenom_05"":0,""CoinDenom_06"":0,""BillCount_01"":0,""BillCount_02"":0,""BillCount_03"":0,""BillCount_04"":0,""BillCount_05"":0,""BillCount_06"":2,""CoinCount_01"":0,""CoinCount_02"":0,""CoinCount_03"":0,""CoinCount_04"":0,""CoinCount_05"":0,""CoinCount_06"":0,""ManualPay"":0.0,""TransactionNumber"":0,""TransactionType"":""WDRAWTX""}}'",2025-06-02 20:14:05.956-07:00,2025060220132906,200.0,200.0,COMPLETED,3127,2266,nan,WDRAWTX,ATM
"___20:28:04 403002 ATM.     'Posting Transaction Result  0:{""type"":""ATM"",""accountType"":""CHEKAC"",""seqNumber"":""2025060220275206"",""Authorization"":{""ErrorCode"":""0"",""ErrorDescription"":""0"",""Fee"":0.0,""RegisterTime"":""2025-06-02T20:28:04.820-07:00"",""TransactionNumber"":2025060220275206},""Operation"":{""Amount"":400.0,""BillDespensed"":0.0,""CardNumber"":""9834"",""HostIP"":"""",""RegistrationDatetime"":""2025-06-02T20:28:04.820-07:00"",""SequenceNumber"":""2025060220275206"",""Status"":""DENIED""},""TransactionDetail"":{""Amount"":400.0,""DispensedTotal"":0.0,""BillDenom_01"":1,""BillDenom_02"":5,""BillDenom_03"":10,""BillDenom_04"":20,""BillDenom_05"":50,""BillDenom_06"":100,""CoinDenom_01"":1,""CoinDenom_02"":5,""CoinDenom_03"":10,""CoinDenom_04"":25,""CoinDenom_05"":0,""CoinDenom_06"":0,""BillCount_01"":0,""BillCount_02"":0,""BillCount_03"":0,""BillCount_04"":0,""BillCount_05"":0,""BillCount_06"":0,""CoinCount_01"":0,""CoinCount_02"":0,""CoinCount_03"":0,""CoinCount_04"":0,""CoinCount_05"":0,""CoinCount_06"":0,""ManualPay"":0.0,""TransactionNumber"":0,""TransactionType"":""WDRAWTX""}}'",2025-06-02 20:28:04.820-07:00,2025060220275206,400.0,0.0,DENIED,nan,9834,nan,WDRAWTX,ATM
"___20:30:22 403002 ATM.     'Posting Transaction Result  0:{""type"":""ATM"",""accountType"":""CHEKAC"",""seqNumber"":""2025060220300606"",""Authorization"":{""ErrorCode"":""0"",""ErrorDescription"":""0"",""Fee"":0.0,""RegisterTime"":""2025-06-02T20:30:22.178-07:00"",""TransactionNumber"":2025060220300606},""Operation"":{""Amount"":200.0,""BillDespensed"":0.0,""CardNumber"":""8105"",""HostIP"":"""",""RegistrationDatetime"":""2025-06-02T20:30:22.178-07:00"",""SequenceNumber"":""2025060220300606"",""Status"":""DENIED""},""TransactionDetail"":{""Amount"":200.0,""DispensedTotal"":0.0,""BillDenom_01"":1,""BillDenom_02"":5,""BillDenom_03"":10,""BillDenom_04"":20,""BillDenom_05"":50,""BillDenom_06"":100,""CoinDenom_01"":1,""CoinDenom_02"":5,""CoinDenom_03"":10,""CoinDenom_04"":25,""CoinDenom_05"":0,""CoinDenom_06"":0,""BillCount_01"":0,""BillCount_02"":0,""BillCount_03"":0,""BillCount_04"":0,""BillCount_05"":0,""BillCount_06"":0,""CoinCount_01"":0,""CoinCount_02"":0,""CoinCount_03"":0,""CoinCount_04"":0,""CoinCount_05"":0,""CoinCount_06"":0,""ManualPay"":0.0,""TransactionNumber"":0,""TransactionType"":""WDRAWTX""}}'",2025-06-02 20:30:22.178-07:00,2025060220300606,200.0,0.0,DENIED,nan,8105,nan,WDRAWTX,ATM
"___20:31:14 403002 ATM.     'Posting Transaction Result  0:{""type"":""ATM"",""accountType"":""CHEKAC"",""seqNumber"":""2025060220310206"",""Authorization"":{""ErrorCode"":""0"",""ErrorDescription"":""0"",""Fee"":0.0,""RegisterTime"":""2025-06-02T20:31:14.644-07:00"",""TransactionNumber"":2025060220310206},""Operation"":{""Amount"":200.0,""BillDespensed"":0.0,""CardNumber"":""8462"",""HostIP"":"""",""RegistrationDatetime"":""2025-06-02T20:31:14.644-07:00"",""SequenceNumber"":""2025060220310206"",""Status"":""DENIED""},""TransactionDetail"":{""Amount"":200.0,""DispensedTotal"":0.0,""BillDenom_01"":1,""BillDenom_02"":5,""BillDenom_03"":10,""BillDenom_04"":20,""BillDenom_05"":50,""BillDenom_06"":100,""CoinDenom_01"":1,""CoinDenom_02"":5,""CoinDenom_03"":10,""CoinDenom_04"":25,""CoinDenom_05"":0,""CoinDenom_06"":0,""BillCount_01"":0,""BillCount_02"":0,""BillCount_03"":0,""BillCount_04"":0,""BillCount_05"":0,""BillCount_06"":0,""CoinCount_01"":0,""CoinCount_02"":0,""CoinCount_03"":0,""CoinCount_04"":0,""CoinCount_05"":0,""CoinCount_06"":0,""ManualPay"":0.0,""TransactionNumber"":0,""TransactionType"":""WDRAWTX""}}'",2025-06-02 20:31:14.644-07:00,2025060220310206,200.0,0.0,DENIED,nan,8462,nan,WDRAWTX,ATM
"___20:34:52 403002 ATM.     'Posting Transaction Result  0:{""type"":""ATM"",""accountType"":""CHEKAC"",""seqNumber"":""2025060220342006"",""Authorization"":{""AuthNumber"":""3131"",""ErrorCode"":""0"",""ErrorDescription"":""0"",""Fee"":4.95,""OrderId"":""3131"",""RegisterTime"":""2025-06-02T20:34:52.086-07:00"",""TransactionNumber"":2025060220342006},""Operation"":{""Amount"":400.0,""BillDespensed"":400.0,""CardNumber"":""7778"",""HostIP"":"""",""RegistrationDatetime"":""2025-06-02T20:34:52.086-07:00"",""SequenceNumber"":""2025060220342006"",""Status"":""COMPLETED""},""TransactionDetail"":{""Amount"":400.0,""DispensedTotal"":400.0,""BillDenom_01"":1,""BillDenom_02"":5,""BillDenom_03"":10,""BillDenom_04"":20,""BillDenom_05"":50,""BillDenom_06"":100,""CoinDenom_01"":1,""CoinDenom_02"":5,""CoinDenom_03"":10,""CoinDenom_04"":25,""CoinDenom_05"":0,""CoinDenom_06"":0,""BillCount_01"":0,""BillCount_02"":0,""BillCount_03"":0,""BillCount_04"":0,""BillCount_05"":0,""BillCount_06"":4,""CoinCount_01"":0,""CoinCount_02"":0,""CoinCount_03"":0,""CoinCount_04"":0,""CoinCount_05"":0,""CoinCount_06"":0,""ManualPay"":0.0,""TransactionNumber"":0,""TransactionType"":""WDRAWTX""}}'",2025-06-02 20:34:52.086-07:00,2025060220342006,400.0,400.0,COMPLETED,3131,7778,nan,WDRAWTX,ATM
"___20:49:38 403002 ATM.     'Posting Transaction Result  0:{""type"":""ATM"",""accountType"":""CHEKAC"",""seqNumber"":""2025060220490706"",""Authorization"":{""AuthNumber"":""3132"",""ErrorCode"":""0"",""ErrorDescription"":""0"",""Fee"":4.95,""OrderId"":""3132"",""RegisterTime"":""2025-06-02T20:49:38.524-07:00"",""TransactionNumber"":2025060220490706},""Operation"":{""Amount"":100.0,""BillDespensed"":100.0,""CardNumber"":""4274"",""HostIP"":"""",""RegistrationDatetime"":""2025-06-02T20:49:38.524-07:00"",""SequenceNumber"":""2025060220490706"",""Status"":""COMPLETED""},""TransactionDetail"":{""Amount"":100.0,""DispensedTotal"":100.0,""BillDenom_01"":1,""BillDenom_02"":5,""BillDenom_03"":10,""BillDenom_04"":20,""BillDenom_05"":50,""BillDenom_06"":100,""CoinDenom_01"":1,""CoinDenom_02"":5,""CoinDenom_03"":10,""CoinDenom_04"":25,""CoinDenom_05"":0,""CoinDenom_06"":0,""BillCount_01"":0,""BillCount_02"":0,""BillCount_03"":0,""BillCount_04"":0,""BillCount_05"":0,""BillCount_06"":1,""CoinCount_01"":0,""CoinCount_02"":0,""CoinCount_03"":0,""CoinCount_04"":0,""CoinCount_05"":0,""CoinCount_06"":0,""ManualPay"":0.0,""TransactionNumber"":0,""TransactionType"":""WDRAWTX""}}'",2025-06-02 20:49:38.524-07:00,2025060220490706,100.0,100.0,COMPLETED,3132,4274,nan,WDRAWTX,ATM
"___20:56:19 403002 ATM.     'Posting Transaction Result  0:{""type"":""ATM"",""accountType"":""CHEKAC"",""seqNumber"":""2025060220554806"",""Authorization"":{""AuthNumber"":""3133"",""ErrorCode"":""0"",""ErrorDescription"":""0"",""Fee"":4.95,""OrderId"":""3133"",""RegisterTime"":""2025-06-02T20:56:19.098-07:00"",""TransactionNumber"":2025060220554806},""Operation"":{""Amount"":160.0,""BillDespensed"":160.0,""CardNumber"":""3817"",""HostIP"":"""",""RegistrationDatetime"":""2025-06-02T20:56:19.098-07:00"",""SequenceNumber"":""2025060220554806"",""Status"":""COMPLETED""},""TransactionDetail"":{""Amount"":160.0,""DispensedTotal"":160.0,""BillDenom_01"":1,""BillDenom_02"":5,""BillDenom_03"":10,""BillDenom_04"":20,""BillDenom_05"":50,""BillDenom_06"":100,""CoinDenom_01"":1,""CoinDenom_02"":5,""CoinDenom_03"":10,""CoinDenom_04"":25,""CoinDenom_05"":0,""CoinDenom_06"":0,""BillCount_01"":0,""BillCount_02"":0,""BillCount_03"":0,""BillCount_04"":3,""BillCount_05"":0,""BillCount_06"":1,""CoinCount_01"":0,""CoinCount_02"":0,""CoinCount_03"":0,""CoinCount_04"":0,""CoinCount_05"":0,""CoinCount_06"":0,""ManualPay"":0.0,""TransactionNumber"":0,""TransactionType"":""WDRAWTX""}}'",2025-06-02 20:56:19.098-07:00,2025060220554806,160.0,160.0,COMPLETED,3133,3817,nan,WDRAWTX,ATM
"___20:59:21 403002 ATM.     'Posting Transaction Result  0:{""type"":""ATM"",""accountType"":""CHEKAC"",""seqNumber"":""2025060220585206"",""Authorization"":{""AuthNumber"":""3134"",""ErrorCode"":""0"",""ErrorDescription"":""0"",""Fee"":4.95,""OrderId"":""3134"",""RegisterTime"":""2025-06-02T20:59:21.940-07:00"",""TransactionNumber"":2025060220585206},""Operation"":{""Amount"":100.0,""BillDespensed"":100.0,""CardNumber"":""0190"",""HostIP"":"""",""RegistrationDatetime"":""2025-06-02T20:59:21.940-07:00"",""SequenceNumber"":""2025060220585206"",""Status"":""COMPLETED""},""TransactionDetail"":{""Amount"":100.0,""DispensedTotal"":100.0,""BillDenom_01"":1,""BillDenom_02"":5,""BillDenom_03"":10,""BillDenom_04"":20,""BillDenom_05"":50,""BillDenom_06"":100,""CoinDenom_01"":1,""CoinDenom_02"":5,""CoinDenom_03"":10,""CoinDenom_04"":25,""CoinDenom_05"":0,""CoinDenom_06"":0,""BillCount_01"":0,""BillCount_02"":0,""BillCount_03"":0,""BillCount_04"":0,""BillCount_05"":0,""BillCount_06"":1,""CoinCount_01"":0,""CoinCount_02"":0,""CoinCount_03"":0,""CoinCount_04"":0,""CoinCount_05"":0,""CoinCount_06"":0,""ManualPay"":0.0,""TransactionNumber"":0,""TransactionType"":""WDRAWTX""}}'",2025-06-02 20:59:21.940-07:00,2025060220585206,100.0,100.0,COMPLETED,3134,0190,nan,WDRAWTX,ATM
"___21:28:02 403002 ATM.     'Posting Transaction Result  0:{""type"":""ATM"",""accountType"":""CHEKAC"",""seqNumber"":""2025060221272506"",""Authorization"":{""AuthNumber"":""3135"",""ErrorCode"":""0"",""ErrorDescription"":""0"",""Fee"":4.95,""OrderId"":""3135"",""RegisterTime"":""2025-06-02T21:28:02.438-07:00"",""TransactionNumber"":2025060221272506},""Operation"":{""Amount"":100.0,""BillDespensed"":100.0,""CardNumber"":""6848"",""HostIP"":"""",""RegistrationDatetime"":""2025-06-02T21:28:02.438-07:00"",""SequenceNumber"":""2025060221272506"",""Status"":""COMPLETED""},""TransactionDetail"":{""Amount"":100.0,""DispensedTotal"":100.0,""BillDenom_01"":1,""BillDenom_02"":5,""BillDenom_03"":10,""BillDenom_04"":20,""BillDenom_05"":50,""BillDenom_06"":100,""CoinDenom_01"":1,""CoinDenom_02"":5,""CoinDenom_03"":10,""CoinDenom_04"":25,""CoinDenom_05"":0,""CoinDenom_06"":0,""BillCount_01"":0,""BillCount_02"":0,""BillCount_03"":0,""BillCount_04"":0,""BillCount_05"":0,""BillCount_06"":1,""CoinCount_01"":0,""CoinCount_02"":0,""CoinCount_03"":0,""CoinCount_04"":0,""CoinCount_05"":0,""CoinCount_06"":0,""ManualPay"":0.0,""TransactionNumber"":0,""TransactionType"":""WDRAWTX""}}'",2025-06-02 21:28:02.438-07:00,2025060221272506,100.0,100.0,COMPLETED,3135,6848,nan,WDRAWTX,ATM
"___21:52:57 403002 ATM.     'Posting Transaction Result  0:{""type"":""ATM"",""accountType"":""CHEKAC"",""seqNumber"":""2025060221521706"",""Authorization"":{""AuthNumber"":""3136"",""ErrorCode"":""0"",""ErrorDescription"":""0"",""Fee"":4.95,""OrderId"":""3136"",""RegisterTime"":""2025-06-02T21:52:57.697-07:00"",""TransactionNumber"":2025060221521706},""Operation"":{""Amount"":320.0,""BillDespensed"":320.0,""CardNumber"":""3903"",""HostIP"":"""",""RegistrationDatetime"":""2025-06-02T21:52:57.697-07:00"",""SequenceNumber"":""2025060221521706"",""Status"":""COMPLETED""},""TransactionDetail"":{""Amount"":320.0,""DispensedTotal"":320.0,""BillDenom_01"":1,""BillDenom_02"":5,""BillDenom_03"":10,""BillDenom_04"":20,""BillDenom_05"":50,""BillDenom_06"":100,""CoinDenom_01"":1,""CoinDenom_02"":5,""CoinDenom_03"":10,""CoinDenom_04"":25,""CoinDenom_05"":0,""CoinDenom_06"":0,""BillCount_01"":0,""BillCount_02"":0,""BillCount_03"":0,""BillCount_04"":1,""BillCount_05"":0,""BillCount_06"":3,""CoinCount_01"":0,""CoinCount_02"":0,""CoinCount_03"":0,""CoinCount_04"":0,""CoinCount_05"":0,""CoinCount_06"":0,""ManualPay"":0.0,""TransactionNumber"":0,""TransactionType"":""WDRAWTX""}}'",2025-06-02 21:52:57.697-07:00,2025060221521706,320.0,320.0,COMPLETED,3136,3903,nan,WDRAWTX,ATM
"___21:54:31 403002 ATM.     'Posting Transaction Result  0:{""type"":""ATM"",""accountType"":""CHEKAC"",""seqNumber"":""2025060221535706"",""Authorization"":{""AuthNumber"":""3137"",""ErrorCode"":""0"",""ErrorDescription"":""0"",""Fee"":4.95,""OrderId"":""3137"",""RegisterTime"":""2025-06-02T21:54:31.807-07:00"",""TransactionNumber"":2025060221535706},""Operation"":{""Amount"":500.0,""BillDespensed"":500.0,""CardNumber"":""9796"",""HostIP"":"""",""RegistrationDatetime"":""2025-06-02T21:54:31.807-07:00"",""SequenceNumber"":""2025060221535706"",""Status"":""COMPLETED""},""TransactionDetail"":{""Amount"":500.0,""DispensedTotal"":500.0,""BillDenom_01"":1,""BillDenom_02"":5,""BillDenom_03"":10,""BillDenom_04"":20,""BillDenom_05"":50,""BillDenom_06"":100,""CoinDenom_01"":1,""CoinDenom_02"":5,""CoinDenom_03"":10,""CoinDenom_04"":25,""CoinDenom_05"":0,""CoinDenom_06"":0,""BillCount_01"":0,""BillCount_02"":0,""BillCount_03"":0,""BillCount_04"":0,""BillCount_05"":0,""BillCount_06"":5,""CoinCount_01"":0,""CoinCount_02"":0,""CoinCount_03"":0,""CoinCount_04"":0,""CoinCount_05"":0,""CoinCount_06"":0,""ManualPay"":0.0,""TransactionNumber"":0,""TransactionType"":""WDRAWTX""}}'",2025-06-02 21:54:31.807-07:00,2025060221535706,500.0,500.0,COMPLETED,3137,9796,nan,WDRAWTX,ATM
"___22:04:19 403002 ATM.     'Posting Transaction Result  0:{""type"":""ATM"",""accountType"":""CHEKAC"",""seqNumber"":""2025060222033006"",""Authorization"":{""AuthNumber"":""3138"",""ErrorCode"":""0"",""ErrorDescription"":""0"",""Fee"":4.95,""OrderId"":""3138"",""RegisterTime"":""2025-06-02T22:04:19.248-07:00"",""TransactionNumber"":2025060222033006},""Operation"":{""Amount"":100.0,""BillDespensed"":100.0,""CardNumber"":""3796"",""HostIP"":"""",""RegistrationDatetime"":""2025-06-02T22:04:19.248-07:00"",""SequenceNumber"":""2025060222033006"",""Status"":""COMPLETED""},""TransactionDetail"":{""Amount"":100.0,""DispensedTotal"":100.0,""BillDenom_01"":1,""BillDenom_02"":5,""BillDenom_03"":10,""BillDenom_04"":20,""BillDenom_05"":50,""BillDenom_06"":100,""CoinDenom_01"":1,""CoinDenom_02"":5,""CoinDenom_03"":10,""CoinDenom_04"":25,""CoinDenom_05"":0,""CoinDenom_06"":0,""BillCount_01"":0,""BillCount_02"":0,""BillCount_03"":0,""BillCount_04"":0,""BillCount_05"":0,""BillCount_06"":1,""CoinCount_01"":0,""CoinCount_02"":0,""CoinCount_03"":0,""CoinCount_04"":0,""CoinCount_05"":0,""CoinCount_06"":0,""ManualPay"":0.0,""TransactionNumber"":0,""TransactionType"":""WDRAWTX""}}'",2025-06-02 22:04:19.248-07:00,2025060222033006,100.0,100.0,COMPLETED,3138,3796,nan,WDRAWTX,ATM
"___22:06:30 403002 ATM.     'Posting Transaction Result  0:{""type"":""ATM"",""accountType"":""CHEKAC"",""seqNumber"":""2025060222055606"",""Authorization"":{""AuthNumber"":""3139"",""ErrorCode"":""0"",""ErrorDescription"":""0"",""Fee"":4.95,""OrderId"":""3139"",""RegisterTime"":""2025-06-02T22:06:30.615-07:00"",""TransactionNumber"":2025060222055606},""Operation"":{""Amount"":60.0,""BillDespensed"":60.0,""CardNumber"":""3796"",""HostIP"":"""",""RegistrationDatetime"":""2025-06-02T22:06:30.615-07:00"",""SequenceNumber"":""2025060222055606"",""Status"":""COMPLETED""},""TransactionDetail"":{""Amount"":60.0,""DispensedTotal"":60.0,""BillDenom_01"":1,""BillDenom_02"":5,""BillDenom_03"":10,""BillDenom_04"":20,""BillDenom_05"":50,""BillDenom_06"":100,""CoinDenom_01"":1,""CoinDenom_02"":5,""CoinDenom_03"":10,""CoinDenom_04"":25,""CoinDenom_05"":0,""CoinDenom_06"":0,""BillCount_01"":0,""BillCount_02"":0,""BillCount_03"":0,""BillCount_04"":3,""BillCount_05"":0,""BillCount_06"":0,""CoinCount_01"":0,""CoinCount_02"":0,""CoinCount_03"":0,""CoinCount_04"":0,""CoinCount_05"":0,""CoinCount_06"":0,""ManualPay"":0.0,""TransactionNumber"":0,""TransactionType"":""WDRAWTX""}}'",2025-06-02 22:06:30.615-07:00,2025060222055606,60.0,60.0,COMPLETED,3139,3796,nan,WDRAWTX,ATM
"___22:18:36 403002 ATM.     'Posting Transaction Result  0:{""type"":""ATM"",""accountType"":""CHEKAC"",""seqNumber"":""2025060222181206"",""Authorization"":{""ErrorCode"":""0"",""ErrorDescription"":""0"",""Fee"":0.0,""RegisterTime"":""2025-06-02T22:18:36.212-07:00"",""TransactionNumber"":2025060222181206},""Operation"":{""Amount"":60.0,""BillDespensed"":0.0,""CardNumber"":""3317"",""HostIP"":"""",""RegistrationDatetime"":""2025-06-02T22:18:36.212-07:00"",""SequenceNumber"":""2025060222181206"",""Status"":""DENIED""},""TransactionDetail"":{""Amount"":60.0,""DispensedTotal"":0.0,""BillDenom_01"":1,""BillDenom_02"":5,""BillDenom_03"":10,""BillDenom_04"":20,""BillDenom_05"":50,""BillDenom_06"":100,""CoinDenom_01"":1,""CoinDenom_02"":5,""CoinDenom_03"":10,""CoinDenom_04"":25,""CoinDenom_05"":0,""CoinDenom_06"":0,""BillCount_01"":0,""BillCount_02"":0,""BillCount_03"":0,""BillCount_04"":0,""BillCount_05"":0,""BillCount_06"":0,""CoinCount_01"":0,""CoinCount_02"":0,""CoinCount_03"":0,""CoinCount_04"":0,""CoinCount_05"":0,""CoinCount_06"":0,""ManualPay"":0.0,""TransactionNumber"":0,""TransactionType"":""WDRAWTX""}}'",2025-06-02 22:18:36.212-07:00,2025060222181206,60.0,0.0,DENIED,nan,3317,nan,WDRAWTX,ATM
"___22:21:15 403002 ATM.     'Posting Transaction Result  0:{""type"":""ATM"",""accountType"":""CHEKAC"",""seqNumber"":""2025060222203406"",""Authorization"":{""AuthNumber"":""3141"",""ErrorCode"":""0"",""ErrorDescription"":""0"",""Fee"":4.95,""OrderId"":""3141"",""RegisterTime"":""2025-06-02T22:21:15.307-07:00"",""TransactionNumber"":2025060222203406},""Operation"":{""Amount"":40.0,""BillDespensed"":40.0,""CardNumber"":""3317"",""HostIP"":"""",""RegistrationDatetime"":""2025-06-02T22:21:15.307-07:00"",""SequenceNumber"":""2025060222203406"",""Status"":""COMPLETED""},""TransactionDetail"":{""Amount"":40.0,""DispensedTotal"":40.0,""BillDenom_01"":1,""BillDenom_02"":5,""BillDenom_03"":10,""BillDenom_04"":20,""BillDenom_05"":50,""BillDenom_06"":100,""CoinDenom_01"":1,""CoinDenom_02"":5,""CoinDenom_03"":10,""CoinDenom_04"":25,""CoinDenom_05"":0,""CoinDenom_06"":0,""BillCount_01"":0,""BillCount_02"":0,""BillCount_03"":0,""BillCount_04"":2,""BillCount_05"":0,""BillCount_06"":0,""CoinCount_01"":0,""CoinCount_02"":0,""CoinCount_03"":0,""CoinCount_04"":0,""CoinCount_05"":0,""CoinCount_06"":0,""ManualPay"":0.0,""TransactionNumber"":0,""TransactionType"":""WDRAWTX""}}'",2025-06-02 22:21:15.307-07:00,2025060222203406,40.0,40.0,COMPLETED,3141,3317,nan,WDRAWTX,ATM
"___22:46:10 403002 ATM.     'Posting Transaction Result  0:{""type"":""ATM"",""accountType"":""CHEKAC"",""seqNumber"":""2025060222453606"",""Authorization"":{""AuthNumber"":""3143"",""ErrorCode"":""0"",""ErrorDescription"":""0"",""Fee"":4.95,""OrderId"":""3143"",""RegisterTime"":""2025-06-02T22:46:10.864-07:00"",""TransactionNumber"":2025060222453606},""Operation"":{""Amount"":500.0,""BillDespensed"":500.0,""CardNumber"":""9305"",""HostIP"":"""",""RegistrationDatetime"":""2025-06-02T22:46:10.864-07:00"",""SequenceNumber"":""2025060222453606"",""Status"":""COMPLETED""},""TransactionDetail"":{""Amount"":500.0,""DispensedTotal"":500.0,""BillDenom_01"":1,""BillDenom_02"":5,""BillDenom_03"":10,""BillDenom_04"":20,""BillDenom_05"":50,""BillDenom_06"":100,""CoinDenom_01"":1,""CoinDenom_02"":5,""CoinDenom_03"":10,""CoinDenom_04"":25,""CoinDenom_05"":0,""CoinDenom_06"":0,""BillCount_01"":0,""BillCount_02"":0,""BillCount_03"":0,""BillCount_04"":0,""BillCount_05"":0,""BillCount_06"":5,""CoinCount_01"":0,""CoinCount_02"":0,""CoinCount_03"":0,""CoinCount_04"":0,""CoinCount_05"":0,""CoinCount_06"":0,""ManualPay"":0.0,""TransactionNumber"":0,""TransactionType"":""WDRAWTX""}}'",2025-06-02 22:46:10.864-07:00,2025060222453606,500.0,500.0,COMPLETED,3143,9305,nan,WDRAWTX,ATM
"___22:51:29 403002 ATM.     'Posting Transaction Result  0:{""type"":""ATM"",""accountType"":""CHEKAC"",""seqNumber"":""2025060222505706"",""Authorization"":{""AuthNumber"":""3144"",""ErrorCode"":""0"",""ErrorDescription"":""0"",""Fee"":4.95,""OrderId"":""3144"",""RegisterTime"":""2025-06-02T22:51:29.776-07:00"",""TransactionNumber"":2025060222505706},""Operation"":{""Amount"":200.0,""BillDespensed"":200.0,""CardNumber"":""0450"",""HostIP"":"""",""RegistrationDatetime"":""2025-06-02T22:51:29.776-07:00"",""SequenceNumber"":""2025060222505706"",""Status"":""COMPLETED""},""TransactionDetail"":{""Amount"":200.0,""DispensedTotal"":200.0,""BillDenom_01"":1,""BillDenom_02"":5,""BillDenom_03"":10,""BillDenom_04"":20,""BillDenom_05"":50,""BillDenom_06"":100,""CoinDenom_01"":1,""CoinDenom_02"":5,""CoinDenom_03"":10,""CoinDenom_04"":25,""CoinDenom_05"":0,""CoinDenom_06"":0,""BillCount_01"":0,""BillCount_02"":0,""BillCount_03"":0,""BillCount_04"":0,""BillCount_05"":0,""BillCount_06"":2,""CoinCount_01"":0,""CoinCount_02"":0,""CoinCount_03"":0,""CoinCount_04"":0,""CoinCount_05"":0,""CoinCount_06"":0,""ManualPay"":0.0,""TransactionNumber"":0,""TransactionType"":""WDRAWTX""}}'",2025-06-02 22:51:29.776-07:00,2025060222505706,200.0,200.0,COMPLETED,3144,0450,nan,WDRAWTX,ATM
"___23:11:55 403002 ATM.     'Posting Transaction Result  0:{""type"":""ATM"",""accountType"":""CHEKAC"",""seqNumber"":""2025060223112106"",""Authorization"":{""AuthNumber"":""3146"",""ErrorCode"":""0"",""ErrorDescription"":""0"",""Fee"":4.95,""OrderId"":""3146"",""RegisterTime"":""2025-06-02T23:11:55.744-07:00"",""TransactionNumber"":2025060223112106},""Operation"":{""Amount"":60.0,""BillDespensed"":60.0,""CardNumber"":""5711"",""HostIP"":"""",""RegistrationDatetime"":""2025-06-02T23:11:55.744-07:00"",""SequenceNumber"":""2025060223112106"",""Status"":""COMPLETED""},""TransactionDetail"":{""Amount"":60.0,""DispensedTotal"":60.0,""BillDenom_01"":1,""BillDenom_02"":5,""BillDenom_03"":10,""BillDenom_04"":20,""BillDenom_05"":50,""BillDenom_06"":100,""CoinDenom_01"":1,""CoinDenom_02"":5,""CoinDenom_03"":10,""CoinDenom_04"":25,""CoinDenom_05"":0,""CoinDenom_06"":0,""BillCount_01"":0,""BillCount_02"":0,""BillCount_03"":0,""BillCount_04"":3,""BillCount_05"":0,""BillCount_06"":0,""CoinCount_01"":0,""CoinCount_02"":0,""CoinCount_03"":0,""CoinCount_04"":0,""CoinCount_05"":0,""CoinCount_06"":0,""ManualPay"":0.0,""TransactionNumber"":0,""TransactionType"":""WDRAWTX""}}'",2025-06-02 23:11:55.744-07:00,2025060223112106,60.0,60.0,COMPLETED,3146,5711,nan,WDRAWTX,ATM
"___23:13:41 403002 ATM.     'Posting Transaction Result  0:{""type"":""ATM"",""accountType"":""CHEKAC"",""seqNumber"":""2025060223132306"",""Authorization"":{""ErrorCode"":""0"",""ErrorDescription"":""0"",""Fee"":0.0,""RegisterTime"":""2025-06-02T23:13:41.473-07:00"",""TransactionNumber"":2025060223132306},""Operation"":{""Amount"":80.0,""BillDespensed"":0.0,""CardNumber"":""0191"",""HostIP"":"""",""RegistrationDatetime"":""2025-06-02T23:13:41.473-07:00"",""SequenceNumber"":""2025060223132306"",""Status"":""DENIED""},""TransactionDetail"":{""Amount"":80.0,""DispensedTotal"":0.0,""BillDenom_01"":1,""BillDenom_02"":5,""BillDenom_03"":10,""BillDenom_04"":20,""BillDenom_05"":50,""BillDenom_06"":100,""CoinDenom_01"":1,""CoinDenom_02"":5,""CoinDenom_03"":10,""CoinDenom_04"":25,""CoinDenom_05"":0,""CoinDenom_06"":0,""BillCount_01"":0,""BillCount_02"":0,""BillCount_03"":0,""BillCount_04"":0,""BillCount_05"":0,""BillCount_06"":0,""CoinCount_01"":0,""CoinCount_02"":0,""CoinCount_03"":0,""CoinCount_04"":0,""CoinCount_05"":0,""CoinCount_06"":0,""ManualPay"":0.0,""TransactionNumber"":0,""TransactionType"":""WDRAWTX""}}'",2025-06-02 23:13:41.473-07:00,2025060223132306,80.0,0.0,DENIED,nan,0191,nan,WDRAWTX,ATM
"___23:20:13 403002 ATM.     'Posting Transaction Result  0:{""type"":""ATM"",""accountType"":""CHEKAC"",""seqNumber"":""2025060223191206"",""Authorization"":{""ErrorCode"":""0"",""ErrorDescription"":""0"",""Fee"":0.0,""RegisterTime"":""2025-06-02T23:20:13.072-07:00"",""TransactionNumber"":2025060223191206},""Operation"":{""Amount"":60.0,""BillDespensed"":0.0,""CardNumber"":""5001"",""HostIP"":"""",""RegistrationDatetime"":""2025-06-02T23:20:13.072-07:00"",""SequenceNumber"":""2025060223191206"",""Status"":""DENIED""},""TransactionDetail"":{""Amount"":60.0,""DispensedTotal"":0.0,""BillDenom_01"":1,""BillDenom_02"":5,""BillDenom_03"":10,""BillDenom_04"":20,""BillDenom_05"":50,""BillDenom_06"":100,""CoinDenom_01"":1,""CoinDenom_02"":5,""CoinDenom_03"":10,""CoinDenom_04"":25,""CoinDenom_05"":0,""CoinDenom_06"":0,""BillCount_01"":0,""BillCount_02"":0,""BillCount_03"":0,""BillCount_04"":0,""BillCount_05"":0,""BillCount_06"":0,""CoinCount_01"":0,""CoinCount_02"":0,""CoinCount_03"":0,""CoinCount_04"":0,""CoinCount_05"":0,""CoinCount_06"":0,""ManualPay"":0.0,""TransactionNumber"":0,""TransactionType"":""WDRAWTX""}}'",2025-06-02 23:20:13.072-07:00,2025060223191206,60.0,0.0,DENIED,nan,5001,nan,WDRAWTX,ATM
"___23:35:08 403002 ATM.     'Posting Transaction Result  0:{""type"":""ATM"",""accountType"":""CHEKAC"",""seqNumber"":""2025060223342806"",""Authorization"":{""AuthNumber"":""3151"",""ErrorCode"":""0"",""ErrorDescription"":""0"",""Fee"":4.95,""OrderId"":""3151"",""RegisterTime"":""2025-06-02T23:35:08.373-07:00"",""TransactionNumber"":2025060223342806},""Operation"":{""Amount"":120.0,""BillDespensed"":120.0,""CardNumber"":""6623"",""HostIP"":"""",""RegistrationDatetime"":""2025-06-02T23:35:08.373-07:00"",""SequenceNumber"":""2025060223342806"",""Status"":""COMPLETED""},""TransactionDetail"":{""Amount"":120.0,""DispensedTotal"":120.0,""BillDenom_01"":1,""BillDenom_02"":5,""BillDenom_03"":10,""BillDenom_04"":20,""BillDenom_05"":50,""BillDenom_06"":100,""CoinDenom_01"":1,""CoinDenom_02"":5,""CoinDenom_03"":10,""CoinDenom_04"":25,""CoinDenom_05"":0,""CoinDenom_06"":0,""BillCount_01"":0,""BillCount_02"":0,""BillCount_03"":0,""BillCount_04"":1,""BillCount_05"":0,""BillCount_06"":1,""CoinCount_01"":0,""CoinCount_02"":0,""CoinCount_03"":0,""CoinCount_04"":0,""CoinCount_05"":0,""CoinCount_06"":0,""ManualPay"":0.0,""TransactionNumber"":0,""TransactionType"":""WDRAWTX""}}'",2025-06-02 23:35:08.373-07:00,2025060223342806,120.0,120.0,COMPLETED,3151,6623,nan,WDRAWTX,ATM
"___23:47:30 403002 ATM.     'Posting Transaction Result  0:{""type"":""ATM"",""accountType"":""CHEKAC"",""seqNumber"":""2025060223465106"",""Authorization"":{""AuthNumber"":""3152"",""ErrorCode"":""0"",""ErrorDescription"":""0"",""Fee"":4.95,""OrderId"":""3152"",""RegisterTime"":""2025-06-02T23:47:30.321-07:00"",""TransactionNumber"":2025060223465106},""Operation"":{""Amount"":200.0,""BillDespensed"":200.0,""CardNumber"":""2968"",""HostIP"":"""",""RegistrationDatetime"":""2025-06-02T23:47:30.321-07:00"",""SequenceNumber"":""2025060223465106"",""Status"":""COMPLETED""},""TransactionDetail"":{""Amount"":200.0,""DispensedTotal"":200.0,""BillDenom_01"":1,""BillDenom_02"":5,""BillDenom_03"":10,""BillDenom_04"":20,""BillDenom_05"":50,""BillDenom_06"":100,""CoinDenom_01"":1,""CoinDenom_02"":5,""CoinDenom_03"":10,""CoinDenom_04"":25,""CoinDenom_05"":0,""CoinDenom_06"":0,""BillCount_01"":0,""BillCount_02"":0,""BillCount_03"":0,""BillCount_04"":0,""BillCount_05"":0,""BillCount_06"":2,""CoinCount_01"":0,""CoinCount_02"":0,""CoinCount_03"":0,""CoinCount_04"":0,""CoinCount_05"":0,""CoinCount_06"":0,""ManualPay"":0.0,""TransactionNumber"":0,""TransactionType"":""WDRAWTX""}}'",2025-06-02 23:47:30.321-07:00,2025060223465106,200.0,200.0,COMPLETED,3152,2968,nan,WDRAWTX,ATM
"___00:46:54 403002 ATM.     'Posting Transaction Result  0:{""type"":""ATM"",""accountType"":""CHEKAC"",""seqNumber"":""2025060300461206"",""Authorization"":{""AuthNumber"":""3153"",""ErrorCode"":""0"",""ErrorDescription"":""0"",""Fee"":4.95,""OrderId"":""3153"",""RegisterTime"":""2025-06-03T00:46:54.801-07:00"",""TransactionNumber"":2025060300461206},""Operation"":{""Amount"":140.0,""BillDespensed"":140.0,""CardNumber"":""4503"",""HostIP"":"""",""RegistrationDatetime"":""2025-06-03T00:46:54.801-07:00"",""SequenceNumber"":""2025060300461206"",""Status"":""COMPLETED""},""TransactionDetail"":{""Amount"":140.0,""DispensedTotal"":140.0,""BillDenom_01"":1,""BillDenom_02"":5,""BillDenom_03"":10,""BillDenom_04"":20,""BillDenom_05"":50,""BillDenom_06"":100,""CoinDenom_01"":1,""CoinDenom_02"":5,""CoinDenom_03"":10,""CoinDenom_04"":25,""CoinDenom_05"":0,""CoinDenom_06"":0,""BillCount_01"":0,""BillCount_02"":0,""BillCount_03"":0,""BillCount_04"":2,""BillCount_05"":0,""BillCount_06"":1,""CoinCount_01"":0,""CoinCount_02"":0,""CoinCount_03"":0,""CoinCount_04"":0,""CoinCount_05"":0,""CoinCount_06"":0,""ManualPay"":0.0,""TransactionNumber"":0,""TransactionType"":""WDRAWTX""}}'",2025-06-03 00:46:54.801-07:00,2025060300461206,140.0,140.0,COMPLETED,3153,4503,nan,WDRAWTX,ATM
"___00:50:43 403002 ATM.     'Posting Transaction Result  0:{""type"":""ATM"",""accountType"":""CHEKAC"",""seqNumber"":""2025060300500406"",""Authorization"":{""AuthNumber"":""3154"",""ErrorCode"":""0"",""ErrorDescription"":""0"",""Fee"":4.95,""OrderId"":""3154"",""RegisterTime"":""2025-06-03T00:50:43.523-07:00"",""TransactionNumber"":2025060300500406},""Operation"":{""Amount"":800.0,""BillDespensed"":800.0,""CardNumber"":""3429"",""HostIP"":"""",""RegistrationDatetime"":""2025-06-03T00:50:43.523-07:00"",""SequenceNumber"":""2025060300500406"",""Status"":""COMPLETED""},""TransactionDetail"":{""Amount"":800.0,""DispensedTotal"":800.0,""BillDenom_01"":1,""BillDenom_02"":5,""BillDenom_03"":10,""BillDenom_04"":20,""BillDenom_05"":50,""BillDenom_06"":100,""CoinDenom_01"":1,""CoinDenom_02"":5,""CoinDenom_03"":10,""CoinDenom_04"":25,""CoinDenom_05"":0,""CoinDenom_06"":0,""BillCount_01"":0,""BillCount_02"":0,""BillCount_03"":0,""BillCount_04"":0,""BillCount_05"":0,""BillCount_06"":8,""CoinCount_01"":0,""CoinCount_02"":0,""CoinCount_03"":0,""CoinCount_04"":0,""CoinCount_05"":0,""CoinCount_06"":0,""ManualPay"":0.0,""TransactionNumber"":0,""TransactionType"":""WDRAWTX""}}'",2025-06-03 00:50:43.523-07:00,2025060300500406,800.0,800.0,COMPLETED,3154,3429,nan,WDRAWTX,ATM
"___01:08:17 403002 ATM.     'Posting Transaction Result  0:{""type"":""ATM"",""accountType"":""CHEKAC"",""seqNumber"":""2025060301074006"",""Authorization"":{""AuthNumber"":""3156"",""ErrorCode"":""0"",""ErrorDescription"":""0"",""Fee"":4.95,""OrderId"":""3156"",""RegisterTime"":""2025-06-03T01:08:17.507-07:00"",""TransactionNumber"":2025060301074006},""Operation"":{""Amount"":80.0,""BillDespensed"":80.0,""CardNumber"":""1860"",""HostIP"":"""",""RegistrationDatetime"":""2025-06-03T01:08:17.507-07:00"",""SequenceNumber"":""2025060301074006"",""Status"":""COMPLETED""},""TransactionDetail"":{""Amount"":80.0,""DispensedTotal"":80.0,""BillDenom_01"":1,""BillDenom_02"":5,""BillDenom_03"":10,""BillDenom_04"":20,""BillDenom_05"":50,""BillDenom_06"":100,""CoinDenom_01"":1,""CoinDenom_02"":5,""CoinDenom_03"":10,""CoinDenom_04"":25,""CoinDenom_05"":0,""CoinDenom_06"":0,""BillCount_01"":0,""BillCount_02"":0,""BillCount_03"":0,""BillCount_04"":4,""BillCount_05"":0,""BillCount_06"":0,""CoinCount_01"":0,""CoinCount_02"":0,""CoinCount_03"":0,""CoinCount_04"":0,""CoinCount_05"":0,""CoinCount_06"":0,""ManualPay"":0.0,""TransactionNumber"":0,""TransactionType"":""WDRAWTX""}}'",2025-06-03 01:08:17.507-07:00,2025060301074006,80.0,80.0,COMPLETED,3156,1860,nan,WDRAWTX,ATM
"___01:31:43 403002 ATM.     'Posting Transaction Result  0:{""type"":""ATM"",""accountType"":""CHEKAC"",""seqNumber"":""2025060301310606"",""Authorization"":{""AuthNumber"":""3157"",""ErrorCode"":""0"",""ErrorDescription"":""0"",""Fee"":4.95,""OrderId"":""3157"",""RegisterTime"":""2025-06-03T01:31:43.333-07:00"",""TransactionNumber"":2025060301310606},""Operation"":{""Amount"":100.0,""BillDespensed"":100.0,""CardNumber"":""8369"",""HostIP"":"""",""RegistrationDatetime"":""2025-06-03T01:31:43.333-07:00"",""SequenceNumber"":""2025060301310606"",""Status"":""COMPLETED""},""TransactionDetail"":{""Amount"":100.0,""DispensedTotal"":100.0,""BillDenom_01"":1,""BillDenom_02"":5,""BillDenom_03"":10,""BillDenom_04"":20,""BillDenom_05"":50,""BillDenom_06"":100,""CoinDenom_01"":1,""CoinDenom_02"":5,""CoinDenom_03"":10,""CoinDenom_04"":25,""CoinDenom_05"":0,""CoinDenom_06"":0,""BillCount_01"":0,""BillCount_02"":0,""BillCount_03"":0,""BillCount_04"":0,""BillCount_05"":0,""BillCount_06"":1,""CoinCount_01"":0,""CoinCount_02"":0,""CoinCount_03"":0,""CoinCount_04"":0,""CoinCount_05"":0,""CoinCount_06"":0,""ManualPay"":0.0,""TransactionNumber"":0,""TransactionType"":""WDRAWTX""}}'",2025-06-03 01:31:43.333-07:00,2025060301310606,100.0,100.0,COMPLETED,3157,8369,nan,WDRAWTX,ATM
"___01:42:13 403002 ATM.     'Posting Transaction Result  0:{""type"":""ATM"",""accountType"":""CHEKAC"",""seqNumber"":""2025060301413906"",""Authorization"":{""AuthNumber"":""3158"",""ErrorCode"":""0"",""ErrorDescription"":""0"",""Fee"":4.95,""OrderId"":""3158"",""RegisterTime"":""2025-06-03T01:42:13.817-07:00"",""TransactionNumber"":2025060301413906},""Operation"":{""Amount"":100.0,""BillDespensed"":100.0,""CardNumber"":""2248"",""HostIP"":"""",""RegistrationDatetime"":""2025-06-03T01:42:13.817-07:00"",""SequenceNumber"":""2025060301413906"",""Status"":""COMPLETED""},""TransactionDetail"":{""Amount"":100.0,""DispensedTotal"":100.0,""BillDenom_01"":1,""BillDenom_02"":5,""BillDenom_03"":10,""BillDenom_04"":20,""BillDenom_05"":50,""BillDenom_06"":100,""CoinDenom_01"":1,""CoinDenom_02"":5,""CoinDenom_03"":10,""CoinDenom_04"":25,""CoinDenom_05"":0,""CoinDenom_06"":0,""BillCount_01"":0,""BillCount_02"":0,""BillCount_03"":0,""BillCount_04"":0,""BillCount_05"":0,""BillCount_06"":1,""CoinCount_01"":0,""CoinCount_02"":0,""CoinCount_03"":0,""CoinCount_04"":0,""CoinCount_05"":0,""CoinCount_06"":0,""ManualPay"":0.0,""TransactionNumber"":0,""TransactionType"":""WDRAWTX""}}'",2025-06-03 01:42:13.817-07:00,2025060301413906,100.0,100.0,COMPLETED,3158,2248,nan,WDRAWTX,ATM
"___01:59:55 403002 ATM.     'Posting Transaction Result  0:{""type"":""ATM"",""accountType"":""CHEKAC"",""seqNumber"":""2025060301592306"",""Authorization"":{""AuthNumber"":""3159"",""ErrorCode"":""0"",""ErrorDescription"":""0"",""Fee"":4.95,""OrderId"":""3159"",""RegisterTime"":""2025-06-03T01:59:55.781-07:00"",""TransactionNumber"":2025060301592306},""Operation"":{""Amount"":200.0,""BillDespensed"":200.0,""CardNumber"":""2968"",""HostIP"":"""",""RegistrationDatetime"":""2025-06-03T01:59:55.781-07:00"",""SequenceNumber"":""2025060301592306"",""Status"":""COMPLETED""},""TransactionDetail"":{""Amount"":200.0,""DispensedTotal"":200.0,""BillDenom_01"":1,""BillDenom_02"":5,""BillDenom_03"":10,""BillDenom_04"":20,""BillDenom_05"":50,""BillDenom_06"":100,""CoinDenom_01"":1,""CoinDenom_02"":5,""CoinDenom_03"":10,""CoinDenom_04"":25,""CoinDenom_05"":0,""CoinDenom_06"":0,""BillCount_01"":0,""BillCount_02"":0,""BillCount_03"":0,""BillCount_04"":0,""BillCount_05"":0,""BillCount_06"":2,""CoinCount_01"":0,""CoinCount_02"":0,""CoinCount_03"":0,""CoinCount_04"":0,""CoinCount_05"":0,""CoinCount_06"":0,""ManualPay"":0.0,""TransactionNumber"":0,""TransactionType"":""WDRAWTX""}}'",2025-06-03 01:59:55.781-07:00,2025060301592306,200.0,200.0,COMPLETED,3159,2968,nan,WDRAWTX,ATM
"___02:18:14 403002 ATM.     'Posting Transaction Result  0:{""type"":""ATM"",""accountType"":""CHEKAC"",""seqNumber"":""2025060302173706"",""Authorization"":{""AuthNumber"":""3160"",""ErrorCode"":""0"",""ErrorDescription"":""0"",""Fee"":4.95,""OrderId"":""3160"",""RegisterTime"":""2025-06-03T02:18:14.215-07:00"",""TransactionNumber"":2025060302173706},""Operation"":{""Amount"":500.0,""BillDespensed"":500.0,""CardNumber"":""1448"",""HostIP"":"""",""RegistrationDatetime"":""2025-06-03T02:18:14.215-07:00"",""SequenceNumber"":""2025060302173706"",""Status"":""COMPLETED""},""TransactionDetail"":{""Amount"":500.0,""DispensedTotal"":500.0,""BillDenom_01"":1,""BillDenom_02"":5,""BillDenom_03"":10,""BillDenom_04"":20,""BillDenom_05"":50,""BillDenom_06"":100,""CoinDenom_01"":1,""CoinDenom_02"":5,""CoinDenom_03"":10,""CoinDenom_04"":25,""CoinDenom_05"":0,""CoinDenom_06"":0,""BillCount_01"":0,""BillCount_02"":0,""BillCount_03"":0,""BillCount_04"":0,""BillCount_05"":0,""BillCount_06"":5,""CoinCount_01"":0,""CoinCount_02"":0,""CoinCount_03"":0,""CoinCount_04"":0,""CoinCount_05"":0,""CoinCount_06"":0,""ManualPay"":0.0,""TransactionNumber"":0,""TransactionType"":""WDRAWTX""}}'",2025-06-03 02:18:14.215-07:00,2025060302173706,500.0,500.0,COMPLETED,3160,1448,nan,WDRAWTX,ATM
"___02:26:34 403002 ATM.     'Posting Transaction Result  0:{""type"":""ATM"",""accountType"":""CHEKAC"",""seqNumber"":""2025060302260506"",""Authorization"":{""AuthNumber"":""3161"",""ErrorCode"":""0"",""ErrorDescription"":""0"",""Fee"":4.95,""OrderId"":""3161"",""RegisterTime"":""2025-06-03T02:26:34.378-07:00"",""TransactionNumber"":2025060302260506},""Operation"":{""Amount"":100.0,""BillDespensed"":100.0,""CardNumber"":""1448"",""HostIP"":"""",""RegistrationDatetime"":""2025-06-03T02:26:34.378-07:00"",""SequenceNumber"":""2025060302260506"",""Status"":""COMPLETED""},""TransactionDetail"":{""Amount"":100.0,""DispensedTotal"":100.0,""BillDenom_01"":1,""BillDenom_02"":5,""BillDenom_03"":10,""BillDenom_04"":20,""BillDenom_05"":50,""BillDenom_06"":100,""CoinDenom_01"":1,""CoinDenom_02"":5,""CoinDenom_03"":10,""CoinDenom_04"":25,""CoinDenom_05"":0,""CoinDenom_06"":0,""BillCount_01"":0,""BillCount_02"":0,""BillCount_03"":0,""BillCount_04"":0,""BillCount_05"":0,""BillCount_06"":1,""CoinCount_01"":0,""CoinCount_02"":0,""CoinCount_03"":0,""CoinCount_04"":0,""CoinCount_05"":0,""CoinCount_06"":0,""ManualPay"":0.0,""TransactionNumber"":0,""TransactionType"":""WDRAWTX""}}'",2025-06-03 02:26:34.378-07:00,2025060302260506,100.0,100.0,COMPLETED,3161,1448,nan,WDRAWTX,ATM
"___02:48:52 403002 ATM.     'Posting Transaction Result  0:{""type"":""ATM"",""accountType"":""CHEKAC"",""seqNumber"":""2025060302475706"",""Authorization"":{""AuthNumber"":""3163"",""ErrorCode"":""0"",""ErrorDescription"":""0"",""Fee"":4.95,""OrderId"":""3163"",""RegisterTime"":""2025-06-03T02:48:52.710-07:00"",""TransactionNumber"":2025060302475706},""Operation"":{""Amount"":60.0,""BillDespensed"":60.0,""CardNumber"":""3274"",""HostIP"":"""",""RegistrationDatetime"":""2025-06-03T02:48:52.710-07:00"",""SequenceNumber"":""2025060302475706"",""Status"":""COMPLETED""},""TransactionDetail"":{""Amount"":60.0,""DispensedTotal"":60.0,""BillDenom_01"":1,""BillDenom_02"":5,""BillDenom_03"":10,""BillDenom_04"":20,""BillDenom_05"":50,""BillDenom_06"":100,""CoinDenom_01"":1,""CoinDenom_02"":5,""CoinDenom_03"":10,""CoinDenom_04"":25,""CoinDenom_05"":0,""CoinDenom_06"":0,""BillCount_01"":0,""BillCount_02"":0,""BillCount_03"":0,""BillCount_04"":3,""BillCount_05"":0,""BillCount_06"":0,""CoinCount_01"":0,""CoinCount_02"":0,""CoinCount_03"":0,""CoinCount_04"":0,""CoinCount_05"":0,""CoinCount_06"":0,""ManualPay"":0.0,""TransactionNumber"":0,""TransactionType"":""WDRAWTX""}}'",2025-06-03 02:48:52.710-07:00,2025060302475706,60.0,60.0,COMPLETED,3163,3274,nan,WDRAWTX,ATM
"___03:25:48 403002 ATM.     'Posting Transaction Result  0:{""type"":""ATM"",""accountType"":""CHEKAC"",""seqNumber"":""2025060303251606"",""Authorization"":{""AuthNumber"":""3164"",""ErrorCode"":""0"",""ErrorDescription"":""0"",""Fee"":4.95,""OrderId"":""3164"",""RegisterTime"":""2025-06-03T03:25:48.841-07:00"",""TransactionNumber"":2025060303251606},""Operation"":{""Amount"":500.0,""BillDespensed"":500.0,""CardNumber"":""7320"",""HostIP"":"""",""RegistrationDatetime"":""2025-06-03T03:25:48.841-07:00"",""SequenceNumber"":""2025060303251606"",""Status"":""COMPLETED""},""TransactionDetail"":{""Amount"":500.0,""DispensedTotal"":500.0,""BillDenom_01"":1,""BillDenom_02"":5,""BillDenom_03"":10,""BillDenom_04"":20,""BillDenom_05"":50,""BillDenom_06"":100,""CoinDenom_01"":1,""CoinDenom_02"":5,""CoinDenom_03"":10,""CoinDenom_04"":25,""CoinDenom_05"":0,""CoinDenom_06"":0,""BillCount_01"":0,""BillCount_02"":0,""BillCount_03"":0,""BillCount_04"":0,""BillCount_05"":0,""BillCount_06"":5,""CoinCount_01"":0,""CoinCount_02"":0,""CoinCount_03"":0,""CoinCount_04"":0,""CoinCount_05"":0,""CoinCount_06"":0,""ManualPay"":0.0,""TransactionNumber"":0,""TransactionType"":""WDRAWTX""}}'",2025-06-03 03:25:48.841-07:00,2025060303251606,500.0,500.0,COMPLETED,3164,7320,nan,WDRAWTX,ATM
"___04:07:57 403002 ATM.     'Posting Transaction Result  0:{""type"":""ATM"",""accountType"":""CHEKAC"",""seqNumber"":""2025060304073606"",""Authorization"":{""ErrorCode"":""0"",""ErrorDescription"":""0"",""Fee"":0.0,""RegisterTime"":""2025-06-03T04:07:57.302-07:00"",""TransactionNumber"":2025060304073606},""Operation"":{""Amount"":1000.0,""BillDespensed"":0.0,""CardNumber"":""3989"",""HostIP"":"""",""RegistrationDatetime"":""2025-06-03T04:07:57.302-07:00"",""SequenceNumber"":""2025060304073606"",""Status"":""DENIED""},""TransactionDetail"":{""Amount"":1000.0,""DispensedTotal"":0.0,""BillDenom_01"":1,""BillDenom_02"":5,""BillDenom_03"":10,""BillDenom_04"":20,""BillDenom_05"":50,""BillDenom_06"":100,""CoinDenom_01"":1,""CoinDenom_02"":5,""CoinDenom_03"":10,""CoinDenom_04"":25,""CoinDenom_05"":0,""CoinDenom_06"":0,""BillCount_01"":0,""BillCount_02"":0,""BillCount_03"":0,""BillCount_04"":0,""BillCount_05"":0,""BillCount_06"":0,""CoinCount_01"":0,""CoinCount_02"":0,""CoinCount_03"":0,""CoinCount_04"":0,""CoinCount_05"":0,""CoinCount_06"":0,""ManualPay"":0.0,""TransactionNumber"":0,""TransactionType"":""WDRAWTX""}}'",2025-06-03 04:07:57.302-07:00,2025060304073606,1000.0,0.0,DENIED,nan,3989,nan,WDRAWTX,ATM
"___05:45:25 403002 ATM.     'Posting Transaction Result  0:{""type"":""ATM"",""accountType"":""CHEKAC"",""seqNumber"":""2025060305445406"",""Authorization"":{""AuthNumber"":""3168"",""ErrorCode"":""0"",""ErrorDescription"":""0"",""Fee"":4.95,""OrderId"":""3168"",""RegisterTime"":""2025-06-03T05:45:25.652-07:00"",""TransactionNumber"":2025060305445406},""Operation"":{""Amount"":100.0,""BillDespensed"":100.0,""CardNumber"":""5364"",""HostIP"":"""",""RegistrationDatetime"":""2025-06-03T05:45:25.652-07:00"",""SequenceNumber"":""2025060305445406"",""Status"":""COMPLETED""},""TransactionDetail"":{""Amount"":100.0,""DispensedTotal"":100.0,""BillDenom_01"":1,""BillDenom_02"":5,""BillDenom_03"":10,""BillDenom_04"":20,""BillDenom_05"":50,""BillDenom_06"":100,""CoinDenom_01"":1,""CoinDenom_02"":5,""CoinDenom_03"":10,""CoinDenom_04"":25,""CoinDenom_05"":0,""CoinDenom_06"":0,""BillCount_01"":0,""BillCount_02"":0,""BillCount_03"":0,""BillCount_04"":0,""BillCount_05"":0,""BillCount_06"":1,""CoinCount_01"":0,""CoinCount_02"":0,""CoinCount_03"":0,""CoinCount_04"":0,""CoinCount_05"":0,""CoinCount_06"":0,""ManualPay"":0.0,""TransactionNumber"":0,""TransactionType"":""WDRAWTX""}}'",2025-06-03 05:45:25.652-07:00,2025060305445406,100.0,100.0,COMPLETED,3168,5364,nan,WDRAWTX,ATM
"___10:47:15 403002 ATM.     'Posting Transaction Result  0:{""type"":""ATM"",""accountType"":""CHEKAC"",""seqNumber"":""2025060310464606"",""Authorization"":{""AuthNumber"":""3169"",""ErrorCode"":""0"",""ErrorDescription"":""0"",""Fee"":4.95,""OrderId"":""3169"",""RegisterTime"":""2025-06-03T10:47:15.152-07:00"",""TransactionNumber"":2025060310464606},""Operation"":{""Amount"":100.0,""BillDespensed"":100.0,""CardNumber"":""1568"",""HostIP"":"""",""RegistrationDatetime"":""2025-06-03T10:47:15.152-07:00"",""SequenceNumber"":""2025060310464606"",""Status"":""COMPLETED""},""TransactionDetail"":{""Amount"":100.0,""DispensedTotal"":100.0,""BillDenom_01"":1,""BillDenom_02"":5,""BillDenom_03"":10,""BillDenom_04"":20,""BillDenom_05"":50,""BillDenom_06"":100,""CoinDenom_01"":1,""CoinDenom_02"":5,""CoinDenom_03"":10,""CoinDenom_04"":25,""CoinDenom_05"":0,""CoinDenom_06"":0,""BillCount_01"":0,""BillCount_02"":0,""BillCount_03"":0,""BillCount_04"":0,""BillCount_05"":0,""BillCount_06"":1,""CoinCount_01"":0,""CoinCount_02"":0,""CoinCount_03"":0,""CoinCount_04"":0,""CoinCount_05"":0,""CoinCount_06"":0,""ManualPay"":0.0,""TransactionNumber"":0,""TransactionType"":""WDRAWTX""}}'",2025-06-03 10:47:15.152-07:00,2025060310464606,100.0,100.0,COMPLETED,3169,1568,nan,WDRAWTX,ATM
"___11:03:39 403002 ATM.     'Posting Transaction Result  0:{""type"":""ATM"",""accountType"":""CHEKAC"",""seqNumber"":""2025060311025806"",""Authorization"":{""AuthNumber"":""3170"",""ErrorCode"":""0"",""ErrorDescription"":""0"",""Fee"":4.95,""OrderId"":""3170"",""RegisterTime"":""2025-06-03T11:03:39.645-07:00"",""TransactionNumber"":2025060311025806},""Operation"":{""Amount"":200.0,""BillDespensed"":200.0,""CardNumber"":""1730"",""HostIP"":"""",""RegistrationDatetime"":""2025-06-03T11:03:39.645-07:00"",""SequenceNumber"":""2025060311025806"",""Status"":""COMPLETED""},""TransactionDetail"":{""Amount"":200.0,""DispensedTotal"":200.0,""BillDenom_01"":1,""BillDenom_02"":5,""BillDenom_03"":10,""BillDenom_04"":20,""BillDenom_05"":50,""BillDenom_06"":100,""CoinDenom_01"":1,""CoinDenom_02"":5,""CoinDenom_03"":10,""CoinDenom_04"":25,""CoinDenom_05"":0,""CoinDenom_06"":0,""BillCount_01"":0,""BillCount_02"":0,""BillCount_03"":0,""BillCount_04"":0,""BillCount_05"":0,""BillCount_06"":2,""CoinCount_01"":0,""CoinCount_02"":0,""CoinCount_03"":0,""CoinCount_04"":0,""CoinCount_05"":0,""CoinCount_06"":0,""ManualPay"":0.0,""TransactionNumber"":0,""TransactionType"":""WDRAWTX""}}'",2025-06-03 11:03:39.645-07:00,2025060311025806,200.0,200.0,COMPLETED,3170,1730,nan,WDRAWTX,ATM
"___12:17:31 403002 ATM.     'Posting Transaction Result  0:{""type"":""ATM"",""accountType"":""CHEKAC"",""seqNumber"":""2025060312163906"",""Authorization"":{""AuthNumber"":""3172"",""ErrorCode"":""0"",""ErrorDescription"":""0"",""Fee"":4.95,""OrderId"":""3172"",""RegisterTime"":""2025-06-03T12:17:31.752-07:00"",""TransactionNumber"":2025060312163906},""Operation"":{""Amount"":160.0,""BillDespensed"":160.0,""CardNumber"":""5592"",""HostIP"":"""",""RegistrationDatetime"":""2025-06-03T12:17:31.752-07:00"",""SequenceNumber"":""2025060312163906"",""Status"":""COMPLETED""},""TransactionDetail"":{""Amount"":160.0,""DispensedTotal"":160.0,""BillDenom_01"":1,""BillDenom_02"":5,""BillDenom_03"":10,""BillDenom_04"":20,""BillDenom_05"":50,""BillDenom_06"":100,""CoinDenom_01"":1,""CoinDenom_02"":5,""CoinDenom_03"":10,""CoinDenom_04"":25,""CoinDenom_05"":0,""CoinDenom_06"":0,""BillCount_01"":0,""BillCount_02"":0,""BillCount_03"":0,""BillCount_04"":3,""BillCount_05"":0,""BillCount_06"":1,""CoinCount_01"":0,""CoinCount_02"":0,""CoinCount_03"":0,""CoinCount_04"":0,""CoinCount_05"":0,""CoinCount_06"":0,""ManualPay"":0.0,""TransactionNumber"":0,""TransactionType"":""WDRAWTX""}}'",2025-06-03 12:17:31.752-07:00,2025060312163906,160.0,160.0,COMPLETED,3172,5592,nan,WDRAWTX,ATM
"___12:24:39 403002 ATM.     'Posting Transaction Result  0:{""type"":""ATM"",""accountType"":""CHEKAC"",""seqNumber"":""2025060312240206"",""Authorization"":{""AuthNumber"":""3173"",""ErrorCode"":""0"",""ErrorDescription"":""0"",""Fee"":4.95,""OrderId"":""3173"",""RegisterTime"":""2025-06-03T12:24:38.974-07:00"",""TransactionNumber"":2025060312240206},""Operation"":{""Amount"":100.0,""BillDespensed"":100.0,""CardNumber"":""1080"",""HostIP"":"""",""RegistrationDatetime"":""2025-06-03T12:24:38.974-07:00"",""SequenceNumber"":""2025060312240206"",""Status"":""COMPLETED""},""TransactionDetail"":{""Amount"":100.0,""DispensedTotal"":100.0,""BillDenom_01"":1,""BillDenom_02"":5,""BillDenom_03"":10,""BillDenom_04"":20,""BillDenom_05"":50,""BillDenom_06"":100,""CoinDenom_01"":1,""CoinDenom_02"":5,""CoinDenom_03"":10,""CoinDenom_04"":25,""CoinDenom_05"":0,""CoinDenom_06"":0,""BillCount_01"":0,""BillCount_02"":0,""BillCount_03"":0,""BillCount_04"":0,""BillCount_05"":0,""BillCount_06"":1,""CoinCount_01"":0,""CoinCount_02"":0,""CoinCount_03"":0,""CoinCount_04"":0,""CoinCount_05"":0,""CoinCount_06"":0,""ManualPay"":0.0,""TransactionNumber"":0,""TransactionType"":""WDRAWTX""}}'",2025-06-03 12:24:38.974-07:00,2025060312240206,100.0,100.0,COMPLETED,3173,1080,nan,WDRAWTX,ATM
"___12:45:38 403002 ATM.     'Posting Transaction Result  0:{""type"":""ATM"",""accountType"":""CHEKAC"",""seqNumber"":""2025060312452606"",""Authorization"":{""ErrorCode"":""0"",""ErrorDescription"":""0"",""Fee"":0.0,""RegisterTime"":""2025-06-03T12:45:38.435-07:00"",""TransactionNumber"":2025060312452606},""Operation"":{""Amount"":200.0,""BillDespensed"":0.0,""CardNumber"":""4116"",""HostIP"":"""",""RegistrationDatetime"":""2025-06-03T12:45:38.435-07:00"",""SequenceNumber"":""2025060312452606"",""Status"":""DENIED""},""TransactionDetail"":{""Amount"":200.0,""DispensedTotal"":0.0,""BillDenom_01"":1,""BillDenom_02"":5,""BillDenom_03"":10,""BillDenom_04"":20,""BillDenom_05"":50,""BillDenom_06"":100,""CoinDenom_01"":1,""CoinDenom_02"":5,""CoinDenom_03"":10,""CoinDenom_04"":25,""CoinDenom_05"":0,""CoinDenom_06"":0,""BillCount_01"":0,""BillCount_02"":0,""BillCount_03"":0,""BillCount_04"":0,""BillCount_05"":0,""BillCount_06"":0,""CoinCount_01"":0,""CoinCount_02"":0,""CoinCount_03"":0,""CoinCount_04"":0,""CoinCount_05"":0,""CoinCount_06"":0,""ManualPay"":0.0,""TransactionNumber"":0,""TransactionType"":""WDRAWTX""}}'",2025-06-03 12:45:38.435-07:00,2025060312452606,200.0,0.0,DENIED,nan,4116,nan,WDRAWTX,ATM
"___13:02:42 403002 ATM.     'Posting Transaction Result  0:{""type"":""ATM"",""accountType"":""CHEKAC"",""seqNumber"":""2025060313023206"",""Authorization"":{""ErrorCode"":""0"",""ErrorDescription"":""0"",""Fee"":0.0,""RegisterTime"":""2025-06-03T13:02:42.612-07:00"",""TransactionNumber"":2025060313023206},""Operation"":{""Amount"":200.0,""BillDespensed"":0.0,""CardNumber"":""5546"",""HostIP"":"""",""RegistrationDatetime"":""2025-06-03T13:02:42.612-07:00"",""SequenceNumber"":""2025060313023206"",""Status"":""DENIED""},""TransactionDetail"":{""Amount"":200.0,""DispensedTotal"":0.0,""BillDenom_01"":1,""BillDenom_02"":5,""BillDenom_03"":10,""BillDenom_04"":20,""BillDenom_05"":50,""BillDenom_06"":100,""CoinDenom_01"":1,""CoinDenom_02"":5,""CoinDenom_03"":10,""CoinDenom_04"":25,""CoinDenom_05"":0,""CoinDenom_06"":0,""BillCount_01"":0,""BillCount_02"":0,""BillCount_03"":0,""BillCount_04"":0,""BillCount_05"":0,""BillCount_06"":0,""CoinCount_01"":0,""CoinCount_02"":0,""CoinCount_03"":0,""CoinCount_04"":0,""CoinCount_05"":0,""CoinCount_06"":0,""ManualPay"":0.0,""TransactionNumber"":0,""TransactionType"":""WDRAWTX""}}'",2025-06-03 13:02:42.612-07:00,2025060313023206,200.0,0.0,DENIED,nan,5546,nan,WDRAWTX,ATM
"___13:12:27 403002 ATM.     'Posting Transaction Result  0:{""type"":""ATM"",""accountType"":""CHEKAC"",""seqNumber"":""2025060313115506"",""Authorization"":{""AuthNumber"":""3176"",""ErrorCode"":""0"",""ErrorDescription"":""0"",""Fee"":4.95,""OrderId"":""3176"",""RegisterTime"":""2025-06-03T13:12:27.963-07:00"",""TransactionNumber"":2025060313115506},""Operation"":{""Amount"":340.0,""BillDespensed"":340.0,""CardNumber"":""6753"",""HostIP"":"""",""RegistrationDatetime"":""2025-06-03T13:12:27.963-07:00"",""SequenceNumber"":""2025060313115506"",""Status"":""COMPLETED""},""TransactionDetail"":{""Amount"":340.0,""DispensedTotal"":340.0,""BillDenom_01"":1,""BillDenom_02"":5,""BillDenom_03"":10,""BillDenom_04"":20,""BillDenom_05"":50,""BillDenom_06"":100,""CoinDenom_01"":1,""CoinDenom_02"":5,""CoinDenom_03"":10,""CoinDenom_04"":25,""CoinDenom_05"":0,""CoinDenom_06"":0,""BillCount_01"":0,""BillCount_02"":0,""BillCount_03"":0,""BillCount_04"":2,""BillCount_05"":0,""BillCount_06"":3,""CoinCount_01"":0,""CoinCount_02"":0,""CoinCount_03"":0,""CoinCount_04"":0,""CoinCount_05"":0,""CoinCount_06"":0,""ManualPay"":0.0,""TransactionNumber"":0,""TransactionType"":""WDRAWTX""}}'",2025-06-03 13:12:27.963-07:00,2025060313115506,340.0,340.0,COMPLETED,3176,6753,nan,WDRAWTX,ATM
"___13:20:49 403002 ATM.     'Posting Transaction Result  0:{""type"":""ATM"",""accountType"":""CHEKAC"",""seqNumber"":""2025060313203106"",""Authorization"":{""ErrorCode"":""0"",""ErrorDescription"":""0"",""Fee"":0.0,""RegisterTime"":""2025-06-03T13:20:49.587-07:00"",""TransactionNumber"":2025060313203106},""Operation"":{""Amount"":100.0,""BillDespensed"":0.0,""CardNumber"":""2911"",""HostIP"":"""",""RegistrationDatetime"":""2025-06-03T13:20:49.587-07:00"",""SequenceNumber"":""2025060313203106"",""Status"":""DENIED""},""TransactionDetail"":{""Amount"":100.0,""DispensedTotal"":0.0,""BillDenom_01"":1,""BillDenom_02"":5,""BillDenom_03"":10,""BillDenom_04"":20,""BillDenom_05"":50,""BillDenom_06"":100,""CoinDenom_01"":1,""CoinDenom_02"":5,""CoinDenom_03"":10,""CoinDenom_04"":25,""CoinDenom_05"":0,""CoinDenom_06"":0,""BillCount_01"":0,""BillCount_02"":0,""BillCount_03"":0,""BillCount_04"":0,""BillCount_05"":0,""BillCount_06"":0,""CoinCount_01"":0,""CoinCount_02"":0,""CoinCount_03"":0,""CoinCount_04"":0,""CoinCount_05"":0,""CoinCount_06"":0,""ManualPay"":0.0,""TransactionNumber"":0,""TransactionType"":""WDRAWTX""}}'",2025-06-03 13:20:49.587-07:00,2025060313203106,100.0,0.0,DENIED,nan,2911,nan,WDRAWTX,ATM
"___13:23:06 403002 ATM.     'Posting Transaction Result  0:{""type"":""ATM"",""accountType"":""CHEKAC"",""seqNumber"":""2025060313222106"",""Authorization"":{""AuthNumber"":""3178"",""ErrorCode"":""0"",""ErrorDescription"":""0"",""Fee"":4.95,""OrderId"":""3178"",""RegisterTime"":""2025-06-03T13:23:06.015-07:00"",""TransactionNumber"":2025060313222106},""Operation"":{""Amount"":100.0,""BillDespensed"":100.0,""CardNumber"":""1128"",""HostIP"":"""",""RegistrationDatetime"":""2025-06-03T13:23:06.015-07:00"",""SequenceNumber"":""2025060313222106"",""Status"":""COMPLETED""},""TransactionDetail"":{""Amount"":100.0,""DispensedTotal"":100.0,""BillDenom_01"":1,""BillDenom_02"":5,""BillDenom_03"":10,""BillDenom_04"":20,""BillDenom_05"":50,""BillDenom_06"":100,""CoinDenom_01"":1,""CoinDenom_02"":5,""CoinDenom_03"":10,""CoinDenom_04"":25,""CoinDenom_05"":0,""CoinDenom_06"":0,""BillCount_01"":0,""BillCount_02"":0,""BillCount_03"":0,""BillCount_04"":0,""BillCount_05"":0,""BillCount_06"":1,""CoinCount_01"":0,""CoinCount_02"":0,""CoinCount_03"":0,""CoinCount_04"":0,""CoinCount_05"":0,""CoinCount_06"":0,""ManualPay"":0.0,""TransactionNumber"":0,""TransactionType"":""WDRAWTX""}}'",2025-06-03 13:23:06.015-07:00,2025060313222106,100.0,100.0,COMPLETED,3178,1128,nan,WDRAWTX,ATM
"___13:31:50 403002 ATM.     'Posting Transaction Result  0:{""type"":""ATM"",""accountType"":""CHEKAC"",""seqNumber"":""2025060313311106"",""Authorization"":{""AuthNumber"":""3180"",""ErrorCode"":""0"",""ErrorDescription"":""0"",""Fee"":4.95,""OrderId"":""3180"",""RegisterTime"":""2025-06-03T13:31:50.606-07:00"",""TransactionNumber"":2025060313311106},""Operation"":{""Amount"":200.0,""BillDespensed"":200.0,""CardNumber"":""9669"",""HostIP"":"""",""RegistrationDatetime"":""2025-06-03T13:31:50.606-07:00"",""SequenceNumber"":""2025060313311106"",""Status"":""COMPLETED""},""TransactionDetail"":{""Amount"":200.0,""DispensedTotal"":200.0,""BillDenom_01"":1,""BillDenom_02"":5,""BillDenom_03"":10,""BillDenom_04"":20,""BillDenom_05"":50,""BillDenom_06"":100,""CoinDenom_01"":1,""CoinDenom_02"":5,""CoinDenom_03"":10,""CoinDenom_04"":25,""CoinDenom_05"":0,""CoinDenom_06"":0,""BillCount_01"":0,""BillCount_02"":0,""BillCount_03"":0,""BillCount_04"":0,""BillCount_05"":0,""BillCount_06"":2,""CoinCount_01"":0,""CoinCount_02"":0,""CoinCount_03"":0,""CoinCount_04"":0,""CoinCount_05"":0,""CoinCount_06"":0,""ManualPay"":0.0,""TransactionNumber"":0,""TransactionType"":""WDRAWTX""}}'",2025-06-03 13:31:50.606-07:00,2025060313311106,200.0,200.0,COMPLETED,3180,9669,nan,WDRAWTX,ATM
"___13:46:41 403002 ATM.     'Posting Transaction Result  0:{""type"":""ATM"",""accountType"":""CHEKAC"",""seqNumber"":""2025060313461306"",""Authorization"":{""AuthNumber"":""3181"",""ErrorCode"":""0"",""ErrorDescription"":""0"",""Fee"":4.95,""OrderId"":""3181"",""RegisterTime"":""2025-06-03T13:46:41.396-07:00"",""TransactionNumber"":2025060313461306},""Operation"":{""Amount"":200.0,""BillDespensed"":200.0,""CardNumber"":""9525"",""HostIP"":"""",""RegistrationDatetime"":""2025-06-03T13:46:41.396-07:00"",""SequenceNumber"":""2025060313461306"",""Status"":""COMPLETED""},""TransactionDetail"":{""Amount"":200.0,""DispensedTotal"":200.0,""BillDenom_01"":1,""BillDenom_02"":5,""BillDenom_03"":10,""BillDenom_04"":20,""BillDenom_05"":50,""BillDenom_06"":100,""CoinDenom_01"":1,""CoinDenom_02"":5,""CoinDenom_03"":10,""CoinDenom_04"":25,""CoinDenom_05"":0,""CoinDenom_06"":0,""BillCount_01"":0,""BillCount_02"":0,""BillCount_03"":0,""BillCount_04"":0,""BillCount_05"":0,""BillCount_06"":2,""CoinCount_01"":0,""CoinCount_02"":0,""CoinCount_03"":0,""CoinCount_04"":0,""CoinCount_05"":0,""CoinCount_06"":0,""ManualPay"":0.0,""TransactionNumber"":0,""TransactionType"":""WDRAWTX""}}'",2025-06-03 13:46:41.396-07:00,2025060313461306,200.0,200.0,COMPLETED,3181,9525,nan,WDRAWTX,ATM
"___13:49:15 403002 ATM.     'Posting Transaction Result  0:{""type"":""ATM"",""accountType"":""CHEKAC"",""seqNumber"":""2025060313483406"",""Authorization"":{""AuthNumber"":""3182"",""ErrorCode"":""0"",""ErrorDescription"":""0"",""Fee"":4.95,""OrderId"":""3182"",""RegisterTime"":""2025-06-03T13:49:15.675-07:00"",""TransactionNumber"":2025060313483406},""Operation"":{""Amount"":60.0,""BillDespensed"":60.0,""CardNumber"":""7355"",""HostIP"":"""",""RegistrationDatetime"":""2025-06-03T13:49:15.675-07:00"",""SequenceNumber"":""2025060313483406"",""Status"":""COMPLETED""},""TransactionDetail"":{""Amount"":60.0,""DispensedTotal"":60.0,""BillDenom_01"":1,""BillDenom_02"":5,""BillDenom_03"":10,""BillDenom_04"":20,""BillDenom_05"":50,""BillDenom_06"":100,""CoinDenom_01"":1,""CoinDenom_02"":5,""CoinDenom_03"":10,""CoinDenom_04"":25,""CoinDenom_05"":0,""CoinDenom_06"":0,""BillCount_01"":0,""BillCount_02"":0,""BillCount_03"":0,""BillCount_04"":3,""BillCount_05"":0,""BillCount_06"":0,""CoinCount_01"":0,""CoinCount_02"":0,""CoinCount_03"":0,""CoinCount_04"":0,""CoinCount_05"":0,""CoinCount_06"":0,""ManualPay"":0.0,""TransactionNumber"":0,""TransactionType"":""WDRAWTX""}}'",2025-06-03 13:49:15.675-07:00,2025060313483406,60.0,60.0,COMPLETED,3182,7355,nan,WDRAWTX,ATM
"___13:51:18 403002 ATM.     'Posting Transaction Result  0:{""type"":""ATM"",""accountType"":""CHEKAC"",""seqNumber"":""2025060313504306"",""Authorization"":{""AuthNumber"":""3183"",""ErrorCode"":""0"",""ErrorDescription"":""0"",""Fee"":4.95,""OrderId"":""3183"",""RegisterTime"":""2025-06-03T13:51:18.841-07:00"",""TransactionNumber"":2025060313504306},""Operation"":{""Amount"":300.0,""BillDespensed"":300.0,""CardNumber"":""4072"",""HostIP"":"""",""RegistrationDatetime"":""2025-06-03T13:51:18.841-07:00"",""SequenceNumber"":""2025060313504306"",""Status"":""COMPLETED""},""TransactionDetail"":{""Amount"":300.0,""DispensedTotal"":300.0,""BillDenom_01"":1,""BillDenom_02"":5,""BillDenom_03"":10,""BillDenom_04"":20,""BillDenom_05"":50,""BillDenom_06"":100,""CoinDenom_01"":1,""CoinDenom_02"":5,""CoinDenom_03"":10,""CoinDenom_04"":25,""CoinDenom_05"":0,""CoinDenom_06"":0,""BillCount_01"":0,""BillCount_02"":0,""BillCount_03"":0,""BillCount_04"":0,""BillCount_05"":0,""BillCount_06"":3,""CoinCount_01"":0,""CoinCount_02"":0,""CoinCount_03"":0,""CoinCount_04"":0,""CoinCount_05"":0,""CoinCount_06"":0,""ManualPay"":0.0,""TransactionNumber"":0,""TransactionType"":""WDRAWTX""}}'",2025-06-03 13:51:18.841-07:00,2025060313504306,300.0,300.0,COMPLETED,3183,4072,nan,WDRAWTX,ATM
"___14:00:00 403002 ATM.     'Posting Transaction Result  0:{""type"":""ATM"",""accountType"":""CHEKAC"",""seqNumber"":""2025060313592606"",""Authorization"":{""AuthNumber"":""3184"",""ErrorCode"":""0"",""ErrorDescription"":""0"",""Fee"":4.95,""OrderId"":""3184"",""RegisterTime"":""2025-06-03T14:00:00.297-07:00"",""TransactionNumber"":2025060313592606},""Operation"":{""Amount"":500.0,""BillDespensed"":500.0,""CardNumber"":""7306"",""HostIP"":"""",""RegistrationDatetime"":""2025-06-03T14:00:00.297-07:00"",""SequenceNumber"":""2025060313592606"",""Status"":""COMPLETED""},""TransactionDetail"":{""Amount"":500.0,""DispensedTotal"":500.0,""BillDenom_01"":1,""BillDenom_02"":5,""BillDenom_03"":10,""BillDenom_04"":20,""BillDenom_05"":50,""BillDenom_06"":100,""CoinDenom_01"":1,""CoinDenom_02"":5,""CoinDenom_03"":10,""CoinDenom_04"":25,""CoinDenom_05"":0,""CoinDenom_06"":0,""BillCount_01"":0,""BillCount_02"":0,""BillCount_03"":0,""BillCount_04"":0,""BillCount_05"":0,""BillCount_06"":5,""CoinCount_01"":0,""CoinCount_02"":0,""CoinCount_03"":0,""CoinCount_04"":0,""CoinCount_05"":0,""CoinCount_06"":0,""ManualPay"":0.0,""TransactionNumber"":0,""TransactionType"":""WDRAWTX""}}'",2025-06-03 14:00:00.297-07:00,2025060313592606,500.0,500.0,COMPLETED,3184,7306,nan,WDRAWTX,ATM
"___14:01:31 403002 ATM.     'Posting Transaction Result  0:{""type"":""ATM"",""accountType"":""CHEKAC"",""seqNumber"":""2025060314005206"",""Authorization"":{""AuthNumber"":""3185"",""ErrorCode"":""0"",""ErrorDescription"":""0"",""Fee"":4.95,""OrderId"":""3185"",""RegisterTime"":""2025-06-03T14:01:31.229-07:00"",""TransactionNumber"":2025060314005206},""Operation"":{""Amount"":200.0,""BillDespensed"":200.0,""CardNumber"":""9669"",""HostIP"":"""",""RegistrationDatetime"":""2025-06-03T14:01:31.229-07:00"",""SequenceNumber"":""2025060314005206"",""Status"":""COMPLETED""},""TransactionDetail"":{""Amount"":200.0,""DispensedTotal"":200.0,""BillDenom_01"":1,""BillDenom_02"":5,""BillDenom_03"":10,""BillDenom_04"":20,""BillDenom_05"":50,""BillDenom_06"":100,""CoinDenom_01"":1,""CoinDenom_02"":5,""CoinDenom_03"":10,""CoinDenom_04"":25,""CoinDenom_05"":0,""CoinDenom_06"":0,""BillCount_01"":0,""BillCount_02"":0,""BillCount_03"":0,""BillCount_04"":0,""BillCount_05"":0,""BillCount_06"":2,""CoinCount_01"":0,""CoinCount_02"":0,""CoinCount_03"":0,""CoinCount_04"":0,""CoinCount_05"":0,""CoinCount_06"":0,""ManualPay"":0.0,""TransactionNumber"":0,""TransactionType"":""WDRAWTX""}}'",2025-06-03 14:01:31.229-07:00,2025060314005206,200.0,200.0,COMPLETED,3185,9669,nan,WDRAWTX,ATM
"___14:03:42 403002 ATM.     'Posting Transaction Result  0:{""type"":""ATM"",""accountType"":""CHEKAC"",""seqNumber"":""2025060314031106"",""Authorization"":{""AuthNumber"":""3186"",""ErrorCode"":""0"",""ErrorDescription"":""0"",""Fee"":4.95,""OrderId"":""3186"",""RegisterTime"":""2025-06-03T14:03:42.782-07:00"",""TransactionNumber"":2025060314031106},""Operation"":{""Amount"":400.0,""BillDespensed"":400.0,""CardNumber"":""5107"",""HostIP"":"""",""RegistrationDatetime"":""2025-06-03T14:03:42.782-07:00"",""SequenceNumber"":""2025060314031106"",""Status"":""COMPLETED""},""TransactionDetail"":{""Amount"":400.0,""DispensedTotal"":400.0,""BillDenom_01"":1,""BillDenom_02"":5,""BillDenom_03"":10,""BillDenom_04"":20,""BillDenom_05"":50,""BillDenom_06"":100,""CoinDenom_01"":1,""CoinDenom_02"":5,""CoinDenom_03"":10,""CoinDenom_04"":25,""CoinDenom_05"":0,""CoinDenom_06"":0,""BillCount_01"":0,""BillCount_02"":0,""BillCount_03"":0,""BillCount_04"":0,""BillCount_05"":0,""BillCount_06"":4,""CoinCount_01"":0,""CoinCount_02"":0,""CoinCount_03"":0,""CoinCount_04"":0,""CoinCount_05"":0,""CoinCount_06"":0,""ManualPay"":0.0,""TransactionNumber"":0,""TransactionType"":""WDRAWTX""}}'",2025-06-03 14:03:42.782-07:00,2025060314031106,400.0,400.0,COMPLETED,3186,5107,nan,WDRAWTX,ATM
"___14:08:10 403002 ATM.     'Posting Transaction Result  0:{""type"":""ATM"",""accountType"":""CHEKAC"",""seqNumber"":""2025060314074006"",""Authorization"":{""AuthNumber"":""3187"",""ErrorCode"":""0"",""ErrorDescription"":""0"",""Fee"":4.95,""OrderId"":""3187"",""RegisterTime"":""2025-06-03T14:08:10.767-07:00"",""TransactionNumber"":2025060314074006},""Operation"":{""Amount"":280.0,""BillDespensed"":280.0,""CardNumber"":""3936"",""HostIP"":"""",""RegistrationDatetime"":""2025-06-03T14:08:10.767-07:00"",""SequenceNumber"":""2025060314074006"",""Status"":""COMPLETED""},""TransactionDetail"":{""Amount"":280.0,""DispensedTotal"":280.0,""BillDenom_01"":1,""BillDenom_02"":5,""BillDenom_03"":10,""BillDenom_04"":20,""BillDenom_05"":50,""BillDenom_06"":100,""CoinDenom_01"":1,""CoinDenom_02"":5,""CoinDenom_03"":10,""CoinDenom_04"":25,""CoinDenom_05"":0,""CoinDenom_06"":0,""BillCount_01"":0,""BillCount_02"":0,""BillCount_03"":0,""BillCount_04"":4,""BillCount_05"":0,""BillCount_06"":2,""CoinCount_01"":0,""CoinCount_02"":0,""CoinCount_03"":0,""CoinCount_04"":0,""CoinCount_05"":0,""CoinCount_06"":0,""ManualPay"":0.0,""TransactionNumber"":0,""TransactionType"":""WDRAWTX""}}'",2025-06-03 14:08:10.767-07:00,2025060314074006,280.0,280.0,COMPLETED,3187,3936,nan,WDRAWTX,ATM
"___14:24:07 403002 ATM.     'Posting Transaction Result  0:{""type"":""ATM"",""accountType"":""CHEKAC"",""seqNumber"":""2025060314232806"",""Authorization"":{""AuthNumber"":""3188"",""ErrorCode"":""0"",""ErrorDescription"":""0"",""Fee"":4.95,""OrderId"":""3188"",""RegisterTime"":""2025-06-03T14:24:07.564-07:00"",""TransactionNumber"":2025060314232806},""Operation"":{""Amount"":500.0,""BillDespensed"":500.0,""CardNumber"":""6791"",""HostIP"":"""",""RegistrationDatetime"":""2025-06-03T14:24:07.564-07:00"",""SequenceNumber"":""2025060314232806"",""Status"":""COMPLETED""},""TransactionDetail"":{""Amount"":500.0,""DispensedTotal"":500.0,""BillDenom_01"":1,""BillDenom_02"":5,""BillDenom_03"":10,""BillDenom_04"":20,""BillDenom_05"":50,""BillDenom_06"":100,""CoinDenom_01"":1,""CoinDenom_02"":5,""CoinDenom_03"":10,""CoinDenom_04"":25,""CoinDenom_05"":0,""CoinDenom_06"":0,""BillCount_01"":0,""BillCount_02"":0,""BillCount_03"":0,""BillCount_04"":0,""BillCount_05"":0,""BillCount_06"":5,""CoinCount_01"":0,""CoinCount_02"":0,""CoinCount_03"":0,""CoinCount_04"":0,""CoinCount_05"":0,""CoinCount_06"":0,""ManualPay"":0.0,""TransactionNumber"":0,""TransactionType"":""WDRAWTX""}}'",2025-06-03 14:24:07.564-07:00,2025060314232806,500.0,500.0,COMPLETED,3188,6791,nan,WDRAWTX,ATM
"___14:49:41 403002 ATM.     'Posting Transaction Result  0:{""type"":""ATM"",""accountType"":""CHEKAC"",""seqNumber"":""2025060314491006"",""Authorization"":{""AuthNumber"":""3189"",""ErrorCode"":""0"",""ErrorDescription"":""0"",""Fee"":4.95,""OrderId"":""3189"",""RegisterTime"":""2025-06-03T14:49:41.172-07:00"",""TransactionNumber"":2025060314491006},""Operation"":{""Amount"":120.0,""BillDespensed"":120.0,""CardNumber"":""3528"",""HostIP"":"""",""RegistrationDatetime"":""2025-06-03T14:49:41.172-07:00"",""SequenceNumber"":""2025060314491006"",""Status"":""COMPLETED""},""TransactionDetail"":{""Amount"":120.0,""DispensedTotal"":120.0,""BillDenom_01"":1,""BillDenom_02"":5,""BillDenom_03"":10,""BillDenom_04"":20,""BillDenom_05"":50,""BillDenom_06"":100,""CoinDenom_01"":1,""CoinDenom_02"":5,""CoinDenom_03"":10,""CoinDenom_04"":25,""CoinDenom_05"":0,""CoinDenom_06"":0,""BillCount_01"":0,""BillCount_02"":0,""BillCount_03"":0,""BillCount_04"":1,""BillCount_05"":0,""BillCount_06"":1,""CoinCount_01"":0,""CoinCount_02"":0,""CoinCount_03"":0,""CoinCount_04"":0,""CoinCount_05"":0,""CoinCount_06"":0,""ManualPay"":0.0,""TransactionNumber"":0,""TransactionType"":""WDRAWTX""}}'",2025-06-03 14:49:41.172-07:00,2025060314491006,120.0,120.0,COMPLETED,3189,3528,nan,WDRAWTX,ATM
"___14:54:22 403002 ATM.     'Posting Transaction Result  0:{""type"":""ATM"",""accountType"":""CHEKAC"",""seqNumber"":""2025060314534906"",""Authorization"":{""AuthNumber"":""3190"",""ErrorCode"":""0"",""ErrorDescription"":""0"",""Fee"":4.95,""OrderId"":""3190"",""RegisterTime"":""2025-06-03T14:54:22.640-07:00"",""TransactionNumber"":2025060314534906},""Operation"":{""Amount"":200.0,""BillDespensed"":200.0,""CardNumber"":""4072"",""HostIP"":"""",""RegistrationDatetime"":""2025-06-03T14:54:22.640-07:00"",""SequenceNumber"":""2025060314534906"",""Status"":""COMPLETED""},""TransactionDetail"":{""Amount"":200.0,""DispensedTotal"":200.0,""BillDenom_01"":1,""BillDenom_02"":5,""BillDenom_03"":10,""BillDenom_04"":20,""BillDenom_05"":50,""BillDenom_06"":100,""CoinDenom_01"":1,""CoinDenom_02"":5,""CoinDenom_03"":10,""CoinDenom_04"":25,""CoinDenom_05"":0,""CoinDenom_06"":0,""BillCount_01"":0,""BillCount_02"":0,""BillCount_03"":0,""BillCount_04"":0,""BillCount_05"":0,""BillCount_06"":2,""CoinCount_01"":0,""CoinCount_02"":0,""CoinCount_03"":0,""CoinCount_04"":0,""CoinCount_05"":0,""CoinCount_06"":0,""ManualPay"":0.0,""TransactionNumber"":0,""TransactionType"":""WDRAWTX""}}'",2025-06-03 14:54:22.640-07:00,2025060314534906,200.0,200.0,COMPLETED,3190,4072,nan,WDRAWTX,ATM
"___15:13:24 403002 ATM.     'Posting Transaction Result  0:{""type"":""ATM"",""accountType"":""CHEKAC"",""seqNumber"":""2025060315123106"",""Authorization"":{""AuthNumber"":""3191"",""ErrorCode"":""0"",""ErrorDescription"":""0"",""Fee"":4.95,""OrderId"":""3191"",""RegisterTime"":""2025-06-03T15:13:24.211-07:00"",""TransactionNumber"":2025060315123106},""Operation"":{""Amount"":200.0,""BillDespensed"":200.0,""CardNumber"":""3413"",""HostIP"":"""",""RegistrationDatetime"":""2025-06-03T15:13:24.211-07:00"",""SequenceNumber"":""2025060315123106"",""Status"":""COMPLETED""},""TransactionDetail"":{""Amount"":200.0,""DispensedTotal"":200.0,""BillDenom_01"":1,""BillDenom_02"":5,""BillDenom_03"":10,""BillDenom_04"":20,""BillDenom_05"":50,""BillDenom_06"":100,""CoinDenom_01"":1,""CoinDenom_02"":5,""CoinDenom_03"":10,""CoinDenom_04"":25,""CoinDenom_05"":0,""CoinDenom_06"":0,""BillCount_01"":0,""BillCount_02"":0,""BillCount_03"":0,""BillCount_04"":0,""BillCount_05"":0,""BillCount_06"":2,""CoinCount_01"":0,""CoinCount_02"":0,""CoinCount_03"":0,""CoinCount_04"":0,""CoinCount_05"":0,""CoinCount_06"":0,""ManualPay"":0.0,""TransactionNumber"":0,""TransactionType"":""WDRAWTX""}}'",2025-06-03 15:13:24.211-07:00,2025060315123106,200.0,200.0,COMPLETED,3191,3413,nan,WDRAWTX,ATM
"___15:17:56 403002 ATM.     'Posting Transaction Result  0:{""type"":""ATM"",""accountType"":""CHEKAC"",""seqNumber"":""2025060315172206"",""Authorization"":{""AuthNumber"":""3192"",""ErrorCode"":""0"",""ErrorDescription"":""0"",""Fee"":4.95,""OrderId"":""3192"",""RegisterTime"":""2025-06-03T15:17:56.630-07:00"",""TransactionNumber"":2025060315172206},""Operation"":{""Amount"":500.0,""BillDespensed"":500.0,""CardNumber"":""6409"",""HostIP"":"""",""RegistrationDatetime"":""2025-06-03T15:17:56.630-07:00"",""SequenceNumber"":""2025060315172206"",""Status"":""COMPLETED""},""TransactionDetail"":{""Amount"":500.0,""DispensedTotal"":500.0,""BillDenom_01"":1,""BillDenom_02"":5,""BillDenom_03"":10,""BillDenom_04"":20,""BillDenom_05"":50,""BillDenom_06"":100,""CoinDenom_01"":1,""CoinDenom_02"":5,""CoinDenom_03"":10,""CoinDenom_04"":25,""CoinDenom_05"":0,""CoinDenom_06"":0,""BillCount_01"":0,""BillCount_02"":0,""BillCount_03"":0,""BillCount_04"":0,""BillCount_05"":0,""BillCount_06"":5,""CoinCount_01"":0,""CoinCount_02"":0,""CoinCount_03"":0,""CoinCount_04"":0,""CoinCount_05"":0,""CoinCount_06"":0,""ManualPay"":0.0,""TransactionNumber"":0,""TransactionType"":""WDRAWTX""}}'",2025-06-03 15:17:56.630-07:00,2025060315172206,500.0,500.0,COMPLETED,3192,6409,nan,WDRAWTX,ATM
"___15:25:58 403002 ATM.     'Posting Transaction Result  0:{""type"":""ATM"",""accountType"":""CHEKAC"",""seqNumber"":""2025060315251606"",""Authorization"":{""AuthNumber"":""3193"",""ErrorCode"":""0"",""ErrorDescription"":""0"",""Fee"":4.95,""OrderId"":""3193"",""RegisterTime"":""2025-06-03T15:25:58.028-07:00"",""TransactionNumber"":2025060315251606},""Operation"":{""Amount"":100.0,""BillDespensed"":100.0,""CardNumber"":""9145"",""HostIP"":"""",""RegistrationDatetime"":""2025-06-03T15:25:58.028-07:00"",""SequenceNumber"":""2025060315251606"",""Status"":""COMPLETED""},""TransactionDetail"":{""Amount"":100.0,""DispensedTotal"":100.0,""BillDenom_01"":1,""BillDenom_02"":5,""BillDenom_03"":10,""BillDenom_04"":20,""BillDenom_05"":50,""BillDenom_06"":100,""CoinDenom_01"":1,""CoinDenom_02"":5,""CoinDenom_03"":10,""CoinDenom_04"":25,""CoinDenom_05"":0,""CoinDenom_06"":0,""BillCount_01"":0,""BillCount_02"":0,""BillCount_03"":0,""BillCount_04"":0,""BillCount_05"":0,""BillCount_06"":1,""CoinCount_01"":0,""CoinCount_02"":0,""CoinCount_03"":0,""CoinCount_04"":0,""CoinCount_05"":0,""CoinCount_06"":0,""ManualPay"":0.0,""TransactionNumber"":0,""TransactionType"":""WDRAWTX""}}'",2025-06-03 15:25:58.028-07:00,2025060315251606,100.0,100.0,COMPLETED,3193,9145,nan,WDRAWTX,ATM
"___15:59:11 403002 ATM.     'Posting Transaction Result  0:{""type"":""ATM"",""accountType"":""CHEKAC"",""seqNumber"":""2025060315585806"",""Authorization"":{""ErrorCode"":""0"",""ErrorDescription"":""0"",""Fee"":0.0,""RegisterTime"":""2025-06-03T15:59:11.069-07:00"",""TransactionNumber"":2025060315585806},""Operation"":{""Amount"":140.0,""BillDespensed"":0.0,""CardNumber"":""7897"",""HostIP"":"""",""RegistrationDatetime"":""2025-06-03T15:59:11.069-07:00"",""SequenceNumber"":""2025060315585806"",""Status"":""DENIED""},""TransactionDetail"":{""Amount"":140.0,""DispensedTotal"":0.0,""BillDenom_01"":1,""BillDenom_02"":5,""BillDenom_03"":10,""BillDenom_04"":20,""BillDenom_05"":50,""BillDenom_06"":100,""CoinDenom_01"":1,""CoinDenom_02"":5,""CoinDenom_03"":10,""CoinDenom_04"":25,""CoinDenom_05"":0,""CoinDenom_06"":0,""BillCount_01"":0,""BillCount_02"":0,""BillCount_03"":0,""BillCount_04"":0,""BillCount_05"":0,""BillCount_06"":0,""CoinCount_01"":0,""CoinCount_02"":0,""CoinCount_03"":0,""CoinCount_04"":0,""CoinCount_05"":0,""CoinCount_06"":0,""ManualPay"":0.0,""TransactionNumber"":0,""TransactionType"":""WDRAWTX""}}'",2025-06-03 15:59:11.069-07:00,2025060315585806,140.0,0.0,DENIED,nan,7897,nan,WDRAWTX,ATM
"___16:02:50 403002 ATM.     'Posting Transaction Result  0:{""type"":""ATM"",""accountType"":""CHEKAC"",""seqNumber"":""2025060316020506"",""Authorization"":{""AuthNumber"":""3195"",""ErrorCode"":""0"",""ErrorDescription"":""0"",""Fee"":4.95,""OrderId"":""3195"",""RegisterTime"":""2025-06-03T16:02:50.522-07:00"",""TransactionNumber"":2025060316020506},""Operation"":{""Amount"":200.0,""BillDespensed"":200.0,""CardNumber"":""2329"",""HostIP"":"""",""RegistrationDatetime"":""2025-06-03T16:02:50.522-07:00"",""SequenceNumber"":""2025060316020506"",""Status"":""COMPLETED""},""TransactionDetail"":{""Amount"":200.0,""DispensedTotal"":200.0,""BillDenom_01"":1,""BillDenom_02"":5,""BillDenom_03"":10,""BillDenom_04"":20,""BillDenom_05"":50,""BillDenom_06"":100,""CoinDenom_01"":1,""CoinDenom_02"":5,""CoinDenom_03"":10,""CoinDenom_04"":25,""CoinDenom_05"":0,""CoinDenom_06"":0,""BillCount_01"":0,""BillCount_02"":0,""BillCount_03"":0,""BillCount_04"":0,""BillCount_05"":0,""BillCount_06"":2,""CoinCount_01"":0,""CoinCount_02"":0,""CoinCount_03"":0,""CoinCount_04"":0,""CoinCount_05"":0,""CoinCount_06"":0,""ManualPay"":0.0,""TransactionNumber"":0,""TransactionType"":""WDRAWTX""}}'",2025-06-03 16:02:50.522-07:00,2025060316020506,200.0,200.0,COMPLETED,3195,2329,nan,WDRAWTX,ATM
"___16:07:16 403002 ATM.     'Posting Transaction Result  0:{""type"":""ATM"",""accountType"":""CHEKAC"",""seqNumber"":""2025060316070306"",""Authorization"":{""ErrorCode"":""0"",""ErrorDescription"":""0"",""Fee"":0.0,""RegisterTime"":""2025-06-03T16:07:16.317-07:00"",""TransactionNumber"":2025060316070306},""Operation"":{""Amount"":200.0,""BillDespensed"":0.0,""CardNumber"":""7753"",""HostIP"":"""",""RegistrationDatetime"":""2025-06-03T16:07:16.317-07:00"",""SequenceNumber"":""2025060316070306"",""Status"":""DENIED""},""TransactionDetail"":{""Amount"":200.0,""DispensedTotal"":0.0,""BillDenom_01"":1,""BillDenom_02"":5,""BillDenom_03"":10,""BillDenom_04"":20,""BillDenom_05"":50,""BillDenom_06"":100,""CoinDenom_01"":1,""CoinDenom_02"":5,""CoinDenom_03"":10,""CoinDenom_04"":25,""CoinDenom_05"":0,""CoinDenom_06"":0,""BillCount_01"":0,""BillCount_02"":0,""BillCount_03"":0,""BillCount_04"":0,""BillCount_05"":0,""BillCount_06"":0,""CoinCount_01"":0,""CoinCount_02"":0,""CoinCount_03"":0,""CoinCount_04"":0,""CoinCount_05"":0,""CoinCount_06"":0,""ManualPay"":0.0,""TransactionNumber"":0,""TransactionType"":""WDRAWTX""}}'",2025-06-03 16:07:16.317-07:00,2025060316070306,200.0,0.0,DENIED,nan,7753,nan,WDRAWTX,ATM
"___16:08:26 403002 ATM.     'Posting Transaction Result  0:{""type"":""ATM"",""accountType"":""CHEKAC"",""seqNumber"":""2025060316075706"",""Authorization"":{""AuthNumber"":""3197"",""ErrorCode"":""0"",""ErrorDescription"":""0"",""Fee"":4.95,""OrderId"":""3197"",""RegisterTime"":""2025-06-03T16:08:26.940-07:00"",""TransactionNumber"":2025060316075706},""Operation"":{""Amount"":200.0,""BillDespensed"":200.0,""CardNumber"":""7753"",""HostIP"":"""",""RegistrationDatetime"":""2025-06-03T16:08:26.940-07:00"",""SequenceNumber"":""2025060316075706"",""Status"":""COMPLETED""},""TransactionDetail"":{""Amount"":200.0,""DispensedTotal"":200.0,""BillDenom_01"":1,""BillDenom_02"":5,""BillDenom_03"":10,""BillDenom_04"":20,""BillDenom_05"":50,""BillDenom_06"":100,""CoinDenom_01"":1,""CoinDenom_02"":5,""CoinDenom_03"":10,""CoinDenom_04"":25,""CoinDenom_05"":0,""CoinDenom_06"":0,""BillCount_01"":0,""BillCount_02"":0,""BillCount_03"":0,""BillCount_04"":0,""BillCount_05"":0,""BillCount_06"":2,""CoinCount_01"":0,""CoinCount_02"":0,""CoinCount_03"":0,""CoinCount_04"":0,""CoinCount_05"":0,""CoinCount_06"":0,""ManualPay"":0.0,""TransactionNumber"":0,""TransactionType"":""WDRAWTX""}}'",2025-06-03 16:08:26.940-07:00,2025060316075706,200.0,200.0,COMPLETED,3197,7753,nan,WDRAWTX,ATM
"___16:34:09 403002 ATM.     'Posting Transaction Result  0:{""type"":""ATM"",""accountType"":""CHEKAC"",""seqNumber"":""2025060316333806"",""Authorization"":{""AuthNumber"":""3198"",""ErrorCode"":""0"",""ErrorDescription"":""0"",""Fee"":4.95,""OrderId"":""3198"",""RegisterTime"":""2025-06-03T16:34:09.114-07:00"",""TransactionNumber"":2025060316333806},""Operation"":{""Amount"":400.0,""BillDespensed"":400.0,""CardNumber"":""1820"",""HostIP"":"""",""RegistrationDatetime"":""2025-06-03T16:34:09.114-07:00"",""SequenceNumber"":""2025060316333806"",""Status"":""COMPLETED""},""TransactionDetail"":{""Amount"":400.0,""DispensedTotal"":400.0,""BillDenom_01"":1,""BillDenom_02"":5,""BillDenom_03"":10,""BillDenom_04"":20,""BillDenom_05"":50,""BillDenom_06"":100,""CoinDenom_01"":1,""CoinDenom_02"":5,""CoinDenom_03"":10,""CoinDenom_04"":25,""CoinDenom_05"":0,""CoinDenom_06"":0,""BillCount_01"":0,""BillCount_02"":0,""BillCount_03"":0,""BillCount_04"":0,""BillCount_05"":0,""BillCount_06"":4,""CoinCount_01"":0,""CoinCount_02"":0,""CoinCount_03"":0,""CoinCount_04"":0,""CoinCount_05"":0,""CoinCount_06"":0,""ManualPay"":0.0,""TransactionNumber"":0,""TransactionType"":""WDRAWTX""}}'",2025-06-03 16:34:09.114-07:00,2025060316333806,400.0,400.0,COMPLETED,3198,1820,nan,WDRAWTX,ATM
"___16:39:31 403002 ATM.     'Posting Transaction Result  0:{""type"":""ATM"",""accountType"":""CHEKAC"",""seqNumber"":""2025060316390906"",""Authorization"":{""ErrorCode"":""0"",""ErrorDescription"":""0"",""Fee"":0.0,""RegisterTime"":""2025-06-03T16:39:31.481-07:00"",""TransactionNumber"":2025060316390906},""Operation"":{""Amount"":300.0,""BillDespensed"":0.0,""CardNumber"":""3784"",""HostIP"":"""",""RegistrationDatetime"":""2025-06-03T16:39:31.481-07:00"",""SequenceNumber"":""2025060316390906"",""Status"":""DENIED""},""TransactionDetail"":{""Amount"":300.0,""DispensedTotal"":0.0,""BillDenom_01"":1,""BillDenom_02"":5,""BillDenom_03"":10,""BillDenom_04"":20,""BillDenom_05"":50,""BillDenom_06"":100,""CoinDenom_01"":1,""CoinDenom_02"":5,""CoinDenom_03"":10,""CoinDenom_04"":25,""CoinDenom_05"":0,""CoinDenom_06"":0,""BillCount_01"":0,""BillCount_02"":0,""BillCount_03"":0,""BillCount_04"":0,""BillCount_05"":0,""BillCount_06"":0,""CoinCount_01"":0,""CoinCount_02"":0,""CoinCount_03"":0,""CoinCount_04"":0,""CoinCount_05"":0,""CoinCount_06"":0,""ManualPay"":0.0,""TransactionNumber"":0,""TransactionType"":""WDRAWTX""}}'",2025-06-03 16:39:31.481-07:00,2025060316390906,300.0,0.0,DENIED,nan,3784,nan,WDRAWTX,ATM
"___17:10:50 403002 ATM.     'Posting Transaction Result  0:{""type"":""ATM"",""accountType"":""CHEKAC"",""seqNumber"":""2025060317101406"",""Authorization"":{""AuthNumber"":""3201"",""ErrorCode"":""0"",""ErrorDescription"":""0"",""Fee"":4.95,""OrderId"":""3201"",""RegisterTime"":""2025-06-03T17:10:50.117-07:00"",""TransactionNumber"":2025060317101406},""Operation"":{""Amount"":100.0,""BillDespensed"":100.0,""CardNumber"":""2329"",""HostIP"":"""",""RegistrationDatetime"":""2025-06-03T17:10:50.117-07:00"",""SequenceNumber"":""2025060317101406"",""Status"":""COMPLETED""},""TransactionDetail"":{""Amount"":100.0,""DispensedTotal"":100.0,""BillDenom_01"":1,""BillDenom_02"":5,""BillDenom_03"":10,""BillDenom_04"":20,""BillDenom_05"":50,""BillDenom_06"":100,""CoinDenom_01"":1,""CoinDenom_02"":5,""CoinDenom_03"":10,""CoinDenom_04"":25,""CoinDenom_05"":0,""CoinDenom_06"":0,""BillCount_01"":0,""BillCount_02"":0,""BillCount_03"":0,""BillCount_04"":0,""BillCount_05"":0,""BillCount_06"":1,""CoinCount_01"":0,""CoinCount_02"":0,""CoinCount_03"":0,""CoinCount_04"":0,""CoinCount_05"":0,""CoinCount_06"":0,""ManualPay"":0.0,""TransactionNumber"":0,""TransactionType"":""WDRAWTX""}}'",2025-06-03 17:10:50.117-07:00,2025060317101406,100.0,100.0,COMPLETED,3201,2329,nan,WDRAWTX,ATM
"___17:14:57 403002 ATM.     'Posting Transaction Result  0:{""type"":""ATM"",""accountType"":""CHEKAC"",""seqNumber"":""2025060317135006"",""Authorization"":{""ErrorCode"":""0"",""ErrorDescription"":""0"",""Fee"":0.0,""RegisterTime"":""2025-06-03T17:14:57.425-07:00"",""TransactionNumber"":2025060317135006},""Operation"":{""Amount"":500.0,""BillDespensed"":0.0,""CardNumber"":""7717"",""HostIP"":"""",""RegistrationDatetime"":""2025-06-03T17:14:57.425-07:00"",""SequenceNumber"":""2025060317135006"",""Status"":""DENIED""},""TransactionDetail"":{""Amount"":500.0,""DispensedTotal"":0.0,""BillDenom_01"":1,""BillDenom_02"":5,""BillDenom_03"":10,""BillDenom_04"":20,""BillDenom_05"":50,""BillDenom_06"":100,""CoinDenom_01"":1,""CoinDenom_02"":5,""CoinDenom_03"":10,""CoinDenom_04"":25,""CoinDenom_05"":0,""CoinDenom_06"":0,""BillCount_01"":0,""BillCount_02"":0,""BillCount_03"":0,""BillCount_04"":0,""BillCount_05"":0,""BillCount_06"":0,""CoinCount_01"":0,""CoinCount_02"":0,""CoinCount_03"":0,""CoinCount_04"":0,""CoinCount_05"":0,""CoinCount_06"":0,""ManualPay"":0.0,""TransactionNumber"":0,""TransactionType"":""WDRAWTX""}}'",2025-06-03 17:14:57.425-07:00,2025060317135006,500.0,0.0,DENIED,nan,7717,nan,WDRAWTX,ATM
"___17:16:43 403002 ATM.     'Posting Transaction Result  0:{""type"":""ATM"",""accountType"":""CHEKAC"",""seqNumber"":""2025060317161006"",""Authorization"":{""AuthNumber"":""3205"",""ErrorCode"":""0"",""ErrorDescription"":""0"",""Fee"":4.95,""OrderId"":""3205"",""RegisterTime"":""2025-06-03T17:16:43.837-07:00"",""TransactionNumber"":2025060317161006},""Operation"":{""Amount"":500.0,""BillDespensed"":500.0,""CardNumber"":""7717"",""HostIP"":"""",""RegistrationDatetime"":""2025-06-03T17:16:43.837-07:00"",""SequenceNumber"":""2025060317161006"",""Status"":""COMPLETED""},""TransactionDetail"":{""Amount"":500.0,""DispensedTotal"":500.0,""BillDenom_01"":1,""BillDenom_02"":5,""BillDenom_03"":10,""BillDenom_04"":20,""BillDenom_05"":50,""BillDenom_06"":100,""CoinDenom_01"":1,""CoinDenom_02"":5,""CoinDenom_03"":10,""CoinDenom_04"":25,""CoinDenom_05"":0,""CoinDenom_06"":0,""BillCount_01"":0,""BillCount_02"":0,""BillCount_03"":0,""BillCount_04"":0,""BillCount_05"":0,""BillCount_06"":5,""CoinCount_01"":0,""CoinCount_02"":0,""CoinCount_03"":0,""CoinCount_04"":0,""CoinCount_05"":0,""CoinCount_06"":0,""ManualPay"":0.0,""TransactionNumber"":0,""TransactionType"":""WDRAWTX""}}'",2025-06-03 17:16:43.837-07:00,2025060317161006,500.0,500.0,COMPLETED,3205,7717,nan,WDRAWTX,ATM
"___17:24:52 403002 ATM.     'Posting Transaction Result  0:{""type"":""ATM"",""accountType"":""CHEKAC"",""seqNumber"":""2025060317242406"",""Authorization"":{""AuthNumber"":""3206"",""ErrorCode"":""0"",""ErrorDescription"":""0"",""Fee"":4.95,""OrderId"":""3206"",""RegisterTime"":""2025-06-03T17:24:52.647-07:00"",""TransactionNumber"":2025060317242406},""Operation"":{""Amount"":200.0,""BillDespensed"":200.0,""CardNumber"":""1785"",""HostIP"":"""",""RegistrationDatetime"":""2025-06-03T17:24:52.647-07:00"",""SequenceNumber"":""2025060317242406"",""Status"":""COMPLETED""},""TransactionDetail"":{""Amount"":200.0,""DispensedTotal"":200.0,""BillDenom_01"":1,""BillDenom_02"":5,""BillDenom_03"":10,""BillDenom_04"":20,""BillDenom_05"":50,""BillDenom_06"":100,""CoinDenom_01"":1,""CoinDenom_02"":5,""CoinDenom_03"":10,""CoinDenom_04"":25,""CoinDenom_05"":0,""CoinDenom_06"":0,""BillCount_01"":0,""BillCount_02"":0,""BillCount_03"":0,""BillCount_04"":0,""BillCount_05"":0,""BillCount_06"":2,""CoinCount_01"":0,""CoinCount_02"":0,""CoinCount_03"":0,""CoinCount_04"":0,""CoinCount_05"":0,""CoinCount_06"":0,""ManualPay"":0.0,""TransactionNumber"":0,""TransactionType"":""WDRAWTX""}}'",2025-06-03 17:24:52.647-07:00,2025060317242406,200.0,200.0,COMPLETED,3206,1785,nan,WDRAWTX,ATM
"___17:26:45 403002 ATM.     'Posting Transaction Result  0:{""type"":""ATM"",""accountType"":""CHEKAC"",""seqNumber"":""2025060317261106"",""Authorization"":{""AuthNumber"":""3207"",""ErrorCode"":""0"",""ErrorDescription"":""0"",""Fee"":4.95,""OrderId"":""3207"",""RegisterTime"":""2025-06-03T17:26:45.746-07:00"",""TransactionNumber"":2025060317261106},""Operation"":{""Amount"":80.0,""BillDespensed"":80.0,""CardNumber"":""9039"",""HostIP"":"""",""RegistrationDatetime"":""2025-06-03T17:26:45.746-07:00"",""SequenceNumber"":""2025060317261106"",""Status"":""COMPLETED""},""TransactionDetail"":{""Amount"":80.0,""DispensedTotal"":80.0,""BillDenom_01"":1,""BillDenom_02"":5,""BillDenom_03"":10,""BillDenom_04"":20,""BillDenom_05"":50,""BillDenom_06"":100,""CoinDenom_01"":1,""CoinDenom_02"":5,""CoinDenom_03"":10,""CoinDenom_04"":25,""CoinDenom_05"":0,""CoinDenom_06"":0,""BillCount_01"":0,""BillCount_02"":0,""BillCount_03"":0,""BillCount_04"":4,""BillCount_05"":0,""BillCount_06"":0,""CoinCount_01"":0,""CoinCount_02"":0,""CoinCount_03"":0,""CoinCount_04"":0,""CoinCount_05"":0,""CoinCount_06"":0,""ManualPay"":0.0,""TransactionNumber"":0,""TransactionType"":""WDRAWTX""}}'",2025-06-03 17:26:45.746-07:00,2025060317261106,80.0,80.0,COMPLETED,3207,9039,nan,WDRAWTX,ATM
"___17:47:42 403002 ATM.     'Posting Transaction Result  0:{""type"":""ATM"",""accountType"":""CHEKAC"",""seqNumber"":""2025060317470506"",""Authorization"":{""AuthNumber"":""3210"",""ErrorCode"":""0"",""ErrorDescription"":""0"",""Fee"":4.95,""OrderId"":""3210"",""RegisterTime"":""2025-06-03T17:47:42.411-07:00"",""TransactionNumber"":2025060317470506},""Operation"":{""Amount"":220.0,""BillDespensed"":220.0,""CardNumber"":""8332"",""HostIP"":"""",""RegistrationDatetime"":""2025-06-03T17:47:42.411-07:00"",""SequenceNumber"":""2025060317470506"",""Status"":""COMPLETED""},""TransactionDetail"":{""Amount"":220.0,""DispensedTotal"":220.0,""BillDenom_01"":1,""BillDenom_02"":5,""BillDenom_03"":10,""BillDenom_04"":20,""BillDenom_05"":50,""BillDenom_06"":100,""CoinDenom_01"":1,""CoinDenom_02"":5,""CoinDenom_03"":10,""CoinDenom_04"":25,""CoinDenom_05"":0,""CoinDenom_06"":0,""BillCount_01"":0,""BillCount_02"":0,""BillCount_03"":0,""BillCount_04"":1,""BillCount_05"":0,""BillCount_06"":2,""CoinCount_01"":0,""CoinCount_02"":0,""CoinCount_03"":0,""CoinCount_04"":0,""CoinCount_05"":0,""CoinCount_06"":0,""ManualPay"":0.0,""TransactionNumber"":0,""TransactionType"":""WDRAWTX""}}'",2025-06-03 17:47:42.411-07:00,2025060317470506,220.0,220.0,COMPLETED,3210,8332,nan,WDRAWTX,ATM
"___18:51:31 403002 ATM.     'Posting Transaction Result  0:{""type"":""ATM"",""accountType"":""CHEKAC"",""seqNumber"":""2025060318504706"",""Authorization"":{""AuthNumber"":""3213"",""ErrorCode"":""0"",""ErrorDescription"":""0"",""Fee"":4.95,""OrderId"":""3213"",""RegisterTime"":""2025-06-03T18:51:31.932-07:00"",""TransactionNumber"":2025060318504706},""Operation"":{""Amount"":40.0,""BillDespensed"":40.0,""CardNumber"":""2471"",""HostIP"":"""",""RegistrationDatetime"":""2025-06-03T18:51:31.932-07:00"",""SequenceNumber"":""2025060318504706"",""Status"":""COMPLETED""},""TransactionDetail"":{""Amount"":40.0,""DispensedTotal"":40.0,""BillDenom_01"":1,""BillDenom_02"":5,""BillDenom_03"":10,""BillDenom_04"":20,""BillDenom_05"":50,""BillDenom_06"":100,""CoinDenom_01"":1,""CoinDenom_02"":5,""CoinDenom_03"":10,""CoinDenom_04"":25,""CoinDenom_05"":0,""CoinDenom_06"":0,""BillCount_01"":0,""BillCount_02"":0,""BillCount_03"":0,""BillCount_04"":2,""BillCount_05"":0,""BillCount_06"":0,""CoinCount_01"":0,""CoinCount_02"":0,""CoinCount_03"":0,""CoinCount_04"":0,""CoinCount_05"":0,""CoinCount_06"":0,""ManualPay"":0.0,""TransactionNumber"":0,""TransactionType"":""WDRAWTX""}}'",2025-06-03 18:51:31.932-07:00,2025060318504706,40.0,40.0,COMPLETED,3213,2471,nan,WDRAWTX,ATM
"___19:26:09 403002 ATM.     'Posting Transaction Result  0:{""type"":""ATM"",""accountType"":""CHEKAC"",""seqNumber"":""2025060319252906"",""Authorization"":{""AuthNumber"":""3214"",""ErrorCode"":""0"",""ErrorDescription"":""0"",""Fee"":4.95,""OrderId"":""3214"",""RegisterTime"":""2025-06-03T19:26:09.447-07:00"",""TransactionNumber"":2025060319252906},""Operation"":{""Amount"":300.0,""BillDespensed"":300.0,""CardNumber"":""1299"",""HostIP"":"""",""RegistrationDatetime"":""2025-06-03T19:26:09.447-07:00"",""SequenceNumber"":""2025060319252906"",""Status"":""COMPLETED""},""TransactionDetail"":{""Amount"":300.0,""DispensedTotal"":300.0,""BillDenom_01"":1,""BillDenom_02"":5,""BillDenom_03"":10,""BillDenom_04"":20,""BillDenom_05"":50,""BillDenom_06"":100,""CoinDenom_01"":1,""CoinDenom_02"":5,""CoinDenom_03"":10,""CoinDenom_04"":25,""CoinDenom_05"":0,""CoinDenom_06"":0,""BillCount_01"":0,""BillCount_02"":0,""BillCount_03"":0,""BillCount_04"":0,""BillCount_05"":0,""BillCount_06"":3,""CoinCount_01"":0,""CoinCount_02"":0,""CoinCount_03"":0,""CoinCount_04"":0,""CoinCount_05"":0,""CoinCount_06"":0,""ManualPay"":0.0,""TransactionNumber"":0,""TransactionType"":""WDRAWTX""}}'",2025-06-03 19:26:09.447-07:00,2025060319252906,300.0,300.0,COMPLETED,3214,1299,nan,WDRAWTX,ATM
"___19:32:03 403002 ATM.     'Posting Transaction Result  0:{""type"":""ATM"",""accountType"":""CHEKAC"",""seqNumber"":""2025060319312306"",""Authorization"":{""AuthNumber"":""3215"",""ErrorCode"":""0"",""ErrorDescription"":""0"",""Fee"":4.95,""OrderId"":""3215"",""RegisterTime"":""2025-06-03T19:32:03.767-07:00"",""TransactionNumber"":2025060319312306},""Operation"":{""Amount"":240.0,""BillDespensed"":240.0,""CardNumber"":""0683"",""HostIP"":"""",""RegistrationDatetime"":""2025-06-03T19:32:03.767-07:00"",""SequenceNumber"":""2025060319312306"",""Status"":""COMPLETED""},""TransactionDetail"":{""Amount"":240.0,""DispensedTotal"":240.0,""BillDenom_01"":1,""BillDenom_02"":5,""BillDenom_03"":10,""BillDenom_04"":20,""BillDenom_05"":50,""BillDenom_06"":100,""CoinDenom_01"":1,""CoinDenom_02"":5,""CoinDenom_03"":10,""CoinDenom_04"":25,""CoinDenom_05"":0,""CoinDenom_06"":0,""BillCount_01"":0,""BillCount_02"":0,""BillCount_03"":0,""BillCount_04"":2,""BillCount_05"":0,""BillCount_06"":2,""CoinCount_01"":0,""CoinCount_02"":0,""CoinCount_03"":0,""CoinCount_04"":0,""CoinCount_05"":0,""CoinCount_06"":0,""ManualPay"":0.0,""TransactionNumber"":0,""TransactionType"":""WDRAWTX""}}'",2025-06-03 19:32:03.767-07:00,2025060319312306,240.0,240.0,COMPLETED,3215,0683,nan,WDRAWTX,ATM
"___19:48:51 403002 ATM.     'Posting Transaction Result  0:{""type"":""ATM"",""accountType"":""CHEKAC"",""seqNumber"":""2025060319482006"",""Authorization"":{""AuthNumber"":""3216"",""ErrorCode"":""0"",""ErrorDescription"":""0"",""Fee"":4.95,""OrderId"":""3216"",""RegisterTime"":""2025-06-03T19:48:51.248-07:00"",""TransactionNumber"":2025060319482006},""Operation"":{""Amount"":400.0,""BillDespensed"":400.0,""CardNumber"":""3087"",""HostIP"":"""",""RegistrationDatetime"":""2025-06-03T19:48:51.248-07:00"",""SequenceNumber"":""2025060319482006"",""Status"":""COMPLETED""},""TransactionDetail"":{""Amount"":400.0,""DispensedTotal"":400.0,""BillDenom_01"":1,""BillDenom_02"":5,""BillDenom_03"":10,""BillDenom_04"":20,""BillDenom_05"":50,""BillDenom_06"":100,""CoinDenom_01"":1,""CoinDenom_02"":5,""CoinDenom_03"":10,""CoinDenom_04"":25,""CoinDenom_05"":0,""CoinDenom_06"":0,""BillCount_01"":0,""BillCount_02"":0,""BillCount_03"":0,""BillCount_04"":0,""BillCount_05"":0,""BillCount_06"":4,""CoinCount_01"":0,""CoinCount_02"":0,""CoinCount_03"":0,""CoinCount_04"":0,""CoinCount_05"":0,""CoinCount_06"":0,""ManualPay"":0.0,""TransactionNumber"":0,""TransactionType"":""WDRAWTX""}}'",2025-06-03 19:48:51.248-07:00,2025060319482006,400.0,400.0,COMPLETED,3216,3087,nan,WDRAWTX,ATM
"___19:57:25 403002 ATM.     'Posting Transaction Result  0:{""type"":""ATM"",""accountType"":""CHEKAC"",""seqNumber"":""2025060319565206"",""Authorization"":{""AuthNumber"":""3217"",""ErrorCode"":""0"",""ErrorDescription"":""0"",""Fee"":4.95,""OrderId"":""3217"",""RegisterTime"":""2025-06-03T19:57:25.288-07:00"",""TransactionNumber"":2025060319565206},""Operation"":{""Amount"":60.0,""BillDespensed"":60.0,""CardNumber"":""8674"",""HostIP"":"""",""RegistrationDatetime"":""2025-06-03T19:57:25.288-07:00"",""SequenceNumber"":""2025060319565206"",""Status"":""COMPLETED""},""TransactionDetail"":{""Amount"":60.0,""DispensedTotal"":60.0,""BillDenom_01"":1,""BillDenom_02"":5,""BillDenom_03"":10,""BillDenom_04"":20,""BillDenom_05"":50,""BillDenom_06"":100,""CoinDenom_01"":1,""CoinDenom_02"":5,""CoinDenom_03"":10,""CoinDenom_04"":25,""CoinDenom_05"":0,""CoinDenom_06"":0,""BillCount_01"":0,""BillCount_02"":0,""BillCount_03"":0,""BillCount_04"":3,""BillCount_05"":0,""BillCount_06"":0,""CoinCount_01"":0,""CoinCount_02"":0,""CoinCount_03"":0,""CoinCount_04"":0,""CoinCount_05"":0,""CoinCount_06"":0,""ManualPay"":0.0,""TransactionNumber"":0,""TransactionType"":""WDRAWTX""}}'",2025-06-03 19:57:25.288-07:00,2025060319565206,60.0,60.0,COMPLETED,3217,8674,nan,WDRAWTX,ATM
"___20:09:44 403002 ATM.     'Posting Transaction Result  0:{""type"":""ATM"",""accountType"":""CHEKAC"",""seqNumber"":""2025060320090806"",""Authorization"":{""AuthNumber"":""3218"",""ErrorCode"":""0"",""ErrorDescription"":""0"",""Fee"":4.95,""OrderId"":""3218"",""RegisterTime"":""2025-06-03T20:09:44.495-07:00"",""TransactionNumber"":2025060320090806},""Operation"":{""Amount"":440.0,""BillDespensed"":440.0,""CardNumber"":""0724"",""HostIP"":"""",""RegistrationDatetime"":""2025-06-03T20:09:44.495-07:00"",""SequenceNumber"":""2025060320090806"",""Status"":""COMPLETED""},""TransactionDetail"":{""Amount"":440.0,""DispensedTotal"":440.0,""BillDenom_01"":1,""BillDenom_02"":5,""BillDenom_03"":10,""BillDenom_04"":20,""BillDenom_05"":50,""BillDenom_06"":100,""CoinDenom_01"":1,""CoinDenom_02"":5,""CoinDenom_03"":10,""CoinDenom_04"":25,""CoinDenom_05"":0,""CoinDenom_06"":0,""BillCount_01"":0,""BillCount_02"":0,""BillCount_03"":0,""BillCount_04"":2,""BillCount_05"":0,""BillCount_06"":4,""CoinCount_01"":0,""CoinCount_02"":0,""CoinCount_03"":0,""CoinCount_04"":0,""CoinCount_05"":0,""CoinCount_06"":0,""ManualPay"":0.0,""TransactionNumber"":0,""TransactionType"":""WDRAWTX""}}'",2025-06-03 20:09:44.495-07:00,2025060320090806,440.0,440.0,COMPLETED,3218,0724,nan,WDRAWTX,ATM
"___20:16:03 403002 ATM.     'Posting Transaction Result  0:{""type"":""ATM"",""accountType"":""CHEKAC"",""seqNumber"":""2025060320153306"",""Authorization"":{""AuthNumber"":""3219"",""ErrorCode"":""0"",""ErrorDescription"":""0"",""Fee"":4.95,""OrderId"":""3219"",""RegisterTime"":""2025-06-03T20:16:03.953-07:00"",""TransactionNumber"":2025060320153306},""Operation"":{""Amount"":400.0,""BillDespensed"":400.0,""CardNumber"":""3087"",""HostIP"":"""",""RegistrationDatetime"":""2025-06-03T20:16:03.953-07:00"",""SequenceNumber"":""2025060320153306"",""Status"":""COMPLETED""},""TransactionDetail"":{""Amount"":400.0,""DispensedTotal"":400.0,""BillDenom_01"":1,""BillDenom_02"":5,""BillDenom_03"":10,""BillDenom_04"":20,""BillDenom_05"":50,""BillDenom_06"":100,""CoinDenom_01"":1,""CoinDenom_02"":5,""CoinDenom_03"":10,""CoinDenom_04"":25,""CoinDenom_05"":0,""CoinDenom_06"":0,""BillCount_01"":0,""BillCount_02"":0,""BillCount_03"":0,""BillCount_04"":0,""BillCount_05"":0,""BillCount_06"":4,""CoinCount_01"":0,""CoinCount_02"":0,""CoinCount_03"":0,""CoinCount_04"":0,""CoinCount_05"":0,""CoinCount_06"":0,""ManualPay"":0.0,""TransactionNumber"":0,""TransactionType"":""WDRAWTX""}}'",2025-06-03 20:16:03.953-07:00,2025060320153306,400.0,400.0,COMPLETED,3219,3087,nan,WDRAWTX,ATM
"___20:19:25 403002 ATM.     'Posting Transaction Result  0:{""type"":""ATM"",""accountType"":""CHEKAC"",""seqNumber"":""2025060320185406"",""Authorization"":{""AuthNumber"":""3220"",""ErrorCode"":""0"",""ErrorDescription"":""0"",""Fee"":4.95,""OrderId"":""3220"",""RegisterTime"":""2025-06-03T20:19:25.518-07:00"",""TransactionNumber"":2025060320185406},""Operation"":{""Amount"":300.0,""BillDespensed"":300.0,""CardNumber"":""1630"",""HostIP"":"""",""RegistrationDatetime"":""2025-06-03T20:19:25.518-07:00"",""SequenceNumber"":""2025060320185406"",""Status"":""COMPLETED""},""TransactionDetail"":{""Amount"":300.0,""DispensedTotal"":300.0,""BillDenom_01"":1,""BillDenom_02"":5,""BillDenom_03"":10,""BillDenom_04"":20,""BillDenom_05"":50,""BillDenom_06"":100,""CoinDenom_01"":1,""CoinDenom_02"":5,""CoinDenom_03"":10,""CoinDenom_04"":25,""CoinDenom_05"":0,""CoinDenom_06"":0,""BillCount_01"":0,""BillCount_02"":0,""BillCount_03"":0,""BillCount_04"":0,""BillCount_05"":0,""BillCount_06"":3,""CoinCount_01"":0,""CoinCount_02"":0,""CoinCount_03"":0,""CoinCount_04"":0,""CoinCount_05"":0,""CoinCount_06"":0,""ManualPay"":0.0,""TransactionNumber"":0,""TransactionType"":""WDRAWTX""}}'",2025-06-03 20:19:25.518-07:00,2025060320185406,300.0,300.0,COMPLETED,3220,1630,nan,WDRAWTX,ATM
"___20:27:31 403002 ATM.     'Posting Transaction Result  0:{""type"":""ATM"",""accountType"":""CHEKAC"",""seqNumber"":""2025060320271506"",""Authorization"":{""ErrorCode"":""0"",""ErrorDescription"":""0"",""Fee"":0.0,""RegisterTime"":""2025-06-03T20:27:31.240-07:00"",""TransactionNumber"":2025060320271506},""Operation"":{""Amount"":0.0,""BillDespensed"":0.0,""CardNumber"":""5706"",""HostIP"":"""",""RegistrationDatetime"":""2025-06-03T20:27:31.240-07:00"",""SequenceNumber"":""2025060320271506"",""Status"":""COMPLETED""},""TransactionDetail"":{""Amount"":0.0,""DispensedTotal"":0.0,""BillDenom_01"":1,""BillDenom_02"":5,""BillDenom_03"":10,""BillDenom_04"":20,""BillDenom_05"":50,""BillDenom_06"":100,""CoinDenom_01"":1,""CoinDenom_02"":5,""CoinDenom_03"":10,""CoinDenom_04"":25,""CoinDenom_05"":0,""CoinDenom_06"":0,""BillCount_01"":0,""BillCount_02"":0,""BillCount_03"":0,""BillCount_04"":0,""BillCount_05"":0,""BillCount_06"":0,""CoinCount_01"":0,""CoinCount_02"":0,""CoinCount_03"":0,""CoinCount_04"":0,""CoinCount_05"":0,""CoinCount_06"":0,""ManualPay"":0.0,""TransactionNumber"":0,""TransactionType"":""BLNCINQRTX""}}'",2025-06-03 20:27:31.240-07:00,2025060320271506,0.0,0.0,COMPLETED,nan,5706,nan,BLNCINQRTX,ATM
"___20:28:36 403002 ATM.     'Posting Transaction Result  0:{""type"":""ATM"",""accountType"":""CHEKAC"",""seqNumber"":""2025060320275606"",""Authorization"":{""AuthNumber"":""3223"",""ErrorCode"":""0"",""ErrorDescription"":""0"",""Fee"":4.95,""OrderId"":""3223"",""RegisterTime"":""2025-06-03T20:28:36.094-07:00"",""TransactionNumber"":2025060320275606},""Operation"":{""Amount"":200.0,""BillDespensed"":200.0,""CardNumber"":""5706"",""HostIP"":"""",""RegistrationDatetime"":""2025-06-03T20:28:36.094-07:00"",""SequenceNumber"":""2025060320275606"",""Status"":""COMPLETED""},""TransactionDetail"":{""Amount"":200.0,""DispensedTotal"":200.0,""BillDenom_01"":1,""BillDenom_02"":5,""BillDenom_03"":10,""BillDenom_04"":20,""BillDenom_05"":50,""BillDenom_06"":100,""CoinDenom_01"":1,""CoinDenom_02"":5,""CoinDenom_03"":10,""CoinDenom_04"":25,""CoinDenom_05"":0,""CoinDenom_06"":0,""BillCount_01"":0,""BillCount_02"":0,""BillCount_03"":0,""BillCount_04"":0,""BillCount_05"":0,""BillCount_06"":2,""CoinCount_01"":0,""CoinCount_02"":0,""CoinCount_03"":0,""CoinCount_04"":0,""CoinCount_05"":0,""CoinCount_06"":0,""ManualPay"":0.0,""TransactionNumber"":0,""TransactionType"":""WDRAWTX""}}'",2025-06-03 20:28:36.094-07:00,2025060320275606,200.0,200.0,COMPLETED,3223,5706,nan,WDRAWTX,ATM
"___21:01:26 403002 ATM.     'Posting Transaction Result  0:{""type"":""ATM"",""accountType"":""CHEKAC"",""seqNumber"":""2025060321005706"",""Authorization"":{""AuthNumber"":""3224"",""ErrorCode"":""0"",""ErrorDescription"":""0"",""Fee"":4.95,""OrderId"":""3224"",""RegisterTime"":""2025-06-03T21:01:26.017-07:00"",""TransactionNumber"":2025060321005706},""Operation"":{""Amount"":200.0,""BillDespensed"":200.0,""CardNumber"":""3087"",""HostIP"":"""",""RegistrationDatetime"":""2025-06-03T21:01:26.017-07:00"",""SequenceNumber"":""2025060321005706"",""Status"":""COMPLETED""},""TransactionDetail"":{""Amount"":200.0,""DispensedTotal"":200.0,""BillDenom_01"":1,""BillDenom_02"":5,""BillDenom_03"":10,""BillDenom_04"":20,""BillDenom_05"":50,""BillDenom_06"":100,""CoinDenom_01"":1,""CoinDenom_02"":5,""CoinDenom_03"":10,""CoinDenom_04"":25,""CoinDenom_05"":0,""CoinDenom_06"":0,""BillCount_01"":0,""BillCount_02"":0,""BillCount_03"":0,""BillCount_04"":0,""BillCount_05"":0,""BillCount_06"":2,""CoinCount_01"":0,""CoinCount_02"":0,""CoinCount_03"":0,""CoinCount_04"":0,""CoinCount_05"":0,""CoinCount_06"":0,""ManualPay"":0.0,""TransactionNumber"":0,""TransactionType"":""WDRAWTX""}}'",2025-06-03 21:01:26.017-07:00,2025060321005706,200.0,200.0,COMPLETED,3224,3087,nan,WDRAWTX,ATM
"___21:05:14 403002 ATM.     'Posting Transaction Result  0:{""type"":""ATM"",""accountType"":""CHEKAC"",""seqNumber"":""2025060321043706"",""Authorization"":{""AuthNumber"":""3225"",""ErrorCode"":""0"",""ErrorDescription"":""0"",""Fee"":4.95,""OrderId"":""3225"",""RegisterTime"":""2025-06-03T21:05:14.248-07:00"",""TransactionNumber"":2025060321043706},""Operation"":{""Amount"":1000.0,""BillDespensed"":1000.0,""CardNumber"":""9275"",""HostIP"":"""",""RegistrationDatetime"":""2025-06-03T21:05:14.248-07:00"",""SequenceNumber"":""2025060321043706"",""Status"":""COMPLETED""},""TransactionDetail"":{""Amount"":1000.0,""DispensedTotal"":1000.0,""BillDenom_01"":1,""BillDenom_02"":5,""BillDenom_03"":10,""BillDenom_04"":20,""BillDenom_05"":50,""BillDenom_06"":100,""CoinDenom_01"":1,""CoinDenom_02"":5,""CoinDenom_03"":10,""CoinDenom_04"":25,""CoinDenom_05"":0,""CoinDenom_06"":0,""BillCount_01"":0,""BillCount_02"":0,""BillCount_03"":0,""BillCount_04"":0,""BillCount_05"":0,""BillCount_06"":10,""CoinCount_01"":0,""CoinCount_02"":0,""CoinCount_03"":0,""CoinCount_04"":0,""CoinCount_05"":0,""CoinCount_06"":0,""ManualPay"":0.0,""TransactionNumber"":0,""TransactionType"":""WDRAWTX""}}'",2025-06-03 21:05:14.248-07:00,2025060321043706,1000.0,1000.0,COMPLETED,3225,9275,nan,WDRAWTX,ATM
"___21:39:30 403002 ATM.     'Posting Transaction Result  0:{""type"":""ATM"",""accountType"":""CHEKAC"",""seqNumber"":""2025060321383306"",""Authorization"":{""AuthNumber"":""3226"",""ErrorCode"":""0"",""ErrorDescription"":""0"",""Fee"":4.95,""OrderId"":""3226"",""RegisterTime"":""2025-06-03T21:39:30.426-07:00"",""TransactionNumber"":2025060321383306},""Operation"":{""Amount"":300.0,""BillDespensed"":300.0,""CardNumber"":""0577"",""HostIP"":"""",""RegistrationDatetime"":""2025-06-03T21:39:30.426-07:00"",""SequenceNumber"":""2025060321383306"",""Status"":""COMPLETED""},""TransactionDetail"":{""Amount"":300.0,""DispensedTotal"":300.0,""BillDenom_01"":1,""BillDenom_02"":5,""BillDenom_03"":10,""BillDenom_04"":20,""BillDenom_05"":50,""BillDenom_06"":100,""CoinDenom_01"":1,""CoinDenom_02"":5,""CoinDenom_03"":10,""CoinDenom_04"":25,""CoinDenom_05"":0,""CoinDenom_06"":0,""BillCount_01"":0,""BillCount_02"":0,""BillCount_03"":0,""BillCount_04"":0,""BillCount_05"":0,""BillCount_06"":3,""CoinCount_01"":0,""CoinCount_02"":0,""CoinCount_03"":0,""CoinCount_04"":0,""CoinCount_05"":0,""CoinCount_06"":0,""ManualPay"":0.0,""TransactionNumber"":0,""TransactionType"":""WDRAWTX""}}'",2025-06-03 21:39:30.426-07:00,2025060321383306,300.0,300.0,COMPLETED,3226,0577,nan,WDRAWTX,ATM
"___21:42:27 403002 ATM.     'Posting Transaction Result  0:{""type"":""ATM"",""accountType"":""CHEKAC"",""seqNumber"":""2025060321421106"",""Authorization"":{""ErrorCode"":""0"",""ErrorDescription"":""0"",""Fee"":0.0,""RegisterTime"":""2025-06-03T21:42:27.352-07:00"",""TransactionNumber"":2025060321421106},""Operation"":{""Amount"":100.0,""BillDespensed"":0.0,""CardNumber"":""3628"",""HostIP"":"""",""RegistrationDatetime"":""2025-06-03T21:42:27.352-07:00"",""SequenceNumber"":""2025060321421106"",""Status"":""DENIED""},""TransactionDetail"":{""Amount"":100.0,""DispensedTotal"":0.0,""BillDenom_01"":1,""BillDenom_02"":5,""BillDenom_03"":10,""BillDenom_04"":20,""BillDenom_05"":50,""BillDenom_06"":100,""CoinDenom_01"":1,""CoinDenom_02"":5,""CoinDenom_03"":10,""CoinDenom_04"":25,""CoinDenom_05"":0,""CoinDenom_06"":0,""BillCount_01"":0,""BillCount_02"":0,""BillCount_03"":0,""BillCount_04"":0,""BillCount_05"":0,""BillCount_06"":0,""CoinCount_01"":0,""CoinCount_02"":0,""CoinCount_03"":0,""CoinCount_04"":0,""CoinCount_05"":0,""CoinCount_06"":0,""ManualPay"":0.0,""TransactionNumber"":0,""TransactionType"":""WDRAWTX""}}'",2025-06-03 21:42:27.352-07:00,2025060321421106,100.0,0.0,DENIED,nan,3628,nan,WDRAWTX,ATM
"___21:44:37 403002 ATM.     'Posting Transaction Result  0:{""type"":""ATM"",""accountType"":""CHEKAC"",""seqNumber"":""2025060321435006"",""Authorization"":{""AuthNumber"":""3228"",""ErrorCode"":""0"",""ErrorDescription"":""0"",""Fee"":4.95,""OrderId"":""3228"",""RegisterTime"":""2025-06-03T21:44:37.892-07:00"",""TransactionNumber"":2025060321435006},""Operation"":{""Amount"":200.0,""BillDespensed"":200.0,""CardNumber"":""0150"",""HostIP"":"""",""RegistrationDatetime"":""2025-06-03T21:44:37.892-07:00"",""SequenceNumber"":""2025060321435006"",""Status"":""COMPLETED""},""TransactionDetail"":{""Amount"":200.0,""DispensedTotal"":200.0,""BillDenom_01"":1,""BillDenom_02"":5,""BillDenom_03"":10,""BillDenom_04"":20,""BillDenom_05"":50,""BillDenom_06"":100,""CoinDenom_01"":1,""CoinDenom_02"":5,""CoinDenom_03"":10,""CoinDenom_04"":25,""CoinDenom_05"":0,""CoinDenom_06"":0,""BillCount_01"":0,""BillCount_02"":0,""BillCount_03"":0,""BillCount_04"":0,""BillCount_05"":0,""BillCount_06"":2,""CoinCount_01"":0,""CoinCount_02"":0,""CoinCount_03"":0,""CoinCount_04"":0,""CoinCount_05"":0,""CoinCount_06"":0,""ManualPay"":0.0,""TransactionNumber"":0,""TransactionType"":""WDRAWTX""}}'",2025-06-03 21:44:37.892-07:00,2025060321435006,200.0,200.0,COMPLETED,3228,0150,nan,WDRAWTX,ATM
"___21:51:08 403002 ATM.     'Posting Transaction Result  0:{""type"":""ATM"",""accountType"":""CHEKAC"",""seqNumber"":""2025060321500706"",""Authorization"":{""AuthNumber"":""3229"",""ErrorCode"":""0"",""ErrorDescription"":""0"",""Fee"":4.95,""OrderId"":""3229"",""RegisterTime"":""2025-06-03T21:51:08.007-07:00"",""TransactionNumber"":2025060321500706},""Operation"":{""Amount"":300.0,""BillDespensed"":300.0,""CardNumber"":""3995"",""HostIP"":"""",""RegistrationDatetime"":""2025-06-03T21:51:08.007-07:00"",""SequenceNumber"":""2025060321500706"",""Status"":""COMPLETED""},""TransactionDetail"":{""Amount"":300.0,""DispensedTotal"":300.0,""BillDenom_01"":1,""BillDenom_02"":5,""BillDenom_03"":10,""BillDenom_04"":20,""BillDenom_05"":50,""BillDenom_06"":100,""CoinDenom_01"":1,""CoinDenom_02"":5,""CoinDenom_03"":10,""CoinDenom_04"":25,""CoinDenom_05"":0,""CoinDenom_06"":0,""BillCount_01"":0,""BillCount_02"":0,""BillCount_03"":0,""BillCount_04"":0,""BillCount_05"":0,""BillCount_06"":3,""CoinCount_01"":0,""CoinCount_02"":0,""CoinCount_03"":0,""CoinCount_04"":0,""CoinCount_05"":0,""CoinCount_06"":0,""ManualPay"":0.0,""TransactionNumber"":0,""TransactionType"":""WDRAWTX""}}'",2025-06-03 21:51:08.007-07:00,2025060321500706,300.0,300.0,COMPLETED,3229,3995,nan,WDRAWTX,ATM
"___22:13:43 403002 ATM.     'Posting Transaction Result  0:{""type"":""ATM"",""accountType"":""CHEKAC"",""seqNumber"":""2025060322130906"",""Authorization"":{""AuthNumber"":""3230"",""ErrorCode"":""0"",""ErrorDescription"":""0"",""Fee"":4.95,""OrderId"":""3230"",""RegisterTime"":""2025-06-03T22:13:43.077-07:00"",""TransactionNumber"":2025060322130906},""Operation"":{""Amount"":1000.0,""BillDespensed"":1000.0,""CardNumber"":""3600"",""HostIP"":"""",""RegistrationDatetime"":""2025-06-03T22:13:43.077-07:00"",""SequenceNumber"":""2025060322130906"",""Status"":""COMPLETED""},""TransactionDetail"":{""Amount"":1000.0,""DispensedTotal"":1000.0,""BillDenom_01"":1,""BillDenom_02"":5,""BillDenom_03"":10,""BillDenom_04"":20,""BillDenom_05"":50,""BillDenom_06"":100,""CoinDenom_01"":1,""CoinDenom_02"":5,""CoinDenom_03"":10,""CoinDenom_04"":25,""CoinDenom_05"":0,""CoinDenom_06"":0,""BillCount_01"":0,""BillCount_02"":0,""BillCount_03"":0,""BillCount_04"":0,""BillCount_05"":0,""BillCount_06"":10,""CoinCount_01"":0,""CoinCount_02"":0,""CoinCount_03"":0,""CoinCount_04"":0,""CoinCount_05"":0,""CoinCount_06"":0,""ManualPay"":0.0,""TransactionNumber"":0,""TransactionType"":""WDRAWTX""}}'",2025-06-03 22:13:43.077-07:00,2025060322130906,1000.0,1000.0,COMPLETED,3230,3600,nan,WDRAWTX,ATM
"___22:21:56 403002 ATM.     'Posting Transaction Result  0:{""type"":""ATM"",""accountType"":""CHEKAC"",""seqNumber"":""2025060322212506"",""Authorization"":{""AuthNumber"":""3231"",""ErrorCode"":""0"",""ErrorDescription"":""0"",""Fee"":4.95,""OrderId"":""3231"",""RegisterTime"":""2025-06-03T22:21:56.375-07:00"",""TransactionNumber"":2025060322212506},""Operation"":{""Amount"":40.0,""BillDespensed"":40.0,""CardNumber"":""1782"",""HostIP"":"""",""RegistrationDatetime"":""2025-06-03T22:21:56.375-07:00"",""SequenceNumber"":""2025060322212506"",""Status"":""COMPLETED""},""TransactionDetail"":{""Amount"":40.0,""DispensedTotal"":40.0,""BillDenom_01"":1,""BillDenom_02"":5,""BillDenom_03"":10,""BillDenom_04"":20,""BillDenom_05"":50,""BillDenom_06"":100,""CoinDenom_01"":1,""CoinDenom_02"":5,""CoinDenom_03"":10,""CoinDenom_04"":25,""CoinDenom_05"":0,""CoinDenom_06"":0,""BillCount_01"":0,""BillCount_02"":0,""BillCount_03"":0,""BillCount_04"":2,""BillCount_05"":0,""BillCount_06"":0,""CoinCount_01"":0,""CoinCount_02"":0,""CoinCount_03"":0,""CoinCount_04"":0,""CoinCount_05"":0,""CoinCount_06"":0,""ManualPay"":0.0,""TransactionNumber"":0,""TransactionType"":""WDRAWTX""}}'",2025-06-03 22:21:56.375-07:00,2025060322212506,40.0,40.0,COMPLETED,3231,1782,nan,WDRAWTX,ATM
"___22:27:51 403002 ATM.     'Posting Transaction Result  0:{""type"":""ATM"",""accountType"":""CHEKAC"",""seqNumber"":""2025060322271506"",""Authorization"":{""AuthNumber"":""3232"",""ErrorCode"":""0"",""ErrorDescription"":""0"",""Fee"":4.95,""OrderId"":""3232"",""RegisterTime"":""2025-06-03T22:27:51.177-07:00"",""TransactionNumber"":2025060322271506},""Operation"":{""Amount"":200.0,""BillDespensed"":200.0,""CardNumber"":""0645"",""HostIP"":"""",""RegistrationDatetime"":""2025-06-03T22:27:51.177-07:00"",""SequenceNumber"":""2025060322271506"",""Status"":""COMPLETED""},""TransactionDetail"":{""Amount"":200.0,""DispensedTotal"":200.0,""BillDenom_01"":1,""BillDenom_02"":5,""BillDenom_03"":10,""BillDenom_04"":20,""BillDenom_05"":50,""BillDenom_06"":100,""CoinDenom_01"":1,""CoinDenom_02"":5,""CoinDenom_03"":10,""CoinDenom_04"":25,""CoinDenom_05"":0,""CoinDenom_06"":0,""BillCount_01"":0,""BillCount_02"":0,""BillCount_03"":0,""BillCount_04"":0,""BillCount_05"":0,""BillCount_06"":2,""CoinCount_01"":0,""CoinCount_02"":0,""CoinCount_03"":0,""CoinCount_04"":0,""CoinCount_05"":0,""CoinCount_06"":0,""ManualPay"":0.0,""TransactionNumber"":0,""TransactionType"":""WDRAWTX""}}'",2025-06-03 22:27:51.177-07:00,2025060322271506,200.0,200.0,COMPLETED,3232,0645,nan,WDRAWTX,ATM
"___22:55:12 403002 ATM.     'Posting Transaction Result  0:{""type"":""ATM"",""accountType"":""CHEKAC"",""seqNumber"":""2025060322545606"",""Authorization"":{""ErrorCode"":""0"",""ErrorDescription"":""0"",""Fee"":0.0,""RegisterTime"":""2025-06-03T22:55:12.903-07:00"",""TransactionNumber"":2025060322545606},""Operation"":{""Amount"":0.0,""BillDespensed"":0.0,""CardNumber"":""9977"",""HostIP"":"""",""RegistrationDatetime"":""2025-06-03T22:55:12.903-07:00"",""SequenceNumber"":""2025060322545606"",""Status"":""COMPLETED""},""TransactionDetail"":{""Amount"":0.0,""DispensedTotal"":0.0,""BillDenom_01"":1,""BillDenom_02"":5,""BillDenom_03"":10,""BillDenom_04"":20,""BillDenom_05"":50,""BillDenom_06"":100,""CoinDenom_01"":1,""CoinDenom_02"":5,""CoinDenom_03"":10,""CoinDenom_04"":25,""CoinDenom_05"":0,""CoinDenom_06"":0,""BillCount_01"":0,""BillCount_02"":0,""BillCount_03"":0,""BillCount_04"":0,""BillCount_05"":0,""BillCount_06"":0,""CoinCount_01"":0,""CoinCount_02"":0,""CoinCount_03"":0,""CoinCount_04"":0,""CoinCount_05"":0,""CoinCount_06"":0,""ManualPay"":0.0,""TransactionNumber"":0,""TransactionType"":""BLNCINQRTX""}}'",2025-06-03 22:55:12.903-07:00,2025060322545606,0.0,0.0,COMPLETED,nan,9977,nan,BLNCINQRTX,ATM
"___22:57:03 403002 ATM.     'Posting Transaction Result  0:{""type"":""ATM"",""accountType"":""CHEKAC"",""seqNumber"":""2025060322555506"",""Authorization"":{""AuthNumber"":""3234"",""ErrorCode"":""0"",""ErrorDescription"":""0"",""Fee"":4.95,""OrderId"":""3234"",""RegisterTime"":""2025-06-03T22:57:03.790-07:00"",""TransactionNumber"":2025060322555506},""Operation"":{""Amount"":100.0,""BillDespensed"":100.0,""CardNumber"":""9977"",""HostIP"":"""",""RegistrationDatetime"":""2025-06-03T22:57:03.790-07:00"",""SequenceNumber"":""2025060322555506"",""Status"":""COMPLETED""},""TransactionDetail"":{""Amount"":100.0,""DispensedTotal"":100.0,""BillDenom_01"":1,""BillDenom_02"":5,""BillDenom_03"":10,""BillDenom_04"":20,""BillDenom_05"":50,""BillDenom_06"":100,""CoinDenom_01"":1,""CoinDenom_02"":5,""CoinDenom_03"":10,""CoinDenom_04"":25,""CoinDenom_05"":0,""CoinDenom_06"":0,""BillCount_01"":0,""BillCount_02"":0,""BillCount_03"":0,""BillCount_04"":0,""BillCount_05"":0,""BillCount_06"":1,""CoinCount_01"":0,""CoinCount_02"":0,""CoinCount_03"":0,""CoinCount_04"":0,""CoinCount_05"":0,""CoinCount_06"":0,""ManualPay"":0.0,""TransactionNumber"":0,""TransactionType"":""WDRAWTX""}}'",2025-06-03 22:57:03.790-07:00,2025060322555506,100.0,100.0,COMPLETED,3234,9977,nan,WDRAWTX,ATM
"___23:23:40 403002 ATM.     'Posting Transaction Result  0:{""type"":""ATM"",""accountType"":""CHEKAC"",""seqNumber"":""2025060323232406"",""Authorization"":{""ErrorCode"":""0"",""ErrorDescription"":""0"",""Fee"":0.0,""RegisterTime"":""2025-06-03T23:23:40.384-07:00"",""TransactionNumber"":2025060323232406},""Operation"":{""Amount"":0.0,""BillDespensed"":0.0,""CardNumber"":""9086"",""HostIP"":"""",""RegistrationDatetime"":""2025-06-03T23:23:40.384-07:00"",""SequenceNumber"":""2025060323232406"",""Status"":""COMPLETED""},""TransactionDetail"":{""Amount"":0.0,""DispensedTotal"":0.0,""BillDenom_01"":1,""BillDenom_02"":5,""BillDenom_03"":10,""BillDenom_04"":20,""BillDenom_05"":50,""BillDenom_06"":100,""CoinDenom_01"":1,""CoinDenom_02"":5,""CoinDenom_03"":10,""CoinDenom_04"":25,""CoinDenom_05"":0,""CoinDenom_06"":0,""BillCount_01"":0,""BillCount_02"":0,""BillCount_03"":0,""BillCount_04"":0,""BillCount_05"":0,""BillCount_06"":0,""CoinCount_01"":0,""CoinCount_02"":0,""CoinCount_03"":0,""CoinCount_04"":0,""CoinCount_05"":0,""CoinCount_06"":0,""ManualPay"":0.0,""TransactionNumber"":0,""TransactionType"":""BLNCINQRTX""}}'",2025-06-03 23:23:40.384-07:00,2025060323232406,0.0,0.0,COMPLETED,nan,9086,nan,BLNCINQRTX,ATM
"___23:24:07 403002 ATM.     'Posting Transaction Result  0:{""type"":""ATM"",""accountType"":""CHEKAC"",""seqNumber"":""2025060323235206"",""Authorization"":{""ErrorCode"":""0"",""ErrorDescription"":""0"",""Fee"":0.0,""RegisterTime"":""2025-06-03T23:24:07.926-07:00"",""TransactionNumber"":2025060323235206},""Operation"":{""Amount"":0.0,""BillDespensed"":0.0,""CardNumber"":""9086"",""HostIP"":"""",""RegistrationDatetime"":""2025-06-03T23:24:07.926-07:00"",""SequenceNumber"":""2025060323235206"",""Status"":""COMPLETED""},""TransactionDetail"":{""Amount"":0.0,""DispensedTotal"":0.0,""BillDenom_01"":1,""BillDenom_02"":5,""BillDenom_03"":10,""BillDenom_04"":20,""BillDenom_05"":50,""BillDenom_06"":100,""CoinDenom_01"":1,""CoinDenom_02"":5,""CoinDenom_03"":10,""CoinDenom_04"":25,""CoinDenom_05"":0,""CoinDenom_06"":0,""BillCount_01"":0,""BillCount_02"":0,""BillCount_03"":0,""BillCount_04"":0,""BillCount_05"":0,""BillCount_06"":0,""CoinCount_01"":0,""CoinCount_02"":0,""CoinCount_03"":0,""CoinCount_04"":0,""CoinCount_05"":0,""CoinCount_06"":0,""ManualPay"":0.0,""TransactionNumber"":0,""TransactionType"":""BLNCINQRTX""}}'",2025-06-03 23:24:07.926-07:00,2025060323235206,0.0,0.0,COMPLETED,nan,9086,nan,BLNCINQRTX,ATM
"___23:36:45 403002 ATM.     'Posting Transaction Result  0:{""type"":""ATM"",""accountType"":""CHEKAC"",""seqNumber"":""2025060323363106"",""Authorization"":{""ErrorCode"":""0"",""ErrorDescription"":""0"",""Fee"":0.0,""RegisterTime"":""2025-06-03T23:36:45.047-07:00"",""TransactionNumber"":2025060323363106},""Operation"":{""Amount"":980.0,""BillDespensed"":0.0,""CardNumber"":""3339"",""HostIP"":"""",""RegistrationDatetime"":""2025-06-03T23:36:45.047-07:00"",""SequenceNumber"":""2025060323363106"",""Status"":""DENIED""},""TransactionDetail"":{""Amount"":980.0,""DispensedTotal"":0.0,""BillDenom_01"":1,""BillDenom_02"":5,""BillDenom_03"":10,""BillDenom_04"":20,""BillDenom_05"":50,""BillDenom_06"":100,""CoinDenom_01"":1,""CoinDenom_02"":5,""CoinDenom_03"":10,""CoinDenom_04"":25,""CoinDenom_05"":0,""CoinDenom_06"":0,""BillCount_01"":0,""BillCount_02"":0,""BillCount_03"":0,""BillCount_04"":0,""BillCount_05"":0,""BillCount_06"":0,""CoinCount_01"":0,""CoinCount_02"":0,""CoinCount_03"":0,""CoinCount_04"":0,""CoinCount_05"":0,""CoinCount_06"":0,""ManualPay"":0.0,""TransactionNumber"":0,""TransactionType"":""WDRAWTX""}}'",2025-06-03 23:36:45.047-07:00,2025060323363106,980.0,0.0,DENIED,nan,3339,nan,WDRAWTX,ATM
"___23:43:34 403002 ATM.     'Posting Transaction Result  0:{""type"":""ATM"",""accountType"":""CHEKAC"",""seqNumber"":""2025060323432006"",""Authorization"":{""ErrorCode"":""0"",""ErrorDescription"":""0"",""Fee"":0.0,""RegisterTime"":""2025-06-03T23:43:34.890-07:00"",""TransactionNumber"":2025060323432006},""Operation"":{""Amount"":400.0,""BillDespensed"":0.0,""CardNumber"":""7009"",""HostIP"":"""",""RegistrationDatetime"":""2025-06-03T23:43:34.890-07:00"",""SequenceNumber"":""2025060323432006"",""Status"":""DENIED""},""TransactionDetail"":{""Amount"":400.0,""DispensedTotal"":0.0,""BillDenom_01"":1,""BillDenom_02"":5,""BillDenom_03"":10,""BillDenom_04"":20,""BillDenom_05"":50,""BillDenom_06"":100,""CoinDenom_01"":1,""CoinDenom_02"":5,""CoinDenom_03"":10,""CoinDenom_04"":25,""CoinDenom_05"":0,""CoinDenom_06"":0,""BillCount_01"":0,""BillCount_02"":0,""BillCount_03"":0,""BillCount_04"":0,""BillCount_05"":0,""BillCount_06"":0,""CoinCount_01"":0,""CoinCount_02"":0,""CoinCount_03"":0,""CoinCount_04"":0,""CoinCount_05"":0,""CoinCount_06"":0,""ManualPay"":0.0,""TransactionNumber"":0,""TransactionType"":""WDRAWTX""}}'",2025-06-03 23:43:34.890-07:00,2025060323432006,400.0,0.0,DENIED,nan,7009,nan,WDRAWTX,ATM
"___23:48:14 403002 ATM.     'Posting Transaction Result  0:{""type"":""ATM"",""accountType"":""CHEKAC"",""seqNumber"":""2025060323472906"",""Authorization"":{""AuthNumber"":""3240"",""ErrorCode"":""0"",""ErrorDescription"":""0"",""Fee"":4.95,""OrderId"":""3240"",""RegisterTime"":""2025-06-03T23:48:14.537-07:00"",""TransactionNumber"":2025060323472906},""Operation"":{""Amount"":200.0,""BillDespensed"":200.0,""CardNumber"":""9977"",""HostIP"":"""",""RegistrationDatetime"":""2025-06-03T23:48:14.537-07:00"",""SequenceNumber"":""2025060323472906"",""Status"":""COMPLETED""},""TransactionDetail"":{""Amount"":200.0,""DispensedTotal"":200.0,""BillDenom_01"":1,""BillDenom_02"":5,""BillDenom_03"":10,""BillDenom_04"":20,""BillDenom_05"":50,""BillDenom_06"":100,""CoinDenom_01"":1,""CoinDenom_02"":5,""CoinDenom_03"":10,""CoinDenom_04"":25,""CoinDenom_05"":0,""CoinDenom_06"":0,""BillCount_01"":0,""BillCount_02"":0,""BillCount_03"":0,""BillCount_04"":0,""BillCount_05"":0,""BillCount_06"":2,""CoinCount_01"":0,""CoinCount_02"":0,""CoinCount_03"":0,""CoinCount_04"":0,""CoinCount_05"":0,""CoinCount_06"":0,""ManualPay"":0.0,""TransactionNumber"":0,""TransactionType"":""WDRAWTX""}}'",2025-06-03 23:48:14.537-07:00,2025060323472906,200.0,200.0,COMPLETED,3240,9977,nan,WDRAWTX,ATM
"___23:54:26 403002 ATM.     'Posting Transaction Result  0:{""type"":""ATM"",""accountType"":""CHEKAC"",""seqNumber"":""2025060323540906"",""Authorization"":{""ErrorCode"":""0"",""ErrorDescription"":""0"",""Fee"":0.0,""RegisterTime"":""2025-06-03T23:54:26.729-07:00"",""TransactionNumber"":2025060323540906},""Operation"":{""Amount"":20.0,""BillDespensed"":0.0,""CardNumber"":""6870"",""HostIP"":"""",""RegistrationDatetime"":""2025-06-03T23:54:26.729-07:00"",""SequenceNumber"":""2025060323540906"",""Status"":""DENIED""},""TransactionDetail"":{""Amount"":20.0,""DispensedTotal"":0.0,""BillDenom_01"":1,""BillDenom_02"":5,""BillDenom_03"":10,""BillDenom_04"":20,""BillDenom_05"":50,""BillDenom_06"":100,""CoinDenom_01"":1,""CoinDenom_02"":5,""CoinDenom_03"":10,""CoinDenom_04"":25,""CoinDenom_05"":0,""CoinDenom_06"":0,""BillCount_01"":0,""BillCount_02"":0,""BillCount_03"":0,""BillCount_04"":0,""BillCount_05"":0,""BillCount_06"":0,""CoinCount_01"":0,""CoinCount_02"":0,""CoinCount_03"":0,""CoinCount_04"":0,""CoinCount_05"":0,""CoinCount_06"":0,""ManualPay"":0.0,""TransactionNumber"":0,""TransactionType"":""WDRAWTX""}}'",2025-06-03 23:54:26.729-07:00,2025060323540906,20.0,0.0,DENIED,nan,6870,nan,WDRAWTX,ATM
"___23:55:45 403002 ATM.     'Posting Transaction Result  0:{""type"":""ATM"",""accountType"":""CHEKAC"",""seqNumber"":""2025060323552706"",""Authorization"":{""ErrorCode"":""0"",""ErrorDescription"":""0"",""Fee"":0.0,""RegisterTime"":""2025-06-03T23:55:45.029-07:00"",""TransactionNumber"":2025060323552706},""Operation"":{""Amount"":20.0,""BillDespensed"":0.0,""CardNumber"":""6870"",""HostIP"":"""",""RegistrationDatetime"":""2025-06-03T23:55:45.029-07:00"",""SequenceNumber"":""2025060323552706"",""Status"":""DENIED""},""TransactionDetail"":{""Amount"":20.0,""DispensedTotal"":0.0,""BillDenom_01"":1,""BillDenom_02"":5,""BillDenom_03"":10,""BillDenom_04"":20,""BillDenom_05"":50,""BillDenom_06"":100,""CoinDenom_01"":1,""CoinDenom_02"":5,""CoinDenom_03"":10,""CoinDenom_04"":25,""CoinDenom_05"":0,""CoinDenom_06"":0,""BillCount_01"":0,""BillCount_02"":0,""BillCount_03"":0,""BillCount_04"":0,""BillCount_05"":0,""BillCount_06"":0,""CoinCount_01"":0,""CoinCount_02"":0,""CoinCount_03"":0,""CoinCount_04"":0,""CoinCount_05"":0,""CoinCount_06"":0,""ManualPay"":0.0,""TransactionNumber"":0,""TransactionType"":""WDRAWTX""}}'",2025-06-03 23:55:45.029-07:00,2025060323552706,20.0,0.0,DENIED,nan,6870,nan,WDRAWTX,ATM
"___00:00:12 403002 ATM.     'Posting Transaction Result  0:{""type"":""ATM"",""accountType"":""CHEKAC"",""seqNumber"":""2025060323594606"",""Authorization"":{""AuthNumber"":""3243"",""ErrorCode"":""0"",""ErrorDescription"":""0"",""Fee"":4.95,""OrderId"":""3243"",""RegisterTime"":""2025-06-04T00:00:12.447-07:00"",""TransactionNumber"":2025060323594606},""Operation"":{""Amount"":200.0,""BillDespensed"":200.0,""CardNumber"":""7462"",""HostIP"":"""",""RegistrationDatetime"":""2025-06-04T00:00:12.447-07:00"",""SequenceNumber"":""2025060323594606"",""Status"":""COMPLETED""},""TransactionDetail"":{""Amount"":200.0,""DispensedTotal"":200.0,""BillDenom_01"":1,""BillDenom_02"":5,""BillDenom_03"":10,""BillDenom_04"":20,""BillDenom_05"":50,""BillDenom_06"":100,""CoinDenom_01"":1,""CoinDenom_02"":5,""CoinDenom_03"":10,""CoinDenom_04"":25,""CoinDenom_05"":0,""CoinDenom_06"":0,""BillCount_01"":0,""BillCount_02"":0,""BillCount_03"":0,""BillCount_04"":0,""BillCount_05"":0,""BillCount_06"":2,""CoinCount_01"":0,""CoinCount_02"":0,""CoinCount_03"":0,""CoinCount_04"":0,""CoinCount_05"":0,""CoinCount_06"":0,""ManualPay"":0.0,""TransactionNumber"":0,""TransactionType"":""WDRAWTX""}}'",2025-06-04 00:00:12.447-07:00,2025060323594606,200.0,200.0,COMPLETED,3243,7462,nan,WDRAWTX,ATM
"___00:02:35 403002 ATM.     'Posting Transaction Result  0:{""type"":""ATM"",""accountType"":""CHEKAC"",""seqNumber"":""2025060400020606"",""Authorization"":{""AuthNumber"":""3244"",""ErrorCode"":""0"",""ErrorDescription"":""0"",""Fee"":4.95,""OrderId"":""3244"",""RegisterTime"":""2025-06-04T00:02:35.085-07:00"",""TransactionNumber"":2025060400020606},""Operation"":{""Amount"":100.0,""BillDespensed"":100.0,""CardNumber"":""1567"",""HostIP"":"""",""RegistrationDatetime"":""2025-06-04T00:02:35.085-07:00"",""SequenceNumber"":""2025060400020606"",""Status"":""COMPLETED""},""TransactionDetail"":{""Amount"":100.0,""DispensedTotal"":100.0,""BillDenom_01"":1,""BillDenom_02"":5,""BillDenom_03"":10,""BillDenom_04"":20,""BillDenom_05"":50,""BillDenom_06"":100,""CoinDenom_01"":1,""CoinDenom_02"":5,""CoinDenom_03"":10,""CoinDenom_04"":25,""CoinDenom_05"":0,""CoinDenom_06"":0,""BillCount_01"":0,""BillCount_02"":0,""BillCount_03"":0,""BillCount_04"":0,""BillCount_05"":0,""BillCount_06"":1,""CoinCount_01"":0,""CoinCount_02"":0,""CoinCount_03"":0,""CoinCount_04"":0,""CoinCount_05"":0,""CoinCount_06"":0,""ManualPay"":0.0,""TransactionNumber"":0,""TransactionType"":""WDRAWTX""}}'",2025-06-04 00:02:35.085-07:00,2025060400020606,100.0,100.0,COMPLETED,3244,1567,nan,WDRAWTX,ATM
"___00:08:09 403002 ATM.     'Posting Transaction Result  0:{""type"":""ATM"",""accountType"":""CHEKAC"",""seqNumber"":""2025060400075306"",""Authorization"":{""ErrorCode"":""0"",""ErrorDescription"":""0"",""Fee"":0.0,""RegisterTime"":""2025-06-04T00:08:09.085-07:00"",""TransactionNumber"":2025060400075306},""Operation"":{""Amount"":0.0,""BillDespensed"":0.0,""CardNumber"":""1378"",""HostIP"":"""",""RegistrationDatetime"":""2025-06-04T00:08:09.085-07:00"",""SequenceNumber"":""2025060400075306"",""Status"":""COMPLETED""},""TransactionDetail"":{""Amount"":0.0,""DispensedTotal"":0.0,""BillDenom_01"":1,""BillDenom_02"":5,""BillDenom_03"":10,""BillDenom_04"":20,""BillDenom_05"":50,""BillDenom_06"":100,""CoinDenom_01"":1,""CoinDenom_02"":5,""CoinDenom_03"":10,""CoinDenom_04"":25,""CoinDenom_05"":0,""CoinDenom_06"":0,""BillCount_01"":0,""BillCount_02"":0,""BillCount_03"":0,""BillCount_04"":0,""BillCount_05"":0,""BillCount_06"":0,""CoinCount_01"":0,""CoinCount_02"":0,""CoinCount_03"":0,""CoinCount_04"":0,""CoinCount_05"":0,""CoinCount_06"":0,""ManualPay"":0.0,""TransactionNumber"":0,""TransactionType"":""BLNCINQRTX""}}'",2025-06-04 00:08:09.085-07:00,2025060400075306,0.0,0.0,COMPLETED,nan,1378,nan,BLNCINQRTX,ATM
"___00:09:06 403002 ATM.     'Posting Transaction Result  0:{""type"":""ATM"",""accountType"":""CHEKAC"",""seqNumber"":""2025060400083006"",""Authorization"":{""AuthNumber"":""3246"",""ErrorCode"":""0"",""ErrorDescription"":""0"",""Fee"":4.95,""OrderId"":""3246"",""RegisterTime"":""2025-06-04T00:09:06.020-07:00"",""TransactionNumber"":2025060400083006},""Operation"":{""Amount"":500.0,""BillDespensed"":500.0,""CardNumber"":""1378"",""HostIP"":"""",""RegistrationDatetime"":""2025-06-04T00:09:06.020-07:00"",""SequenceNumber"":""2025060400083006"",""Status"":""COMPLETED""},""TransactionDetail"":{""Amount"":500.0,""DispensedTotal"":500.0,""BillDenom_01"":1,""BillDenom_02"":5,""BillDenom_03"":10,""BillDenom_04"":20,""BillDenom_05"":50,""BillDenom_06"":100,""CoinDenom_01"":1,""CoinDenom_02"":5,""CoinDenom_03"":10,""CoinDenom_04"":25,""CoinDenom_05"":0,""CoinDenom_06"":0,""BillCount_01"":0,""BillCount_02"":0,""BillCount_03"":0,""BillCount_04"":0,""BillCount_05"":0,""BillCount_06"":5,""CoinCount_01"":0,""CoinCount_02"":0,""CoinCount_03"":0,""CoinCount_04"":0,""CoinCount_05"":0,""CoinCount_06"":0,""ManualPay"":0.0,""TransactionNumber"":0,""TransactionType"":""WDRAWTX""}}'",2025-06-04 00:09:06.020-07:00,2025060400083006,500.0,500.0,COMPLETED,3246,1378,nan,WDRAWTX,ATM
"___00:18:40 403002 ATM.     'Posting Transaction Result  0:{""type"":""ATM"",""accountType"":""CHEKAC"",""seqNumber"":""2025060400180806"",""Authorization"":{""AuthNumber"":""3247"",""ErrorCode"":""0"",""ErrorDescription"":""0"",""Fee"":4.95,""OrderId"":""3247"",""RegisterTime"":""2025-06-04T00:18:40.079-07:00"",""TransactionNumber"":2025060400180806},""Operation"":{""Amount"":140.0,""BillDespensed"":140.0,""CardNumber"":""3754"",""HostIP"":"""",""RegistrationDatetime"":""2025-06-04T00:18:40.079-07:00"",""SequenceNumber"":""2025060400180806"",""Status"":""COMPLETED""},""TransactionDetail"":{""Amount"":140.0,""DispensedTotal"":140.0,""BillDenom_01"":1,""BillDenom_02"":5,""BillDenom_03"":10,""BillDenom_04"":20,""BillDenom_05"":50,""BillDenom_06"":100,""CoinDenom_01"":1,""CoinDenom_02"":5,""CoinDenom_03"":10,""CoinDenom_04"":25,""CoinDenom_05"":0,""CoinDenom_06"":0,""BillCount_01"":0,""BillCount_02"":0,""BillCount_03"":0,""BillCount_04"":2,""BillCount_05"":0,""BillCount_06"":1,""CoinCount_01"":0,""CoinCount_02"":0,""CoinCount_03"":0,""CoinCount_04"":0,""CoinCount_05"":0,""CoinCount_06"":0,""ManualPay"":0.0,""TransactionNumber"":0,""TransactionType"":""WDRAWTX""}}'",2025-06-04 00:18:40.079-07:00,2025060400180806,140.0,140.0,COMPLETED,3247,3754,nan,WDRAWTX,ATM
"___00:29:36 403002 ATM.     'Posting Transaction Result  0:{""type"":""ATM"",""accountType"":""CHEKAC"",""seqNumber"":""2025060400290606"",""Authorization"":{""AuthNumber"":""3248"",""ErrorCode"":""0"",""ErrorDescription"":""0"",""Fee"":4.95,""OrderId"":""3248"",""RegisterTime"":""2025-06-04T00:29:36.396-07:00"",""TransactionNumber"":2025060400290606},""Operation"":{""Amount"":40.0,""BillDespensed"":40.0,""CardNumber"":""5334"",""HostIP"":"""",""RegistrationDatetime"":""2025-06-04T00:29:36.396-07:00"",""SequenceNumber"":""2025060400290606"",""Status"":""COMPLETED""},""TransactionDetail"":{""Amount"":40.0,""DispensedTotal"":40.0,""BillDenom_01"":1,""BillDenom_02"":5,""BillDenom_03"":10,""BillDenom_04"":20,""BillDenom_05"":50,""BillDenom_06"":100,""CoinDenom_01"":1,""CoinDenom_02"":5,""CoinDenom_03"":10,""CoinDenom_04"":25,""CoinDenom_05"":0,""CoinDenom_06"":0,""BillCount_01"":0,""BillCount_02"":0,""BillCount_03"":0,""BillCount_04"":2,""BillCount_05"":0,""BillCount_06"":0,""CoinCount_01"":0,""CoinCount_02"":0,""CoinCount_03"":0,""CoinCount_04"":0,""CoinCount_05"":0,""CoinCount_06"":0,""ManualPay"":0.0,""TransactionNumber"":0,""TransactionType"":""WDRAWTX""}}'",2025-06-04 00:29:36.396-07:00,2025060400290606,40.0,40.0,COMPLETED,3248,5334,nan,WDRAWTX,ATM
"___00:36:24 403002 ATM.     'Posting Transaction Result  0:{""type"":""ATM"",""accountType"":""CHEKAC"",""seqNumber"":""2025060400355406"",""Authorization"":{""AuthNumber"":""3249"",""ErrorCode"":""0"",""ErrorDescription"":""0"",""Fee"":4.95,""OrderId"":""3249"",""RegisterTime"":""2025-06-04T00:36:24.544-07:00"",""TransactionNumber"":2025060400355406},""Operation"":{""Amount"":500.0,""BillDespensed"":500.0,""CardNumber"":""9969"",""HostIP"":"""",""RegistrationDatetime"":""2025-06-04T00:36:24.544-07:00"",""SequenceNumber"":""2025060400355406"",""Status"":""COMPLETED""},""TransactionDetail"":{""Amount"":500.0,""DispensedTotal"":500.0,""BillDenom_01"":1,""BillDenom_02"":5,""BillDenom_03"":10,""BillDenom_04"":20,""BillDenom_05"":50,""BillDenom_06"":100,""CoinDenom_01"":1,""CoinDenom_02"":5,""CoinDenom_03"":10,""CoinDenom_04"":25,""CoinDenom_05"":0,""CoinDenom_06"":0,""BillCount_01"":0,""BillCount_02"":0,""BillCount_03"":0,""BillCount_04"":0,""BillCount_05"":0,""BillCount_06"":5,""CoinCount_01"":0,""CoinCount_02"":0,""CoinCount_03"":0,""CoinCount_04"":0,""CoinCount_05"":0,""CoinCount_06"":0,""ManualPay"":0.0,""TransactionNumber"":0,""TransactionType"":""WDRAWTX""}}'",2025-06-04 00:36:24.544-07:00,2025060400355406,500.0,500.0,COMPLETED,3249,9969,nan,WDRAWTX,ATM
"___00:40:31 403002 ATM.     'Posting Transaction Result  0:{""type"":""ATM"",""accountType"":""CHEKAC"",""seqNumber"":""2025060400395806"",""Authorization"":{""AuthNumber"":""3250"",""ErrorCode"":""0"",""ErrorDescription"":""0"",""Fee"":4.95,""OrderId"":""3250"",""RegisterTime"":""2025-06-04T00:40:31.945-07:00"",""TransactionNumber"":2025060400395806},""Operation"":{""Amount"":100.0,""BillDespensed"":100.0,""CardNumber"":""3179"",""HostIP"":"""",""RegistrationDatetime"":""2025-06-04T00:40:31.945-07:00"",""SequenceNumber"":""2025060400395806"",""Status"":""COMPLETED""},""TransactionDetail"":{""Amount"":100.0,""DispensedTotal"":100.0,""BillDenom_01"":1,""BillDenom_02"":5,""BillDenom_03"":10,""BillDenom_04"":20,""BillDenom_05"":50,""BillDenom_06"":100,""CoinDenom_01"":1,""CoinDenom_02"":5,""CoinDenom_03"":10,""CoinDenom_04"":25,""CoinDenom_05"":0,""CoinDenom_06"":0,""BillCount_01"":0,""BillCount_02"":0,""BillCount_03"":0,""BillCount_04"":0,""BillCount_05"":0,""BillCount_06"":1,""CoinCount_01"":0,""CoinCount_02"":0,""CoinCount_03"":0,""CoinCount_04"":0,""CoinCount_05"":0,""CoinCount_06"":0,""ManualPay"":0.0,""TransactionNumber"":0,""TransactionType"":""WDRAWTX""}}'",2025-06-04 00:40:31.945-07:00,2025060400395806,100.0,100.0,COMPLETED,3250,3179,nan,WDRAWTX,ATM
"___00:56:51 403002 ATM.     'Posting Transaction Result  0:{""type"":""ATM"",""accountType"":""CHEKAC"",""seqNumber"":""2025060400560606"",""Authorization"":{""AuthNumber"":""3251"",""ErrorCode"":""0"",""ErrorDescription"":""0"",""Fee"":4.95,""OrderId"":""3251"",""RegisterTime"":""2025-06-04T00:56:51.191-07:00"",""TransactionNumber"":2025060400560606},""Operation"":{""Amount"":60.0,""BillDespensed"":60.0,""CardNumber"":""8124"",""HostIP"":"""",""RegistrationDatetime"":""2025-06-04T00:56:51.191-07:00"",""SequenceNumber"":""2025060400560606"",""Status"":""COMPLETED""},""TransactionDetail"":{""Amount"":60.0,""DispensedTotal"":60.0,""BillDenom_01"":1,""BillDenom_02"":5,""BillDenom_03"":10,""BillDenom_04"":20,""BillDenom_05"":50,""BillDenom_06"":100,""CoinDenom_01"":1,""CoinDenom_02"":5,""CoinDenom_03"":10,""CoinDenom_04"":25,""CoinDenom_05"":0,""CoinDenom_06"":0,""BillCount_01"":0,""BillCount_02"":0,""BillCount_03"":0,""BillCount_04"":3,""BillCount_05"":0,""BillCount_06"":0,""CoinCount_01"":0,""CoinCount_02"":0,""CoinCount_03"":0,""CoinCount_04"":0,""CoinCount_05"":0,""CoinCount_06"":0,""ManualPay"":0.0,""TransactionNumber"":0,""TransactionType"":""WDRAWTX""}}'",2025-06-04 00:56:51.191-07:00,2025060400560606,60.0,60.0,COMPLETED,3251,8124,nan,WDRAWTX,ATM
"___01:43:35 403002 ATM.     'Posting Transaction Result  0:{""type"":""ATM"",""accountType"":""CHEKAC"",""seqNumber"":""2025060401430406"",""Authorization"":{""AuthNumber"":""3252"",""ErrorCode"":""0"",""ErrorDescription"":""0"",""Fee"":4.95,""OrderId"":""3252"",""RegisterTime"":""2025-06-04T01:43:35.509-07:00"",""TransactionNumber"":2025060401430406},""Operation"":{""Amount"":400.0,""BillDespensed"":400.0,""CardNumber"":""3817"",""HostIP"":"""",""RegistrationDatetime"":""2025-06-04T01:43:35.509-07:00"",""SequenceNumber"":""2025060401430406"",""Status"":""COMPLETED""},""TransactionDetail"":{""Amount"":400.0,""DispensedTotal"":400.0,""BillDenom_01"":1,""BillDenom_02"":5,""BillDenom_03"":10,""BillDenom_04"":20,""BillDenom_05"":50,""BillDenom_06"":100,""CoinDenom_01"":1,""CoinDenom_02"":5,""CoinDenom_03"":10,""CoinDenom_04"":25,""CoinDenom_05"":0,""CoinDenom_06"":0,""BillCount_01"":0,""BillCount_02"":0,""BillCount_03"":0,""BillCount_04"":0,""BillCount_05"":0,""BillCount_06"":4,""CoinCount_01"":0,""CoinCount_02"":0,""CoinCount_03"":0,""CoinCount_04"":0,""CoinCount_05"":0,""CoinCount_06"":0,""ManualPay"":0.0,""TransactionNumber"":0,""TransactionType"":""WDRAWTX""}}'",2025-06-04 01:43:35.509-07:00,2025060401430406,400.0,400.0,COMPLETED,3252,3817,nan,WDRAWTX,ATM
"___02:08:37 403002 ATM.     'Posting Transaction Result  0:{""type"":""ATM"",""accountType"":""CHEKAC"",""seqNumber"":""2025060402080606"",""Authorization"":{""AuthNumber"":""3253"",""ErrorCode"":""0"",""ErrorDescription"":""0"",""Fee"":4.95,""OrderId"":""3253"",""RegisterTime"":""2025-06-04T02:08:37.032-07:00"",""TransactionNumber"":2025060402080606},""Operation"":{""Amount"":40.0,""BillDespensed"":40.0,""CardNumber"":""6242"",""HostIP"":"""",""RegistrationDatetime"":""2025-06-04T02:08:37.032-07:00"",""SequenceNumber"":""2025060402080606"",""Status"":""COMPLETED""},""TransactionDetail"":{""Amount"":40.0,""DispensedTotal"":40.0,""BillDenom_01"":1,""BillDenom_02"":5,""BillDenom_03"":10,""BillDenom_04"":20,""BillDenom_05"":50,""BillDenom_06"":100,""CoinDenom_01"":1,""CoinDenom_02"":5,""CoinDenom_03"":10,""CoinDenom_04"":25,""CoinDenom_05"":0,""CoinDenom_06"":0,""BillCount_01"":0,""BillCount_02"":0,""BillCount_03"":0,""BillCount_04"":2,""BillCount_05"":0,""BillCount_06"":0,""CoinCount_01"":0,""CoinCount_02"":0,""CoinCount_03"":0,""CoinCount_04"":0,""CoinCount_05"":0,""CoinCount_06"":0,""ManualPay"":0.0,""TransactionNumber"":0,""TransactionType"":""WDRAWTX""}}'",2025-06-04 02:08:37.032-07:00,2025060402080606,40.0,40.0,COMPLETED,3253,6242,nan,WDRAWTX,ATM
"___02:27:42 403002 ATM.     'Posting Transaction Result  0:{""type"":""ATM"",""accountType"":""CHEKAC"",""seqNumber"":""2025060402271406"",""Authorization"":{""AuthNumber"":""3254"",""ErrorCode"":""0"",""ErrorDescription"":""0"",""Fee"":4.95,""OrderId"":""3254"",""RegisterTime"":""2025-06-04T02:27:42.048-07:00"",""TransactionNumber"":2025060402271406},""Operation"":{""Amount"":200.0,""BillDespensed"":200.0,""CardNumber"":""0759"",""HostIP"":"""",""RegistrationDatetime"":""2025-06-04T02:27:42.048-07:00"",""SequenceNumber"":""2025060402271406"",""Status"":""COMPLETED""},""TransactionDetail"":{""Amount"":200.0,""DispensedTotal"":200.0,""BillDenom_01"":1,""BillDenom_02"":5,""BillDenom_03"":10,""BillDenom_04"":20,""BillDenom_05"":50,""BillDenom_06"":100,""CoinDenom_01"":1,""CoinDenom_02"":5,""CoinDenom_03"":10,""CoinDenom_04"":25,""CoinDenom_05"":0,""CoinDenom_06"":0,""BillCount_01"":0,""BillCount_02"":0,""BillCount_03"":0,""BillCount_04"":0,""BillCount_05"":0,""BillCount_06"":2,""CoinCount_01"":0,""CoinCount_02"":0,""CoinCount_03"":0,""CoinCount_04"":0,""CoinCount_05"":0,""CoinCount_06"":0,""ManualPay"":0.0,""TransactionNumber"":0,""TransactionType"":""WDRAWTX""}}'",2025-06-04 02:27:42.048-07:00,2025060402271406,200.0,200.0,COMPLETED,3254,0759,nan,WDRAWTX,ATM
"___02:45:57 403002 ATM.     'Posting Transaction Result  0:{""type"":""ATM"",""accountType"":""CHEKAC"",""seqNumber"":""2025060402452406"",""Authorization"":{""AuthNumber"":""3255"",""ErrorCode"":""0"",""ErrorDescription"":""0"",""Fee"":4.95,""OrderId"":""3255"",""RegisterTime"":""2025-06-04T02:45:57.016-07:00"",""TransactionNumber"":2025060402452406},""Operation"":{""Amount"":100.0,""BillDespensed"":100.0,""CardNumber"":""6424"",""HostIP"":"""",""RegistrationDatetime"":""2025-06-04T02:45:57.016-07:00"",""SequenceNumber"":""2025060402452406"",""Status"":""COMPLETED""},""TransactionDetail"":{""Amount"":100.0,""DispensedTotal"":100.0,""BillDenom_01"":1,""BillDenom_02"":5,""BillDenom_03"":10,""BillDenom_04"":20,""BillDenom_05"":50,""BillDenom_06"":100,""CoinDenom_01"":1,""CoinDenom_02"":5,""CoinDenom_03"":10,""CoinDenom_04"":25,""CoinDenom_05"":0,""CoinDenom_06"":0,""BillCount_01"":0,""BillCount_02"":0,""BillCount_03"":0,""BillCount_04"":0,""BillCount_05"":0,""BillCount_06"":1,""CoinCount_01"":0,""CoinCount_02"":0,""CoinCount_03"":0,""CoinCount_04"":0,""CoinCount_05"":0,""CoinCount_06"":0,""ManualPay"":0.0,""TransactionNumber"":0,""TransactionType"":""WDRAWTX""}}'",2025-06-04 02:45:57.016-07:00,2025060402452406,100.0,100.0,COMPLETED,3255,6424,nan,WDRAWTX,ATM
"___02:53:35 403002 ATM.     'Posting Transaction Result  0:{""type"":""ATM"",""accountType"":""CHEKAC"",""seqNumber"":""2025060402532206"",""Authorization"":{""ErrorCode"":""0"",""ErrorDescription"":""0"",""Fee"":0.0,""RegisterTime"":""2025-06-04T02:53:35.340-07:00"",""TransactionNumber"":2025060402532206},""Operation"":{""Amount"":100.0,""BillDespensed"":0.0,""CardNumber"":""3754"",""HostIP"":"""",""RegistrationDatetime"":""2025-06-04T02:53:35.340-07:00"",""SequenceNumber"":""2025060402532206"",""Status"":""DENIED""},""TransactionDetail"":{""Amount"":100.0,""DispensedTotal"":0.0,""BillDenom_01"":1,""BillDenom_02"":5,""BillDenom_03"":10,""BillDenom_04"":20,""BillDenom_05"":50,""BillDenom_06"":100,""CoinDenom_01"":1,""CoinDenom_02"":5,""CoinDenom_03"":10,""CoinDenom_04"":25,""CoinDenom_05"":0,""CoinDenom_06"":0,""BillCount_01"":0,""BillCount_02"":0,""BillCount_03"":0,""BillCount_04"":0,""BillCount_05"":0,""BillCount_06"":0,""CoinCount_01"":0,""CoinCount_02"":0,""CoinCount_03"":0,""CoinCount_04"":0,""CoinCount_05"":0,""CoinCount_06"":0,""ManualPay"":0.0,""TransactionNumber"":0,""TransactionType"":""WDRAWTX""}}'",2025-06-04 02:53:35.340-07:00,2025060402532206,100.0,0.0,DENIED,nan,3754,nan,WDRAWTX,ATM
"___02:56:00 403002 ATM.     'Posting Transaction Result  0:{""type"":""ATM"",""accountType"":""CHEKAC"",""seqNumber"":""2025060402552506"",""Authorization"":{""AuthNumber"":""3257"",""ErrorCode"":""0"",""ErrorDescription"":""0"",""Fee"":4.95,""OrderId"":""3257"",""RegisterTime"":""2025-06-04T02:56:00.564-07:00"",""TransactionNumber"":2025060402552506},""Operation"":{""Amount"":200.0,""BillDespensed"":200.0,""CardNumber"":""8831"",""HostIP"":"""",""RegistrationDatetime"":""2025-06-04T02:56:00.564-07:00"",""SequenceNumber"":""2025060402552506"",""Status"":""COMPLETED""},""TransactionDetail"":{""Amount"":200.0,""DispensedTotal"":200.0,""BillDenom_01"":1,""BillDenom_02"":5,""BillDenom_03"":10,""BillDenom_04"":20,""BillDenom_05"":50,""BillDenom_06"":100,""CoinDenom_01"":1,""CoinDenom_02"":5,""CoinDenom_03"":10,""CoinDenom_04"":25,""CoinDenom_05"":0,""CoinDenom_06"":0,""BillCount_01"":0,""BillCount_02"":0,""BillCount_03"":0,""BillCount_04"":0,""BillCount_05"":0,""BillCount_06"":2,""CoinCount_01"":0,""CoinCount_02"":0,""CoinCount_03"":0,""CoinCount_04"":0,""CoinCount_05"":0,""CoinCount_06"":0,""ManualPay"":0.0,""TransactionNumber"":0,""TransactionType"":""WDRAWTX""}}'",2025-06-04 02:56:00.564-07:00,2025060402552506,200.0,200.0,COMPLETED,3257,8831,nan,WDRAWTX,ATM
"___03:31:11 403002 ATM.     'Posting Transaction Result  0:{""type"":""ATM"",""accountType"":""CHEKAC"",""seqNumber"":""2025060403303806"",""Authorization"":{""AuthNumber"":""3258"",""ErrorCode"":""0"",""ErrorDescription"":""0"",""Fee"":4.95,""OrderId"":""3258"",""RegisterTime"":""2025-06-04T03:31:11.309-07:00"",""TransactionNumber"":2025060403303806},""Operation"":{""Amount"":200.0,""BillDespensed"":200.0,""CardNumber"":""3293"",""HostIP"":"""",""RegistrationDatetime"":""2025-06-04T03:31:11.309-07:00"",""SequenceNumber"":""2025060403303806"",""Status"":""COMPLETED""},""TransactionDetail"":{""Amount"":200.0,""DispensedTotal"":200.0,""BillDenom_01"":1,""BillDenom_02"":5,""BillDenom_03"":10,""BillDenom_04"":20,""BillDenom_05"":50,""BillDenom_06"":100,""CoinDenom_01"":1,""CoinDenom_02"":5,""CoinDenom_03"":10,""CoinDenom_04"":25,""CoinDenom_05"":0,""CoinDenom_06"":0,""BillCount_01"":0,""BillCount_02"":0,""BillCount_03"":0,""BillCount_04"":0,""BillCount_05"":0,""BillCount_06"":2,""CoinCount_01"":0,""CoinCount_02"":0,""CoinCount_03"":0,""CoinCount_04"":0,""CoinCount_05"":0,""CoinCount_06"":0,""ManualPay"":0.0,""TransactionNumber"":0,""TransactionType"":""WDRAWTX""}}'",2025-06-04 03:31:11.309-07:00,2025060403303806,200.0,200.0,COMPLETED,3258,3293,nan,WDRAWTX,ATM
"___03:49:58 403002 ATM.     'Posting Transaction Result  0:{""type"":""ATM"",""accountType"":""CHEKAC"",""seqNumber"":""2025060403491806"",""Authorization"":{""AuthNumber"":""3259"",""ErrorCode"":""0"",""ErrorDescription"":""0"",""Fee"":4.95,""OrderId"":""3259"",""RegisterTime"":""2025-06-04T03:49:58.362-07:00"",""TransactionNumber"":2025060403491806},""Operation"":{""Amount"":100.0,""BillDespensed"":100.0,""CardNumber"":""6685"",""HostIP"":"""",""RegistrationDatetime"":""2025-06-04T03:49:58.362-07:00"",""SequenceNumber"":""2025060403491806"",""Status"":""COMPLETED""},""TransactionDetail"":{""Amount"":100.0,""DispensedTotal"":100.0,""BillDenom_01"":1,""BillDenom_02"":5,""BillDenom_03"":10,""BillDenom_04"":20,""BillDenom_05"":50,""BillDenom_06"":100,""CoinDenom_01"":1,""CoinDenom_02"":5,""CoinDenom_03"":10,""CoinDenom_04"":25,""CoinDenom_05"":0,""CoinDenom_06"":0,""BillCount_01"":0,""BillCount_02"":0,""BillCount_03"":0,""BillCount_04"":0,""BillCount_05"":0,""BillCount_06"":1,""CoinCount_01"":0,""CoinCount_02"":0,""CoinCount_03"":0,""CoinCount_04"":0,""CoinCount_05"":0,""CoinCount_06"":0,""ManualPay"":0.0,""TransactionNumber"":0,""TransactionType"":""WDRAWTX""}}'",2025-06-04 03:49:58.362-07:00,2025060403491806,100.0,100.0,COMPLETED,3259,6685,nan,WDRAWTX,ATM
"___04:30:50 403002 ATM.     'Posting Transaction Result  0:{""type"":""ATM"",""accountType"":""CHEKAC"",""seqNumber"":""2025060404303606"",""Authorization"":{""ErrorCode"":""0"",""ErrorDescription"":""0"",""Fee"":0.0,""RegisterTime"":""2025-06-04T04:30:50.610-07:00"",""TransactionNumber"":2025060404303606},""Operation"":{""Amount"":0.0,""BillDespensed"":0.0,""CardNumber"":""6489"",""HostIP"":"""",""RegistrationDatetime"":""2025-06-04T04:30:50.610-07:00"",""SequenceNumber"":""2025060404303606"",""Status"":""COMPLETED""},""TransactionDetail"":{""Amount"":0.0,""DispensedTotal"":0.0,""BillDenom_01"":1,""BillDenom_02"":5,""BillDenom_03"":10,""BillDenom_04"":20,""BillDenom_05"":50,""BillDenom_06"":100,""CoinDenom_01"":1,""CoinDenom_02"":5,""CoinDenom_03"":10,""CoinDenom_04"":25,""CoinDenom_05"":0,""CoinDenom_06"":0,""BillCount_01"":0,""BillCount_02"":0,""BillCount_03"":0,""BillCount_04"":0,""BillCount_05"":0,""BillCount_06"":0,""CoinCount_01"":0,""CoinCount_02"":0,""CoinCount_03"":0,""CoinCount_04"":0,""CoinCount_05"":0,""CoinCount_06"":0,""ManualPay"":0.0,""TransactionNumber"":0,""TransactionType"":""BLNCINQRTX""}}'",2025-06-04 04:30:50.610-07:00,2025060404303606,0.0,0.0,COMPLETED,nan,6489,nan,BLNCINQRTX,ATM
"___04:49:32 403002 ATM.     'Posting Transaction Result  0:{""type"":""ATM"",""accountType"":""CHEKAC"",""seqNumber"":""2025060404490606"",""Authorization"":{""ErrorCode"":""0"",""ErrorDescription"":""0"",""Fee"":0.0,""RegisterTime"":""2025-06-04T04:49:32.440-07:00"",""TransactionNumber"":2025060404490606},""Operation"":{""Amount"":300.0,""BillDespensed"":0.0,""CardNumber"":""0038"",""HostIP"":"""",""RegistrationDatetime"":""2025-06-04T04:49:32.440-07:00"",""SequenceNumber"":""2025060404490606"",""Status"":""DENIED""},""TransactionDetail"":{""Amount"":300.0,""DispensedTotal"":0.0,""BillDenom_01"":1,""BillDenom_02"":5,""BillDenom_03"":10,""BillDenom_04"":20,""BillDenom_05"":50,""BillDenom_06"":100,""CoinDenom_01"":1,""CoinDenom_02"":5,""CoinDenom_03"":10,""CoinDenom_04"":25,""CoinDenom_05"":0,""CoinDenom_06"":0,""BillCount_01"":0,""BillCount_02"":0,""BillCount_03"":0,""BillCount_04"":0,""BillCount_05"":0,""BillCount_06"":0,""CoinCount_01"":0,""CoinCount_02"":0,""CoinCount_03"":0,""CoinCount_04"":0,""CoinCount_05"":0,""CoinCount_06"":0,""ManualPay"":0.0,""TransactionNumber"":0,""TransactionType"":""WDRAWTX""}}'",2025-06-04 04:49:32.440-07:00,2025060404490606,300.0,0.0,DENIED,nan,0038,nan,WDRAWTX,ATM
"___06:43:29 403002 ATM.     'Posting Transaction Result  0:{""type"":""ATM"",""accountType"":""CHEKAC"",""seqNumber"":""2025060406425406"",""Authorization"":{""AuthNumber"":""3262"",""ErrorCode"":""0"",""ErrorDescription"":""0"",""Fee"":4.95,""OrderId"":""3262"",""RegisterTime"":""2025-06-04T06:43:29.090-07:00"",""TransactionNumber"":2025060406425406},""Operation"":{""Amount"":200.0,""BillDespensed"":200.0,""CardNumber"":""6107"",""HostIP"":"""",""RegistrationDatetime"":""2025-06-04T06:43:29.090-07:00"",""SequenceNumber"":""2025060406425406"",""Status"":""COMPLETED""},""TransactionDetail"":{""Amount"":200.0,""DispensedTotal"":200.0,""BillDenom_01"":1,""BillDenom_02"":5,""BillDenom_03"":10,""BillDenom_04"":20,""BillDenom_05"":50,""BillDenom_06"":100,""CoinDenom_01"":1,""CoinDenom_02"":5,""CoinDenom_03"":10,""CoinDenom_04"":25,""CoinDenom_05"":0,""CoinDenom_06"":0,""BillCount_01"":0,""BillCount_02"":0,""BillCount_03"":0,""BillCount_04"":0,""BillCount_05"":0,""BillCount_06"":2,""CoinCount_01"":0,""CoinCount_02"":0,""CoinCount_03"":0,""CoinCount_04"":0,""CoinCount_05"":0,""CoinCount_06"":0,""ManualPay"":0.0,""TransactionNumber"":0,""TransactionType"":""WDRAWTX""}}'",2025-06-04 06:43:29.090-07:00,2025060406425406,200.0,200.0,COMPLETED,3262,6107,nan,WDRAWTX,ATM
"___08:35:34 403002 ATM.     'Posting Transaction Result  0:{""type"":""ATM"",""accountType"":""CHEKAC"",""seqNumber"":""2025060408345906"",""Authorization"":{""AuthNumber"":""3263"",""ErrorCode"":""0"",""ErrorDescription"":""0"",""Fee"":4.95,""OrderId"":""3263"",""RegisterTime"":""2025-06-04T08:35:34.699-07:00"",""TransactionNumber"":2025060408345906},""Operation"":{""Amount"":500.0,""BillDespensed"":500.0,""CardNumber"":""5595"",""HostIP"":"""",""RegistrationDatetime"":""2025-06-04T08:35:34.699-07:00"",""SequenceNumber"":""2025060408345906"",""Status"":""COMPLETED""},""TransactionDetail"":{""Amount"":500.0,""DispensedTotal"":500.0,""BillDenom_01"":1,""BillDenom_02"":5,""BillDenom_03"":10,""BillDenom_04"":20,""BillDenom_05"":50,""BillDenom_06"":100,""CoinDenom_01"":1,""CoinDenom_02"":5,""CoinDenom_03"":10,""CoinDenom_04"":25,""CoinDenom_05"":0,""CoinDenom_06"":0,""BillCount_01"":0,""BillCount_02"":0,""BillCount_03"":0,""BillCount_04"":0,""BillCount_05"":0,""BillCount_06"":5,""CoinCount_01"":0,""CoinCount_02"":0,""CoinCount_03"":0,""CoinCount_04"":0,""CoinCount_05"":0,""CoinCount_06"":0,""ManualPay"":0.0,""TransactionNumber"":0,""TransactionType"":""WDRAWTX""}}'",2025-06-04 08:35:34.699-07:00,2025060408345906,500.0,500.0,COMPLETED,3263,5595,nan,WDRAWTX,ATM
"___08:54:05 403002 ATM.     'Posting Transaction Result  0:{""type"":""ATM"",""accountType"":""CHEKAC"",""seqNumber"":""2025060408533406"",""Authorization"":{""AuthNumber"":""3264"",""ErrorCode"":""0"",""ErrorDescription"":""0"",""Fee"":4.95,""OrderId"":""3264"",""RegisterTime"":""2025-06-04T08:54:05.883-07:00"",""TransactionNumber"":2025060408533406},""Operation"":{""Amount"":100.0,""BillDespensed"":100.0,""CardNumber"":""0549"",""HostIP"":"""",""RegistrationDatetime"":""2025-06-04T08:54:05.883-07:00"",""SequenceNumber"":""2025060408533406"",""Status"":""COMPLETED""},""TransactionDetail"":{""Amount"":100.0,""DispensedTotal"":100.0,""BillDenom_01"":1,""BillDenom_02"":5,""BillDenom_03"":10,""BillDenom_04"":20,""BillDenom_05"":50,""BillDenom_06"":100,""CoinDenom_01"":1,""CoinDenom_02"":5,""CoinDenom_03"":10,""CoinDenom_04"":25,""CoinDenom_05"":0,""CoinDenom_06"":0,""BillCount_01"":0,""BillCount_02"":0,""BillCount_03"":0,""BillCount_04"":0,""BillCount_05"":0,""BillCount_06"":1,""CoinCount_01"":0,""CoinCount_02"":0,""CoinCount_03"":0,""CoinCount_04"":0,""CoinCount_05"":0,""CoinCount_06"":0,""ManualPay"":0.0,""TransactionNumber"":0,""TransactionType"":""WDRAWTX""}}'",2025-06-04 08:54:05.883-07:00,2025060408533406,100.0,100.0,COMPLETED,3264,0549,nan,WDRAWTX,ATM
"___09:00:49 403002 ATM.     'Posting Transaction Result  0:{""type"":""ATM"",""accountType"":""CHEKAC"",""seqNumber"":""2025060409002206"",""Authorization"":{""AuthNumber"":""3265"",""ErrorCode"":""0"",""ErrorDescription"":""0"",""Fee"":4.95,""OrderId"":""3265"",""RegisterTime"":""2025-06-04T09:00:49.298-07:00"",""TransactionNumber"":2025060409002206},""Operation"":{""Amount"":60.0,""BillDespensed"":60.0,""CardNumber"":""0549"",""HostIP"":"""",""RegistrationDatetime"":""2025-06-04T09:00:49.298-07:00"",""SequenceNumber"":""2025060409002206"",""Status"":""COMPLETED""},""TransactionDetail"":{""Amount"":60.0,""DispensedTotal"":60.0,""BillDenom_01"":1,""BillDenom_02"":5,""BillDenom_03"":10,""BillDenom_04"":20,""BillDenom_05"":50,""BillDenom_06"":100,""CoinDenom_01"":1,""CoinDenom_02"":5,""CoinDenom_03"":10,""CoinDenom_04"":25,""CoinDenom_05"":0,""CoinDenom_06"":0,""BillCount_01"":0,""BillCount_02"":0,""BillCount_03"":0,""BillCount_04"":3,""BillCount_05"":0,""BillCount_06"":0,""CoinCount_01"":0,""CoinCount_02"":0,""CoinCount_03"":0,""CoinCount_04"":0,""CoinCount_05"":0,""CoinCount_06"":0,""ManualPay"":0.0,""TransactionNumber"":0,""TransactionType"":""WDRAWTX""}}'",2025-06-04 09:00:49.298-07:00,2025060409002206,60.0,60.0,COMPLETED,3265,0549,nan,WDRAWTX,ATM
"___10:32:59 403002 ATM.     'Posting Transaction Result  0:{""type"":""ATM"",""accountType"":""CHEKAC"",""seqNumber"":""2025060410324306"",""Authorization"":{""ErrorCode"":""0"",""ErrorDescription"":""0"",""Fee"":0.0,""RegisterTime"":""2025-06-04T10:32:59.063-07:00"",""TransactionNumber"":2025060410324306},""Operation"":{""Amount"":0.0,""BillDespensed"":0.0,""CardNumber"":""3156"",""HostIP"":"""",""RegistrationDatetime"":""2025-06-04T10:32:59.063-07:00"",""SequenceNumber"":""2025060410324306"",""Status"":""COMPLETED""},""TransactionDetail"":{""Amount"":0.0,""DispensedTotal"":0.0,""BillDenom_01"":1,""BillDenom_02"":5,""BillDenom_03"":10,""BillDenom_04"":20,""BillDenom_05"":50,""BillDenom_06"":100,""CoinDenom_01"":1,""CoinDenom_02"":5,""CoinDenom_03"":10,""CoinDenom_04"":25,""CoinDenom_05"":0,""CoinDenom_06"":0,""BillCount_01"":0,""BillCount_02"":0,""BillCount_03"":0,""BillCount_04"":0,""BillCount_05"":0,""BillCount_06"":0,""CoinCount_01"":0,""CoinCount_02"":0,""CoinCount_03"":0,""CoinCount_04"":0,""CoinCount_05"":0,""CoinCount_06"":0,""ManualPay"":0.0,""TransactionNumber"":0,""TransactionType"":""BLNCINQRTX""}}'",2025-06-04 10:32:59.063-07:00,2025060410324306,0.0,0.0,COMPLETED,nan,3156,nan,BLNCINQRTX,ATM
"___11:14:41 403002 ATM.     'Posting Transaction Result  0:{""type"":""ATM"",""accountType"":""CHEKAC"",""seqNumber"":""2025060411140706"",""Authorization"":{""AuthNumber"":""3267"",""ErrorCode"":""0"",""ErrorDescription"":""0"",""Fee"":4.95,""OrderId"":""3267"",""RegisterTime"":""2025-06-04T11:14:41.454-07:00"",""TransactionNumber"":2025060411140706},""Operation"":{""Amount"":60.0,""BillDespensed"":60.0,""CardNumber"":""5995"",""HostIP"":"""",""RegistrationDatetime"":""2025-06-04T11:14:41.454-07:00"",""SequenceNumber"":""2025060411140706"",""Status"":""COMPLETED""},""TransactionDetail"":{""Amount"":60.0,""DispensedTotal"":60.0,""BillDenom_01"":1,""BillDenom_02"":5,""BillDenom_03"":10,""BillDenom_04"":20,""BillDenom_05"":50,""BillDenom_06"":100,""CoinDenom_01"":1,""CoinDenom_02"":5,""CoinDenom_03"":10,""CoinDenom_04"":25,""CoinDenom_05"":0,""CoinDenom_06"":0,""BillCount_01"":0,""BillCount_02"":0,""BillCount_03"":0,""BillCount_04"":3,""BillCount_05"":0,""BillCount_06"":0,""CoinCount_01"":0,""CoinCount_02"":0,""CoinCount_03"":0,""CoinCount_04"":0,""CoinCount_05"":0,""CoinCount_06"":0,""ManualPay"":0.0,""TransactionNumber"":0,""TransactionType"":""WDRAWTX""}}'",2025-06-04 11:14:41.454-07:00,2025060411140706,60.0,60.0,COMPLETED,3267,5995,nan,WDRAWTX,ATM
"___11:20:54 403002 ATM.     'Posting Transaction Result  0:{""type"":""ATM"",""accountType"":""CHEKAC"",""seqNumber"":""2025060411201806"",""Authorization"":{""AuthNumber"":""3268"",""ErrorCode"":""0"",""ErrorDescription"":""0"",""Fee"":4.95,""OrderId"":""3268"",""RegisterTime"":""2025-06-04T11:20:54.030-07:00"",""TransactionNumber"":2025060411201806},""Operation"":{""Amount"":300.0,""BillDespensed"":300.0,""CardNumber"":""0068"",""HostIP"":"""",""RegistrationDatetime"":""2025-06-04T11:20:54.030-07:00"",""SequenceNumber"":""2025060411201806"",""Status"":""COMPLETED""},""TransactionDetail"":{""Amount"":300.0,""DispensedTotal"":300.0,""BillDenom_01"":1,""BillDenom_02"":5,""BillDenom_03"":10,""BillDenom_04"":20,""BillDenom_05"":50,""BillDenom_06"":100,""CoinDenom_01"":1,""CoinDenom_02"":5,""CoinDenom_03"":10,""CoinDenom_04"":25,""CoinDenom_05"":0,""CoinDenom_06"":0,""BillCount_01"":0,""BillCount_02"":0,""BillCount_03"":0,""BillCount_04"":0,""BillCount_05"":0,""BillCount_06"":3,""CoinCount_01"":0,""CoinCount_02"":0,""CoinCount_03"":0,""CoinCount_04"":0,""CoinCount_05"":0,""CoinCount_06"":0,""ManualPay"":0.0,""TransactionNumber"":0,""TransactionType"":""WDRAWTX""}}'",2025-06-04 11:20:54.030-07:00,2025060411201806,300.0,300.0,COMPLETED,3268,0068,nan,WDRAWTX,ATM
"___11:39:31 403002 ATM.     'Posting Transaction Result  0:{""type"":""ATM"",""accountType"":""CHEKAC"",""seqNumber"":""2025060411385806"",""Authorization"":{""AuthNumber"":""3269"",""ErrorCode"":""0"",""ErrorDescription"":""0"",""Fee"":4.95,""OrderId"":""3269"",""RegisterTime"":""2025-06-04T11:39:31.482-07:00"",""TransactionNumber"":2025060411385806},""Operation"":{""Amount"":40.0,""BillDespensed"":40.0,""CardNumber"":""9358"",""HostIP"":"""",""RegistrationDatetime"":""2025-06-04T11:39:31.482-07:00"",""SequenceNumber"":""2025060411385806"",""Status"":""COMPLETED""},""TransactionDetail"":{""Amount"":40.0,""DispensedTotal"":40.0,""BillDenom_01"":1,""BillDenom_02"":5,""BillDenom_03"":10,""BillDenom_04"":20,""BillDenom_05"":50,""BillDenom_06"":100,""CoinDenom_01"":1,""CoinDenom_02"":5,""CoinDenom_03"":10,""CoinDenom_04"":25,""CoinDenom_05"":0,""CoinDenom_06"":0,""BillCount_01"":0,""BillCount_02"":0,""BillCount_03"":0,""BillCount_04"":2,""BillCount_05"":0,""BillCount_06"":0,""CoinCount_01"":0,""CoinCount_02"":0,""CoinCount_03"":0,""CoinCount_04"":0,""CoinCount_05"":0,""CoinCount_06"":0,""ManualPay"":0.0,""TransactionNumber"":0,""TransactionType"":""WDRAWTX""}}'",2025-06-04 11:39:31.482-07:00,2025060411385806,40.0,40.0,COMPLETED,3269,9358,nan,WDRAWTX,ATM
"___11:54:15 403002 ATM.     'Posting Transaction Result  0:{""type"":""ATM"",""accountType"":""CHEKAC"",""seqNumber"":""2025060411533706"",""Authorization"":{""AuthNumber"":""3270"",""ErrorCode"":""0"",""ErrorDescription"":""0"",""Fee"":4.95,""OrderId"":""3270"",""RegisterTime"":""2025-06-04T11:54:15.915-07:00"",""TransactionNumber"":2025060411533706},""Operation"":{""Amount"":100.0,""BillDespensed"":100.0,""CardNumber"":""6164"",""HostIP"":"""",""RegistrationDatetime"":""2025-06-04T11:54:15.915-07:00"",""SequenceNumber"":""2025060411533706"",""Status"":""COMPLETED""},""TransactionDetail"":{""Amount"":100.0,""DispensedTotal"":100.0,""BillDenom_01"":1,""BillDenom_02"":5,""BillDenom_03"":10,""BillDenom_04"":20,""BillDenom_05"":50,""BillDenom_06"":100,""CoinDenom_01"":1,""CoinDenom_02"":5,""CoinDenom_03"":10,""CoinDenom_04"":25,""CoinDenom_05"":0,""CoinDenom_06"":0,""BillCount_01"":0,""BillCount_02"":0,""BillCount_03"":0,""BillCount_04"":0,""BillCount_05"":0,""BillCount_06"":1,""CoinCount_01"":0,""CoinCount_02"":0,""CoinCount_03"":0,""CoinCount_04"":0,""CoinCount_05"":0,""CoinCount_06"":0,""ManualPay"":0.0,""TransactionNumber"":0,""TransactionType"":""WDRAWTX""}}'",2025-06-04 11:54:15.915-07:00,2025060411533706,100.0,100.0,COMPLETED,3270,6164,nan,WDRAWTX,ATM
"___11:56:10 403002 ATM.     'Posting Transaction Result  0:{""type"":""ATM"",""accountType"":""CHEKAC"",""seqNumber"":""2025060411553206"",""Authorization"":{""AuthNumber"":""3271"",""ErrorCode"":""0"",""ErrorDescription"":""0"",""Fee"":4.95,""OrderId"":""3271"",""RegisterTime"":""2025-06-04T11:56:10.719-07:00"",""TransactionNumber"":2025060411553206},""Operation"":{""Amount"":600.0,""BillDespensed"":600.0,""CardNumber"":""5806"",""HostIP"":"""",""RegistrationDatetime"":""2025-06-04T11:56:10.719-07:00"",""SequenceNumber"":""2025060411553206"",""Status"":""COMPLETED""},""TransactionDetail"":{""Amount"":600.0,""DispensedTotal"":600.0,""BillDenom_01"":1,""BillDenom_02"":5,""BillDenom_03"":10,""BillDenom_04"":20,""BillDenom_05"":50,""BillDenom_06"":100,""CoinDenom_01"":1,""CoinDenom_02"":5,""CoinDenom_03"":10,""CoinDenom_04"":25,""CoinDenom_05"":0,""CoinDenom_06"":0,""BillCount_01"":0,""BillCount_02"":0,""BillCount_03"":0,""BillCount_04"":0,""BillCount_05"":0,""BillCount_06"":6,""CoinCount_01"":0,""CoinCount_02"":0,""CoinCount_03"":0,""CoinCount_04"":0,""CoinCount_05"":0,""CoinCount_06"":0,""ManualPay"":0.0,""TransactionNumber"":0,""TransactionType"":""WDRAWTX""}}'",2025-06-04 11:56:10.719-07:00,2025060411553206,600.0,600.0,COMPLETED,3271,5806,nan,WDRAWTX,ATM
"___12:10:01 403002 ATM.     'Posting Transaction Result  0:{""type"":""ATM"",""accountType"":""CHEKAC"",""seqNumber"":""2025060412092906"",""Authorization"":{""ErrorCode"":""0"",""ErrorDescription"":""0"",""Fee"":0.0,""RegisterTime"":""2025-06-04T12:10:01.721-07:00"",""TransactionNumber"":2025060412092906},""Operation"":{""Amount"":1000.0,""BillDespensed"":0.0,""CardNumber"":""2239"",""HostIP"":"""",""RegistrationDatetime"":""2025-06-04T12:10:01.721-07:00"",""SequenceNumber"":""2025060412092906"",""Status"":""DENIED""},""TransactionDetail"":{""Amount"":1000.0,""DispensedTotal"":0.0,""BillDenom_01"":1,""BillDenom_02"":5,""BillDenom_03"":10,""BillDenom_04"":20,""BillDenom_05"":50,""BillDenom_06"":100,""CoinDenom_01"":1,""CoinDenom_02"":5,""CoinDenom_03"":10,""CoinDenom_04"":25,""CoinDenom_05"":0,""CoinDenom_06"":0,""BillCount_01"":0,""BillCount_02"":0,""BillCount_03"":0,""BillCount_04"":0,""BillCount_05"":0,""BillCount_06"":0,""CoinCount_01"":0,""CoinCount_02"":0,""CoinCount_03"":0,""CoinCount_04"":0,""CoinCount_05"":0,""CoinCount_06"":0,""ManualPay"":0.0,""TransactionNumber"":0,""TransactionType"":""WDRAWTX""}}'",2025-06-04 12:10:01.721-07:00,2025060412092906,1000.0,0.0,DENIED,nan,2239,nan,WDRAWTX,ATM
"___12:11:41 403002 ATM.     'Posting Transaction Result  0:{""type"":""ATM"",""accountType"":""CHEKAC"",""seqNumber"":""2025060412105306"",""Authorization"":{""ErrorCode"":""0"",""ErrorDescription"":""0"",""Fee"":0.0,""RegisterTime"":""2025-06-04T12:11:41.695-07:00"",""TransactionNumber"":2025060412105306},""Operation"":{""Amount"":1000.0,""BillDespensed"":0.0,""CardNumber"":""2239"",""HostIP"":"""",""RegistrationDatetime"":""2025-06-04T12:11:41.695-07:00"",""SequenceNumber"":""2025060412105306"",""Status"":""DENIED""},""TransactionDetail"":{""Amount"":1000.0,""DispensedTotal"":0.0,""BillDenom_01"":1,""BillDenom_02"":5,""BillDenom_03"":10,""BillDenom_04"":20,""BillDenom_05"":50,""BillDenom_06"":100,""CoinDenom_01"":1,""CoinDenom_02"":5,""CoinDenom_03"":10,""CoinDenom_04"":25,""CoinDenom_05"":0,""CoinDenom_06"":0,""BillCount_01"":0,""BillCount_02"":0,""BillCount_03"":0,""BillCount_04"":0,""BillCount_05"":0,""BillCount_06"":0,""CoinCount_01"":0,""CoinCount_02"":0,""CoinCount_03"":0,""CoinCount_04"":0,""CoinCount_05"":0,""CoinCount_06"":0,""ManualPay"":0.0,""TransactionNumber"":0,""TransactionType"":""WDRAWTX""}}'",2025-06-04 12:11:41.695-07:00,2025060412105306,1000.0,0.0,DENIED,nan,2239,nan,WDRAWTX,ATM
"___12:35:38 403002 ATM.     'Posting Transaction Result  0:{""type"":""ATM"",""accountType"":""CHEKAC"",""seqNumber"":""2025060412345506"",""Authorization"":{""AuthNumber"":""3277"",""ErrorCode"":""0"",""ErrorDescription"":""0"",""Fee"":4.95,""OrderId"":""3277"",""RegisterTime"":""2025-06-04T12:35:38.528-07:00"",""TransactionNumber"":2025060412345506},""Operation"":{""Amount"":300.0,""BillDespensed"":300.0,""CardNumber"":""6810"",""HostIP"":"""",""RegistrationDatetime"":""2025-06-04T12:35:38.528-07:00"",""SequenceNumber"":""2025060412345506"",""Status"":""COMPLETED""},""TransactionDetail"":{""Amount"":300.0,""DispensedTotal"":300.0,""BillDenom_01"":1,""BillDenom_02"":5,""BillDenom_03"":10,""BillDenom_04"":20,""BillDenom_05"":50,""BillDenom_06"":100,""CoinDenom_01"":1,""CoinDenom_02"":5,""CoinDenom_03"":10,""CoinDenom_04"":25,""CoinDenom_05"":0,""CoinDenom_06"":0,""BillCount_01"":0,""BillCount_02"":0,""BillCount_03"":0,""BillCount_04"":0,""BillCount_05"":0,""BillCount_06"":3,""CoinCount_01"":0,""CoinCount_02"":0,""CoinCount_03"":0,""CoinCount_04"":0,""CoinCount_05"":0,""CoinCount_06"":0,""ManualPay"":0.0,""TransactionNumber"":0,""TransactionType"":""WDRAWTX""}}'",2025-06-04 12:35:38.528-07:00,2025060412345506,300.0,300.0,COMPLETED,3277,6810,nan,WDRAWTX,ATM
"___12:46:35 403002 ATM.     'Posting Transaction Result  0:{""type"":""ATM"",""accountType"":""CHEKAC"",""seqNumber"":""2025060412460006"",""Authorization"":{""AuthNumber"":""3278"",""ErrorCode"":""0"",""ErrorDescription"":""0"",""Fee"":4.95,""OrderId"":""3278"",""RegisterTime"":""2025-06-04T12:46:35.537-07:00"",""TransactionNumber"":2025060412460006},""Operation"":{""Amount"":120.0,""BillDespensed"":120.0,""CardNumber"":""3178"",""HostIP"":"""",""RegistrationDatetime"":""2025-06-04T12:46:35.537-07:00"",""SequenceNumber"":""2025060412460006"",""Status"":""COMPLETED""},""TransactionDetail"":{""Amount"":120.0,""DispensedTotal"":120.0,""BillDenom_01"":1,""BillDenom_02"":5,""BillDenom_03"":10,""BillDenom_04"":20,""BillDenom_05"":50,""BillDenom_06"":100,""CoinDenom_01"":1,""CoinDenom_02"":5,""CoinDenom_03"":10,""CoinDenom_04"":25,""CoinDenom_05"":0,""CoinDenom_06"":0,""BillCount_01"":0,""BillCount_02"":0,""BillCount_03"":0,""BillCount_04"":1,""BillCount_05"":0,""BillCount_06"":1,""CoinCount_01"":0,""CoinCount_02"":0,""CoinCount_03"":0,""CoinCount_04"":0,""CoinCount_05"":0,""CoinCount_06"":0,""ManualPay"":0.0,""TransactionNumber"":0,""TransactionType"":""WDRAWTX""}}'",2025-06-04 12:46:35.537-07:00,2025060412460006,120.0,120.0,COMPLETED,3278,3178,nan,WDRAWTX,ATM
"___12:47:53 403002 ATM.     'Posting Transaction Result  0:{""type"":""ATM"",""accountType"":""CHEKAC"",""seqNumber"":""2025060412473806"",""Authorization"":{""ErrorCode"":""0"",""ErrorDescription"":""0"",""Fee"":0.0,""RegisterTime"":""2025-06-04T12:47:53.156-07:00"",""TransactionNumber"":2025060412473806},""Operation"":{""Amount"":480.0,""BillDespensed"":0.0,""CardNumber"":""6192"",""HostIP"":"""",""RegistrationDatetime"":""2025-06-04T12:47:53.156-07:00"",""SequenceNumber"":""2025060412473806"",""Status"":""DENIED""},""TransactionDetail"":{""Amount"":480.0,""DispensedTotal"":0.0,""BillDenom_01"":1,""BillDenom_02"":5,""BillDenom_03"":10,""BillDenom_04"":20,""BillDenom_05"":50,""BillDenom_06"":100,""CoinDenom_01"":1,""CoinDenom_02"":5,""CoinDenom_03"":10,""CoinDenom_04"":25,""CoinDenom_05"":0,""CoinDenom_06"":0,""BillCount_01"":0,""BillCount_02"":0,""BillCount_03"":0,""BillCount_04"":0,""BillCount_05"":0,""BillCount_06"":0,""CoinCount_01"":0,""CoinCount_02"":0,""CoinCount_03"":0,""CoinCount_04"":0,""CoinCount_05"":0,""CoinCount_06"":0,""ManualPay"":0.0,""TransactionNumber"":0,""TransactionType"":""WDRAWTX""}}'",2025-06-04 12:47:53.156-07:00,2025060412473806,480.0,0.0,DENIED,nan,6192,nan,WDRAWTX,ATM
"___12:49:07 403002 ATM.     'Posting Transaction Result  0:{""type"":""ATM"",""accountType"":""CHEKAC"",""seqNumber"":""2025060412485106"",""Authorization"":{""ErrorCode"":""0"",""ErrorDescription"":""0"",""Fee"":0.0,""RegisterTime"":""2025-06-04T12:49:07.266-07:00"",""TransactionNumber"":2025060412485106},""Operation"":{""Amount"":460.0,""BillDespensed"":0.0,""CardNumber"":""6192"",""HostIP"":"""",""RegistrationDatetime"":""2025-06-04T12:49:07.266-07:00"",""SequenceNumber"":""2025060412485106"",""Status"":""DENIED""},""TransactionDetail"":{""Amount"":460.0,""DispensedTotal"":0.0,""BillDenom_01"":1,""BillDenom_02"":5,""BillDenom_03"":10,""BillDenom_04"":20,""BillDenom_05"":50,""BillDenom_06"":100,""CoinDenom_01"":1,""CoinDenom_02"":5,""CoinDenom_03"":10,""CoinDenom_04"":25,""CoinDenom_05"":0,""CoinDenom_06"":0,""BillCount_01"":0,""BillCount_02"":0,""BillCount_03"":0,""BillCount_04"":0,""BillCount_05"":0,""BillCount_06"":0,""CoinCount_01"":0,""CoinCount_02"":0,""CoinCount_03"":0,""CoinCount_04"":0,""CoinCount_05"":0,""CoinCount_06"":0,""ManualPay"":0.0,""TransactionNumber"":0,""TransactionType"":""WDRAWTX""}}'",2025-06-04 12:49:07.266-07:00,2025060412485106,460.0,0.0,DENIED,nan,6192,nan,WDRAWTX,ATM
"___13:09:51 403002 ATM.     'Posting Transaction Result  0:{""type"":""ATM"",""accountType"":""CHEKAC"",""seqNumber"":""2025060413091306"",""Authorization"":{""AuthNumber"":""3281"",""ErrorCode"":""0"",""ErrorDescription"":""0"",""Fee"":4.95,""OrderId"":""3281"",""RegisterTime"":""2025-06-04T13:09:51.013-07:00"",""TransactionNumber"":2025060413091306},""Operation"":{""Amount"":400.0,""BillDespensed"":400.0,""CardNumber"":""7258"",""HostIP"":"""",""RegistrationDatetime"":""2025-06-04T13:09:51.013-07:00"",""SequenceNumber"":""2025060413091306"",""Status"":""COMPLETED""},""TransactionDetail"":{""Amount"":400.0,""DispensedTotal"":400.0,""BillDenom_01"":1,""BillDenom_02"":5,""BillDenom_03"":10,""BillDenom_04"":20,""BillDenom_05"":50,""BillDenom_06"":100,""CoinDenom_01"":1,""CoinDenom_02"":5,""CoinDenom_03"":10,""CoinDenom_04"":25,""CoinDenom_05"":0,""CoinDenom_06"":0,""BillCount_01"":0,""BillCount_02"":0,""BillCount_03"":0,""BillCount_04"":0,""BillCount_05"":0,""BillCount_06"":4,""CoinCount_01"":0,""CoinCount_02"":0,""CoinCount_03"":0,""CoinCount_04"":0,""CoinCount_05"":0,""CoinCount_06"":0,""ManualPay"":0.0,""TransactionNumber"":0,""TransactionType"":""WDRAWTX""}}'",2025-06-04 13:09:51.013-07:00,2025060413091306,400.0,400.0,COMPLETED,3281,7258,nan,WDRAWTX,ATM
"___13:13:51 403002 ATM.     'Posting Transaction Result  0:{""type"":""ATM"",""accountType"":""CHEKAC"",""seqNumber"":""2025060413131206"",""Authorization"":{""AuthNumber"":""3282"",""ErrorCode"":""0"",""ErrorDescription"":""0"",""Fee"":4.95,""OrderId"":""3282"",""RegisterTime"":""2025-06-04T13:13:51.909-07:00"",""TransactionNumber"":2025060413131206},""Operation"":{""Amount"":100.0,""BillDespensed"":100.0,""CardNumber"":""5400"",""HostIP"":"""",""RegistrationDatetime"":""2025-06-04T13:13:51.909-07:00"",""SequenceNumber"":""2025060413131206"",""Status"":""COMPLETED""},""TransactionDetail"":{""Amount"":100.0,""DispensedTotal"":100.0,""BillDenom_01"":1,""BillDenom_02"":5,""BillDenom_03"":10,""BillDenom_04"":20,""BillDenom_05"":50,""BillDenom_06"":100,""CoinDenom_01"":1,""CoinDenom_02"":5,""CoinDenom_03"":10,""CoinDenom_04"":25,""CoinDenom_05"":0,""CoinDenom_06"":0,""BillCount_01"":0,""BillCount_02"":0,""BillCount_03"":0,""BillCount_04"":0,""BillCount_05"":0,""BillCount_06"":1,""CoinCount_01"":0,""CoinCount_02"":0,""CoinCount_03"":0,""CoinCount_04"":0,""CoinCount_05"":0,""CoinCount_06"":0,""ManualPay"":0.0,""TransactionNumber"":0,""TransactionType"":""WDRAWTX""}}'",2025-06-04 13:13:51.909-07:00,2025060413131206,100.0,100.0,COMPLETED,3282,5400,nan,WDRAWTX,ATM
"___13:23:37 403002 ATM.     'Posting Transaction Result  0:{""type"":""ATM"",""accountType"":""CHEKAC"",""seqNumber"":""2025060413230306"",""Authorization"":{""AuthNumber"":""3283"",""ErrorCode"":""0"",""ErrorDescription"":""0"",""Fee"":4.95,""OrderId"":""3283"",""RegisterTime"":""2025-06-04T13:23:37.418-07:00"",""TransactionNumber"":2025060413230306},""Operation"":{""Amount"":100.0,""BillDespensed"":100.0,""CardNumber"":""8061"",""HostIP"":"""",""RegistrationDatetime"":""2025-06-04T13:23:37.418-07:00"",""SequenceNumber"":""2025060413230306"",""Status"":""COMPLETED""},""TransactionDetail"":{""Amount"":100.0,""DispensedTotal"":100.0,""BillDenom_01"":1,""BillDenom_02"":5,""BillDenom_03"":10,""BillDenom_04"":20,""BillDenom_05"":50,""BillDenom_06"":100,""CoinDenom_01"":1,""CoinDenom_02"":5,""CoinDenom_03"":10,""CoinDenom_04"":25,""CoinDenom_05"":0,""CoinDenom_06"":0,""BillCount_01"":0,""BillCount_02"":0,""BillCount_03"":0,""BillCount_04"":0,""BillCount_05"":0,""BillCount_06"":1,""CoinCount_01"":0,""CoinCount_02"":0,""CoinCount_03"":0,""CoinCount_04"":0,""CoinCount_05"":0,""CoinCount_06"":0,""ManualPay"":0.0,""TransactionNumber"":0,""TransactionType"":""WDRAWTX""}}'",2025-06-04 13:23:37.418-07:00,2025060413230306,100.0,100.0,COMPLETED,3283,8061,nan,WDRAWTX,ATM
"___14:03:04 403002 ATM.     'Posting Transaction Result  0:{""type"":""ATM"",""accountType"":""CHEKAC"",""seqNumber"":""2025060414022606"",""Authorization"":{""AuthNumber"":""3284"",""ErrorCode"":""0"",""ErrorDescription"":""0"",""Fee"":4.95,""OrderId"":""3284"",""RegisterTime"":""2025-06-04T14:03:04.330-07:00"",""TransactionNumber"":2025060414022606},""Operation"":{""Amount"":1000.0,""BillDespensed"":1000.0,""CardNumber"":""1699"",""HostIP"":"""",""RegistrationDatetime"":""2025-06-04T14:03:04.330-07:00"",""SequenceNumber"":""2025060414022606"",""Status"":""COMPLETED""},""TransactionDetail"":{""Amount"":1000.0,""DispensedTotal"":1000.0,""BillDenom_01"":1,""BillDenom_02"":5,""BillDenom_03"":10,""BillDenom_04"":20,""BillDenom_05"":50,""BillDenom_06"":100,""CoinDenom_01"":1,""CoinDenom_02"":5,""CoinDenom_03"":10,""CoinDenom_04"":25,""CoinDenom_05"":0,""CoinDenom_06"":0,""BillCount_01"":0,""BillCount_02"":0,""BillCount_03"":0,""BillCount_04"":0,""BillCount_05"":0,""BillCount_06"":10,""CoinCount_01"":0,""CoinCount_02"":0,""CoinCount_03"":0,""CoinCount_04"":0,""CoinCount_05"":0,""CoinCount_06"":0,""ManualPay"":0.0,""TransactionNumber"":0,""TransactionType"":""WDRAWTX""}}'",2025-06-04 14:03:04.330-07:00,2025060414022606,1000.0,1000.0,COMPLETED,3284,1699,nan,WDRAWTX,ATM
"___14:27:43 403002 ATM.     'Posting Transaction Result  0:{""type"":""ATM"",""accountType"":""CHEKAC"",""seqNumber"":""2025060414264606"",""Authorization"":{""ErrorCode"":""0"",""ErrorDescription"":""0"",""Fee"":0.0,""RegisterTime"":""2025-06-04T14:27:43.212-07:00"",""TransactionNumber"":2025060414264606},""Operation"":{""Amount"":400.0,""BillDespensed"":0.0,""CardNumber"":""1373"",""HostIP"":"""",""RegistrationDatetime"":""2025-06-04T14:27:43.212-07:00"",""SequenceNumber"":""2025060414264606"",""Status"":""DENIED""},""TransactionDetail"":{""Amount"":400.0,""DispensedTotal"":0.0,""BillDenom_01"":1,""BillDenom_02"":5,""BillDenom_03"":10,""BillDenom_04"":20,""BillDenom_05"":50,""BillDenom_06"":100,""CoinDenom_01"":1,""CoinDenom_02"":5,""CoinDenom_03"":10,""CoinDenom_04"":25,""CoinDenom_05"":0,""CoinDenom_06"":0,""BillCount_01"":0,""BillCount_02"":0,""BillCount_03"":0,""BillCount_04"":0,""BillCount_05"":0,""BillCount_06"":0,""CoinCount_01"":0,""CoinCount_02"":0,""CoinCount_03"":0,""CoinCount_04"":0,""CoinCount_05"":0,""CoinCount_06"":0,""ManualPay"":0.0,""TransactionNumber"":0,""TransactionType"":""WDRAWTX""}}'",2025-06-04 14:27:43.212-07:00,2025060414264606,400.0,0.0,DENIED,nan,1373,nan,WDRAWTX,ATM
"___14:29:57 403002 ATM.     'Posting Transaction Result  0:{""type"":""ATM"",""accountType"":""CHEKAC"",""seqNumber"":""2025060414291706"",""Authorization"":{""AuthNumber"":""3287"",""ErrorCode"":""0"",""ErrorDescription"":""0"",""Fee"":4.95,""OrderId"":""3287"",""RegisterTime"":""2025-06-04T14:29:57.028-07:00"",""TransactionNumber"":2025060414291706},""Operation"":{""Amount"":400.0,""BillDespensed"":400.0,""CardNumber"":""6928"",""HostIP"":"""",""RegistrationDatetime"":""2025-06-04T14:29:57.028-07:00"",""SequenceNumber"":""2025060414291706"",""Status"":""COMPLETED""},""TransactionDetail"":{""Amount"":400.0,""DispensedTotal"":400.0,""BillDenom_01"":1,""BillDenom_02"":5,""BillDenom_03"":10,""BillDenom_04"":20,""BillDenom_05"":50,""BillDenom_06"":100,""CoinDenom_01"":1,""CoinDenom_02"":5,""CoinDenom_03"":10,""CoinDenom_04"":25,""CoinDenom_05"":0,""CoinDenom_06"":0,""BillCount_01"":0,""BillCount_02"":0,""BillCount_03"":0,""BillCount_04"":0,""BillCount_05"":0,""BillCount_06"":4,""CoinCount_01"":0,""CoinCount_02"":0,""CoinCount_03"":0,""CoinCount_04"":0,""CoinCount_05"":0,""CoinCount_06"":0,""ManualPay"":0.0,""TransactionNumber"":0,""TransactionType"":""WDRAWTX""}}'",2025-06-04 14:29:57.028-07:00,2025060414291706,400.0,400.0,COMPLETED,3287,6928,nan,WDRAWTX,ATM
"___14:36:18 403002 ATM.     'Posting Transaction Result  0:{""type"":""ATM"",""accountType"":""CHEKAC"",""seqNumber"":""2025060414354406"",""Authorization"":{""AuthNumber"":""3288"",""ErrorCode"":""0"",""ErrorDescription"":""0"",""Fee"":4.95,""OrderId"":""3288"",""RegisterTime"":""2025-06-04T14:36:18.550-07:00"",""TransactionNumber"":2025060414354406},""Operation"":{""Amount"":500.0,""BillDespensed"":500.0,""CardNumber"":""1778"",""HostIP"":"""",""RegistrationDatetime"":""2025-06-04T14:36:18.550-07:00"",""SequenceNumber"":""2025060414354406"",""Status"":""COMPLETED""},""TransactionDetail"":{""Amount"":500.0,""DispensedTotal"":500.0,""BillDenom_01"":1,""BillDenom_02"":5,""BillDenom_03"":10,""BillDenom_04"":20,""BillDenom_05"":50,""BillDenom_06"":100,""CoinDenom_01"":1,""CoinDenom_02"":5,""CoinDenom_03"":10,""CoinDenom_04"":25,""CoinDenom_05"":0,""CoinDenom_06"":0,""BillCount_01"":0,""BillCount_02"":0,""BillCount_03"":0,""BillCount_04"":0,""BillCount_05"":0,""BillCount_06"":5,""CoinCount_01"":0,""CoinCount_02"":0,""CoinCount_03"":0,""CoinCount_04"":0,""CoinCount_05"":0,""CoinCount_06"":0,""ManualPay"":0.0,""TransactionNumber"":0,""TransactionType"":""WDRAWTX""}}'",2025-06-04 14:36:18.550-07:00,2025060414354406,500.0,500.0,COMPLETED,3288,1778,nan,WDRAWTX,ATM
"___14:45:16 403002 ATM.     'Posting Transaction Result  0:{""type"":""ATM"",""accountType"":""CHEKAC"",""seqNumber"":""2025060414443506"",""Authorization"":{""AuthNumber"":""3289"",""ErrorCode"":""0"",""ErrorDescription"":""0"",""Fee"":4.95,""OrderId"":""3289"",""RegisterTime"":""2025-06-04T14:45:16.728-07:00"",""TransactionNumber"":2025060414443506},""Operation"":{""Amount"":100.0,""BillDespensed"":100.0,""CardNumber"":""3383"",""HostIP"":"""",""RegistrationDatetime"":""2025-06-04T14:45:16.728-07:00"",""SequenceNumber"":""2025060414443506"",""Status"":""COMPLETED""},""TransactionDetail"":{""Amount"":100.0,""DispensedTotal"":100.0,""BillDenom_01"":1,""BillDenom_02"":5,""BillDenom_03"":10,""BillDenom_04"":20,""BillDenom_05"":50,""BillDenom_06"":100,""CoinDenom_01"":1,""CoinDenom_02"":5,""CoinDenom_03"":10,""CoinDenom_04"":25,""CoinDenom_05"":0,""CoinDenom_06"":0,""BillCount_01"":0,""BillCount_02"":0,""BillCount_03"":0,""BillCount_04"":0,""BillCount_05"":0,""BillCount_06"":1,""CoinCount_01"":0,""CoinCount_02"":0,""CoinCount_03"":0,""CoinCount_04"":0,""CoinCount_05"":0,""CoinCount_06"":0,""ManualPay"":0.0,""TransactionNumber"":0,""TransactionType"":""WDRAWTX""}}'",2025-06-04 14:45:16.728-07:00,2025060414443506,100.0,100.0,COMPLETED,3289,3383,nan,WDRAWTX,ATM
"___14:49:54 403002 ATM.     'Posting Transaction Result  0:{""type"":""ATM"",""accountType"":""CHEKAC"",""seqNumber"":""2025060414492506"",""Authorization"":{""AuthNumber"":""3290"",""ErrorCode"":""0"",""ErrorDescription"":""0"",""Fee"":4.95,""OrderId"":""3290"",""RegisterTime"":""2025-06-04T14:49:54.555-07:00"",""TransactionNumber"":2025060414492506},""Operation"":{""Amount"":100.0,""BillDespensed"":100.0,""CardNumber"":""8400"",""HostIP"":"""",""RegistrationDatetime"":""2025-06-04T14:49:54.555-07:00"",""SequenceNumber"":""2025060414492506"",""Status"":""COMPLETED""},""TransactionDetail"":{""Amount"":100.0,""DispensedTotal"":100.0,""BillDenom_01"":1,""BillDenom_02"":5,""BillDenom_03"":10,""BillDenom_04"":20,""BillDenom_05"":50,""BillDenom_06"":100,""CoinDenom_01"":1,""CoinDenom_02"":5,""CoinDenom_03"":10,""CoinDenom_04"":25,""CoinDenom_05"":0,""CoinDenom_06"":0,""BillCount_01"":0,""BillCount_02"":0,""BillCount_03"":0,""BillCount_04"":0,""BillCount_05"":0,""BillCount_06"":1,""CoinCount_01"":0,""CoinCount_02"":0,""CoinCount_03"":0,""CoinCount_04"":0,""CoinCount_05"":0,""CoinCount_06"":0,""ManualPay"":0.0,""TransactionNumber"":0,""TransactionType"":""WDRAWTX""}}'",2025-06-04 14:49:54.555-07:00,2025060414492506,100.0,100.0,COMPLETED,3290,8400,nan,WDRAWTX,ATM
"___14:52:04 403002 ATM.     'Posting Transaction Result  0:{""type"":""ATM"",""accountType"":""CHEKAC"",""seqNumber"":""2025060414512606"",""Authorization"":{""AuthNumber"":""3291"",""ErrorCode"":""0"",""ErrorDescription"":""0"",""Fee"":4.95,""OrderId"":""3291"",""RegisterTime"":""2025-06-04T14:52:04.468-07:00"",""TransactionNumber"":2025060414512606},""Operation"":{""Amount"":200.0,""BillDespensed"":200.0,""CardNumber"":""1128"",""HostIP"":"""",""RegistrationDatetime"":""2025-06-04T14:52:04.468-07:00"",""SequenceNumber"":""2025060414512606"",""Status"":""COMPLETED""},""TransactionDetail"":{""Amount"":200.0,""DispensedTotal"":200.0,""BillDenom_01"":1,""BillDenom_02"":5,""BillDenom_03"":10,""BillDenom_04"":20,""BillDenom_05"":50,""BillDenom_06"":100,""CoinDenom_01"":1,""CoinDenom_02"":5,""CoinDenom_03"":10,""CoinDenom_04"":25,""CoinDenom_05"":0,""CoinDenom_06"":0,""BillCount_01"":0,""BillCount_02"":0,""BillCount_03"":0,""BillCount_04"":0,""BillCount_05"":0,""BillCount_06"":2,""CoinCount_01"":0,""CoinCount_02"":0,""CoinCount_03"":0,""CoinCount_04"":0,""CoinCount_05"":0,""CoinCount_06"":0,""ManualPay"":0.0,""TransactionNumber"":0,""TransactionType"":""WDRAWTX""}}'",2025-06-04 14:52:04.468-07:00,2025060414512606,200.0,200.0,COMPLETED,3291,1128,nan,WDRAWTX,ATM
"___15:18:52 403002 ATM.     'Posting Transaction Result  0:{""type"":""ATM"",""accountType"":""CHEKAC"",""seqNumber"":""2025060415181606"",""Authorization"":{""AuthNumber"":""3292"",""ErrorCode"":""0"",""ErrorDescription"":""0"",""Fee"":4.95,""OrderId"":""3292"",""RegisterTime"":""2025-06-04T15:18:52.849-07:00"",""TransactionNumber"":2025060415181606},""Operation"":{""Amount"":200.0,""BillDespensed"":200.0,""CardNumber"":""8555"",""HostIP"":"""",""RegistrationDatetime"":""2025-06-04T15:18:52.849-07:00"",""SequenceNumber"":""2025060415181606"",""Status"":""COMPLETED""},""TransactionDetail"":{""Amount"":200.0,""DispensedTotal"":200.0,""BillDenom_01"":1,""BillDenom_02"":5,""BillDenom_03"":10,""BillDenom_04"":20,""BillDenom_05"":50,""BillDenom_06"":100,""CoinDenom_01"":1,""CoinDenom_02"":5,""CoinDenom_03"":10,""CoinDenom_04"":25,""CoinDenom_05"":0,""CoinDenom_06"":0,""BillCount_01"":0,""BillCount_02"":0,""BillCount_03"":0,""BillCount_04"":0,""BillCount_05"":0,""BillCount_06"":2,""CoinCount_01"":0,""CoinCount_02"":0,""CoinCount_03"":0,""CoinCount_04"":0,""CoinCount_05"":0,""CoinCount_06"":0,""ManualPay"":0.0,""TransactionNumber"":0,""TransactionType"":""WDRAWTX""}}'",2025-06-04 15:18:52.849-07:00,2025060415181606,200.0,200.0,COMPLETED,3292,8555,nan,WDRAWTX,ATM
"___15:33:43 403002 ATM.     'Posting Transaction Result  0:{""type"":""ATM"",""accountType"":""CHEKAC"",""seqNumber"":""2025060415331206"",""Authorization"":{""AuthNumber"":""3293"",""ErrorCode"":""0"",""ErrorDescription"":""0"",""Fee"":4.95,""OrderId"":""3293"",""RegisterTime"":""2025-06-04T15:33:43.092-07:00"",""TransactionNumber"":2025060415331206},""Operation"":{""Amount"":200.0,""BillDespensed"":200.0,""CardNumber"":""4677"",""HostIP"":"""",""RegistrationDatetime"":""2025-06-04T15:33:43.092-07:00"",""SequenceNumber"":""2025060415331206"",""Status"":""COMPLETED""},""TransactionDetail"":{""Amount"":200.0,""DispensedTotal"":200.0,""BillDenom_01"":1,""BillDenom_02"":5,""BillDenom_03"":10,""BillDenom_04"":20,""BillDenom_05"":50,""BillDenom_06"":100,""CoinDenom_01"":1,""CoinDenom_02"":5,""CoinDenom_03"":10,""CoinDenom_04"":25,""CoinDenom_05"":0,""CoinDenom_06"":0,""BillCount_01"":0,""BillCount_02"":0,""BillCount_03"":0,""BillCount_04"":0,""BillCount_05"":0,""BillCount_06"":2,""CoinCount_01"":0,""CoinCount_02"":0,""CoinCount_03"":0,""CoinCount_04"":0,""CoinCount_05"":0,""CoinCount_06"":0,""ManualPay"":0.0,""TransactionNumber"":0,""TransactionType"":""WDRAWTX""}}'",2025-06-04 15:33:43.092-07:00,2025060415331206,200.0,200.0,COMPLETED,3293,4677,nan,WDRAWTX,ATM
"___15:46:31 403002 ATM.     'Posting Transaction Result  0:{""type"":""ATM"",""accountType"":""CHEKAC"",""seqNumber"":""2025060415455806"",""Authorization"":{""AuthNumber"":""3294"",""ErrorCode"":""0"",""ErrorDescription"":""0"",""Fee"":4.95,""OrderId"":""3294"",""RegisterTime"":""2025-06-04T15:46:31.085-07:00"",""TransactionNumber"":2025060415455806},""Operation"":{""Amount"":80.0,""BillDespensed"":80.0,""CardNumber"":""1615"",""HostIP"":"""",""RegistrationDatetime"":""2025-06-04T15:46:31.085-07:00"",""SequenceNumber"":""2025060415455806"",""Status"":""COMPLETED""},""TransactionDetail"":{""Amount"":80.0,""DispensedTotal"":80.0,""BillDenom_01"":1,""BillDenom_02"":5,""BillDenom_03"":10,""BillDenom_04"":20,""BillDenom_05"":50,""BillDenom_06"":100,""CoinDenom_01"":1,""CoinDenom_02"":5,""CoinDenom_03"":10,""CoinDenom_04"":25,""CoinDenom_05"":0,""CoinDenom_06"":0,""BillCount_01"":0,""BillCount_02"":0,""BillCount_03"":0,""BillCount_04"":4,""BillCount_05"":0,""BillCount_06"":0,""CoinCount_01"":0,""CoinCount_02"":0,""CoinCount_03"":0,""CoinCount_04"":0,""CoinCount_05"":0,""CoinCount_06"":0,""ManualPay"":0.0,""TransactionNumber"":0,""TransactionType"":""WDRAWTX""}}'",2025-06-04 15:46:31.085-07:00,2025060415455806,80.0,80.0,COMPLETED,3294,1615,nan,WDRAWTX,ATM
"___15:52:49 403002 ATM.     'Posting Transaction Result  0:{""type"":""ATM"",""accountType"":""CHEKAC"",""seqNumber"":""2025060415523406"",""Authorization"":{""ErrorCode"":""0"",""ErrorDescription"":""0"",""Fee"":0.0,""RegisterTime"":""2025-06-04T15:52:49.395-07:00"",""TransactionNumber"":2025060415523406},""Operation"":{""Amount"":500.0,""BillDespensed"":0.0,""CardNumber"":""0186"",""HostIP"":"""",""RegistrationDatetime"":""2025-06-04T15:52:49.395-07:00"",""SequenceNumber"":""2025060415523406"",""Status"":""DENIED""},""TransactionDetail"":{""Amount"":500.0,""DispensedTotal"":0.0,""BillDenom_01"":1,""BillDenom_02"":5,""BillDenom_03"":10,""BillDenom_04"":20,""BillDenom_05"":50,""BillDenom_06"":100,""CoinDenom_01"":1,""CoinDenom_02"":5,""CoinDenom_03"":10,""CoinDenom_04"":25,""CoinDenom_05"":0,""CoinDenom_06"":0,""BillCount_01"":0,""BillCount_02"":0,""BillCount_03"":0,""BillCount_04"":0,""BillCount_05"":0,""BillCount_06"":0,""CoinCount_01"":0,""CoinCount_02"":0,""CoinCount_03"":0,""CoinCount_04"":0,""CoinCount_05"":0,""CoinCount_06"":0,""ManualPay"":0.0,""TransactionNumber"":0,""TransactionType"":""WDRAWTX""}}'",2025-06-04 15:52:49.395-07:00,2025060415523406,500.0,0.0,DENIED,nan,0186,nan,WDRAWTX,ATM
"___15:53:48 403002 ATM.     'Posting Transaction Result  0:{""type"":""ATM"",""accountType"":""CHEKAC"",""seqNumber"":""2025060415533406"",""Authorization"":{""ErrorCode"":""0"",""ErrorDescription"":""0"",""Fee"":0.0,""RegisterTime"":""2025-06-04T15:53:48.514-07:00"",""TransactionNumber"":2025060415533406},""Operation"":{""Amount"":1000.0,""BillDespensed"":0.0,""CardNumber"":""3805"",""HostIP"":"""",""RegistrationDatetime"":""2025-06-04T15:53:48.514-07:00"",""SequenceNumber"":""2025060415533406"",""Status"":""DENIED""},""TransactionDetail"":{""Amount"":1000.0,""DispensedTotal"":0.0,""BillDenom_01"":1,""BillDenom_02"":5,""BillDenom_03"":10,""BillDenom_04"":20,""BillDenom_05"":50,""BillDenom_06"":100,""CoinDenom_01"":1,""CoinDenom_02"":5,""CoinDenom_03"":10,""CoinDenom_04"":25,""CoinDenom_05"":0,""CoinDenom_06"":0,""BillCount_01"":0,""BillCount_02"":0,""BillCount_03"":0,""BillCount_04"":0,""BillCount_05"":0,""BillCount_06"":0,""CoinCount_01"":0,""CoinCount_02"":0,""CoinCount_03"":0,""CoinCount_04"":0,""CoinCount_05"":0,""CoinCount_06"":0,""ManualPay"":0.0,""TransactionNumber"":0,""TransactionType"":""WDRAWTX""}}'",2025-06-04 15:53:48.514-07:00,2025060415533406,1000.0,0.0,DENIED,nan,3805,nan,WDRAWTX,ATM
"___15:56:32 403002 ATM.     'Posting Transaction Result  0:{""type"":""ATM"",""accountType"":""CHEKAC"",""seqNumber"":""2025060415555906"",""Authorization"":{""AuthNumber"":""3297"",""ErrorCode"":""0"",""ErrorDescription"":""0"",""Fee"":4.95,""OrderId"":""3297"",""RegisterTime"":""2025-06-04T15:56:31.968-07:00"",""TransactionNumber"":2025060415555906},""Operation"":{""Amount"":200.0,""BillDespensed"":200.0,""CardNumber"":""8647"",""HostIP"":"""",""RegistrationDatetime"":""2025-06-04T15:56:31.968-07:00"",""SequenceNumber"":""2025060415555906"",""Status"":""COMPLETED""},""TransactionDetail"":{""Amount"":200.0,""DispensedTotal"":200.0,""BillDenom_01"":1,""BillDenom_02"":5,""BillDenom_03"":10,""BillDenom_04"":20,""BillDenom_05"":50,""BillDenom_06"":100,""CoinDenom_01"":1,""CoinDenom_02"":5,""CoinDenom_03"":10,""CoinDenom_04"":25,""CoinDenom_05"":0,""CoinDenom_06"":0,""BillCount_01"":0,""BillCount_02"":0,""BillCount_03"":0,""BillCount_04"":0,""BillCount_05"":0,""BillCount_06"":2,""CoinCount_01"":0,""CoinCount_02"":0,""CoinCount_03"":0,""CoinCount_04"":0,""CoinCount_05"":0,""CoinCount_06"":0,""ManualPay"":0.0,""TransactionNumber"":0,""TransactionType"":""WDRAWTX""}}'",2025-06-04 15:56:31.968-07:00,2025060415555906,200.0,200.0,COMPLETED,3297,8647,nan,WDRAWTX,ATM
"___16:14:08 403002 ATM.     'Posting Transaction Result  0:{""type"":""ATM"",""accountType"":""CHEKAC"",""seqNumber"":""2025060416133706"",""Authorization"":{""AuthNumber"":""3299"",""ErrorCode"":""0"",""ErrorDescription"":""0"",""Fee"":4.95,""OrderId"":""3299"",""RegisterTime"":""2025-06-04T16:14:08.441-07:00"",""TransactionNumber"":2025060416133706},""Operation"":{""Amount"":500.0,""BillDespensed"":500.0,""CardNumber"":""1668"",""HostIP"":"""",""RegistrationDatetime"":""2025-06-04T16:14:08.441-07:00"",""SequenceNumber"":""2025060416133706"",""Status"":""COMPLETED""},""TransactionDetail"":{""Amount"":500.0,""DispensedTotal"":500.0,""BillDenom_01"":1,""BillDenom_02"":5,""BillDenom_03"":10,""BillDenom_04"":20,""BillDenom_05"":50,""BillDenom_06"":100,""CoinDenom_01"":1,""CoinDenom_02"":5,""CoinDenom_03"":10,""CoinDenom_04"":25,""CoinDenom_05"":0,""CoinDenom_06"":0,""BillCount_01"":0,""BillCount_02"":0,""BillCount_03"":0,""BillCount_04"":0,""BillCount_05"":0,""BillCount_06"":5,""CoinCount_01"":0,""CoinCount_02"":0,""CoinCount_03"":0,""CoinCount_04"":0,""CoinCount_05"":0,""CoinCount_06"":0,""ManualPay"":0.0,""TransactionNumber"":0,""TransactionType"":""WDRAWTX""}}'",2025-06-04 16:14:08.441-07:00,2025060416133706,500.0,500.0,COMPLETED,3299,1668,nan,WDRAWTX,ATM
"___16:16:51 403002 ATM.     'Posting Transaction Result  0:{""type"":""ATM"",""accountType"":""CHEKAC"",""seqNumber"":""2025060416162006"",""Authorization"":{""AuthNumber"":""3300"",""ErrorCode"":""0"",""ErrorDescription"":""0"",""Fee"":4.95,""OrderId"":""3300"",""RegisterTime"":""2025-06-04T16:16:51.281-07:00"",""TransactionNumber"":2025060416162006},""Operation"":{""Amount"":500.0,""BillDespensed"":500.0,""CardNumber"":""5601"",""HostIP"":"""",""RegistrationDatetime"":""2025-06-04T16:16:51.281-07:00"",""SequenceNumber"":""2025060416162006"",""Status"":""COMPLETED""},""TransactionDetail"":{""Amount"":500.0,""DispensedTotal"":500.0,""BillDenom_01"":1,""BillDenom_02"":5,""BillDenom_03"":10,""BillDenom_04"":20,""BillDenom_05"":50,""BillDenom_06"":100,""CoinDenom_01"":1,""CoinDenom_02"":5,""CoinDenom_03"":10,""CoinDenom_04"":25,""CoinDenom_05"":0,""CoinDenom_06"":0,""BillCount_01"":0,""BillCount_02"":0,""BillCount_03"":0,""BillCount_04"":0,""BillCount_05"":0,""BillCount_06"":5,""CoinCount_01"":0,""CoinCount_02"":0,""CoinCount_03"":0,""CoinCount_04"":0,""CoinCount_05"":0,""CoinCount_06"":0,""ManualPay"":0.0,""TransactionNumber"":0,""TransactionType"":""WDRAWTX""}}'",2025-06-04 16:16:51.281-07:00,2025060416162006,500.0,500.0,COMPLETED,3300,5601,nan,WDRAWTX,ATM
"___16:22:45 403002 ATM.     'Posting Transaction Result  0:{""type"":""ATM"",""accountType"":""CHEKAC"",""seqNumber"":""2025060416221206"",""Authorization"":{""AuthNumber"":""3301"",""ErrorCode"":""0"",""ErrorDescription"":""0"",""Fee"":4.95,""OrderId"":""3301"",""RegisterTime"":""2025-06-04T16:22:45.195-07:00"",""TransactionNumber"":2025060416221206},""Operation"":{""Amount"":100.0,""BillDespensed"":100.0,""CardNumber"":""7996"",""HostIP"":"""",""RegistrationDatetime"":""2025-06-04T16:22:45.195-07:00"",""SequenceNumber"":""2025060416221206"",""Status"":""COMPLETED""},""TransactionDetail"":{""Amount"":100.0,""DispensedTotal"":100.0,""BillDenom_01"":1,""BillDenom_02"":5,""BillDenom_03"":10,""BillDenom_04"":20,""BillDenom_05"":50,""BillDenom_06"":100,""CoinDenom_01"":1,""CoinDenom_02"":5,""CoinDenom_03"":10,""CoinDenom_04"":25,""CoinDenom_05"":0,""CoinDenom_06"":0,""BillCount_01"":0,""BillCount_02"":0,""BillCount_03"":0,""BillCount_04"":0,""BillCount_05"":0,""BillCount_06"":1,""CoinCount_01"":0,""CoinCount_02"":0,""CoinCount_03"":0,""CoinCount_04"":0,""CoinCount_05"":0,""CoinCount_06"":0,""ManualPay"":0.0,""TransactionNumber"":0,""TransactionType"":""WDRAWTX""}}'",2025-06-04 16:22:45.195-07:00,2025060416221206,100.0,100.0,COMPLETED,3301,7996,nan,WDRAWTX,ATM
"___16:32:01 403002 ATM.     'Posting Transaction Result  0:{""type"":""ATM"",""accountType"":""CHEKAC"",""seqNumber"":""2025060416312506"",""Authorization"":{""AuthNumber"":""3302"",""ErrorCode"":""0"",""ErrorDescription"":""0"",""Fee"":4.95,""OrderId"":""3302"",""RegisterTime"":""2025-06-04T16:32:01.375-07:00"",""TransactionNumber"":2025060416312506},""Operation"":{""Amount"":600.0,""BillDespensed"":600.0,""CardNumber"":""3445"",""HostIP"":"""",""RegistrationDatetime"":""2025-06-04T16:32:01.375-07:00"",""SequenceNumber"":""2025060416312506"",""Status"":""COMPLETED""},""TransactionDetail"":{""Amount"":600.0,""DispensedTotal"":600.0,""BillDenom_01"":1,""BillDenom_02"":5,""BillDenom_03"":10,""BillDenom_04"":20,""BillDenom_05"":50,""BillDenom_06"":100,""CoinDenom_01"":1,""CoinDenom_02"":5,""CoinDenom_03"":10,""CoinDenom_04"":25,""CoinDenom_05"":0,""CoinDenom_06"":0,""BillCount_01"":0,""BillCount_02"":0,""BillCount_03"":0,""BillCount_04"":0,""BillCount_05"":0,""BillCount_06"":6,""CoinCount_01"":0,""CoinCount_02"":0,""CoinCount_03"":0,""CoinCount_04"":0,""CoinCount_05"":0,""CoinCount_06"":0,""ManualPay"":0.0,""TransactionNumber"":0,""TransactionType"":""WDRAWTX""}}'",2025-06-04 16:32:01.375-07:00,2025060416312506,600.0,600.0,COMPLETED,3302,3445,nan,WDRAWTX,ATM
"___16:43:46 403002 ATM.     'Posting Transaction Result  0:{""type"":""ATM"",""accountType"":""CHEKAC"",""seqNumber"":""2025060416431106"",""Authorization"":{""AuthNumber"":""3303"",""ErrorCode"":""0"",""ErrorDescription"":""0"",""Fee"":4.95,""OrderId"":""3303"",""RegisterTime"":""2025-06-04T16:43:46.637-07:00"",""TransactionNumber"":2025060416431106},""Operation"":{""Amount"":200.0,""BillDespensed"":200.0,""CardNumber"":""2647"",""HostIP"":"""",""RegistrationDatetime"":""2025-06-04T16:43:46.637-07:00"",""SequenceNumber"":""2025060416431106"",""Status"":""COMPLETED""},""TransactionDetail"":{""Amount"":200.0,""DispensedTotal"":200.0,""BillDenom_01"":1,""BillDenom_02"":5,""BillDenom_03"":10,""BillDenom_04"":20,""BillDenom_05"":50,""BillDenom_06"":100,""CoinDenom_01"":1,""CoinDenom_02"":5,""CoinDenom_03"":10,""CoinDenom_04"":25,""CoinDenom_05"":0,""CoinDenom_06"":0,""BillCount_01"":0,""BillCount_02"":0,""BillCount_03"":0,""BillCount_04"":0,""BillCount_05"":0,""BillCount_06"":2,""CoinCount_01"":0,""CoinCount_02"":0,""CoinCount_03"":0,""CoinCount_04"":0,""CoinCount_05"":0,""CoinCount_06"":0,""ManualPay"":0.0,""TransactionNumber"":0,""TransactionType"":""WDRAWTX""}}'",2025-06-04 16:43:46.637-07:00,2025060416431106,200.0,200.0,COMPLETED,3303,2647,nan,WDRAWTX,ATM
"___17:09:59 403002 ATM.     'Posting Transaction Result  0:{""type"":""ATM"",""accountType"":""CHEKAC"",""seqNumber"":""2025060417091406"",""Authorization"":{""AuthNumber"":""3304"",""ErrorCode"":""0"",""ErrorDescription"":""0"",""Fee"":4.95,""OrderId"":""3304"",""RegisterTime"":""2025-06-04T17:09:59.675-07:00"",""TransactionNumber"":2025060417091406},""Operation"":{""Amount"":60.0,""BillDespensed"":60.0,""CardNumber"":""4742"",""HostIP"":"""",""RegistrationDatetime"":""2025-06-04T17:09:59.675-07:00"",""SequenceNumber"":""2025060417091406"",""Status"":""COMPLETED""},""TransactionDetail"":{""Amount"":60.0,""DispensedTotal"":60.0,""BillDenom_01"":1,""BillDenom_02"":5,""BillDenom_03"":10,""BillDenom_04"":20,""BillDenom_05"":50,""BillDenom_06"":100,""CoinDenom_01"":1,""CoinDenom_02"":5,""CoinDenom_03"":10,""CoinDenom_04"":25,""CoinDenom_05"":0,""CoinDenom_06"":0,""BillCount_01"":0,""BillCount_02"":0,""BillCount_03"":0,""BillCount_04"":3,""BillCount_05"":0,""BillCount_06"":0,""CoinCount_01"":0,""CoinCount_02"":0,""CoinCount_03"":0,""CoinCount_04"":0,""CoinCount_05"":0,""CoinCount_06"":0,""ManualPay"":0.0,""TransactionNumber"":0,""TransactionType"":""WDRAWTX""}}'",2025-06-04 17:09:59.675-07:00,2025060417091406,60.0,60.0,COMPLETED,3304,4742,nan,WDRAWTX,ATM
"___17:16:24 403002 ATM.     'Posting Transaction Result  0:{""type"":""ATM"",""accountType"":""CHEKAC"",""seqNumber"":""2025060417154706"",""Authorization"":{""AuthNumber"":""3305"",""ErrorCode"":""0"",""ErrorDescription"":""0"",""Fee"":4.95,""OrderId"":""3305"",""RegisterTime"":""2025-06-04T17:16:24.334-07:00"",""TransactionNumber"":2025060417154706},""Operation"":{""Amount"":200.0,""BillDespensed"":200.0,""CardNumber"":""9014"",""HostIP"":"""",""RegistrationDatetime"":""2025-06-04T17:16:24.334-07:00"",""SequenceNumber"":""2025060417154706"",""Status"":""COMPLETED""},""TransactionDetail"":{""Amount"":200.0,""DispensedTotal"":200.0,""BillDenom_01"":1,""BillDenom_02"":5,""BillDenom_03"":10,""BillDenom_04"":20,""BillDenom_05"":50,""BillDenom_06"":100,""CoinDenom_01"":1,""CoinDenom_02"":5,""CoinDenom_03"":10,""CoinDenom_04"":25,""CoinDenom_05"":0,""CoinDenom_06"":0,""BillCount_01"":0,""BillCount_02"":0,""BillCount_03"":0,""BillCount_04"":0,""BillCount_05"":0,""BillCount_06"":2,""CoinCount_01"":0,""CoinCount_02"":0,""CoinCount_03"":0,""CoinCount_04"":0,""CoinCount_05"":0,""CoinCount_06"":0,""ManualPay"":0.0,""TransactionNumber"":0,""TransactionType"":""WDRAWTX""}}'",2025-06-04 17:16:24.334-07:00,2025060417154706,200.0,200.0,COMPLETED,3305,9014,nan,WDRAWTX,ATM
"___17:19:44 403002 ATM.     'Posting Transaction Result  0:{""type"":""ATM"",""accountType"":""CHEKAC"",""seqNumber"":""2025060417190906"",""Authorization"":{""AuthNumber"":""3306"",""ErrorCode"":""0"",""ErrorDescription"":""0"",""Fee"":4.95,""OrderId"":""3306"",""RegisterTime"":""2025-06-04T17:19:43.971-07:00"",""TransactionNumber"":2025060417190906},""Operation"":{""Amount"":120.0,""BillDespensed"":120.0,""CardNumber"":""7440"",""HostIP"":"""",""RegistrationDatetime"":""2025-06-04T17:19:43.971-07:00"",""SequenceNumber"":""2025060417190906"",""Status"":""COMPLETED""},""TransactionDetail"":{""Amount"":120.0,""DispensedTotal"":120.0,""BillDenom_01"":1,""BillDenom_02"":5,""BillDenom_03"":10,""BillDenom_04"":20,""BillDenom_05"":50,""BillDenom_06"":100,""CoinDenom_01"":1,""CoinDenom_02"":5,""CoinDenom_03"":10,""CoinDenom_04"":25,""CoinDenom_05"":0,""CoinDenom_06"":0,""BillCount_01"":0,""BillCount_02"":0,""BillCount_03"":0,""BillCount_04"":1,""BillCount_05"":0,""BillCount_06"":1,""CoinCount_01"":0,""CoinCount_02"":0,""CoinCount_03"":0,""CoinCount_04"":0,""CoinCount_05"":0,""CoinCount_06"":0,""ManualPay"":0.0,""TransactionNumber"":0,""TransactionType"":""WDRAWTX""}}'",2025-06-04 17:19:43.971-07:00,2025060417190906,120.0,120.0,COMPLETED,3306,7440,nan,WDRAWTX,ATM
"___17:26:11 403002 ATM.     'Posting Transaction Result  0:{""type"":""ATM"",""accountType"":""CHEKAC"",""seqNumber"":""2025060417255706"",""Authorization"":{""ErrorCode"":""0"",""ErrorDescription"":""0"",""Fee"":0.0,""RegisterTime"":""2025-06-04T17:26:11.205-07:00"",""TransactionNumber"":2025060417255706},""Operation"":{""Amount"":60.0,""BillDespensed"":0.0,""CardNumber"":""2155"",""HostIP"":"""",""RegistrationDatetime"":""2025-06-04T17:26:11.205-07:00"",""SequenceNumber"":""2025060417255706"",""Status"":""DENIED""},""TransactionDetail"":{""Amount"":60.0,""DispensedTotal"":0.0,""BillDenom_01"":1,""BillDenom_02"":5,""BillDenom_03"":10,""BillDenom_04"":20,""BillDenom_05"":50,""BillDenom_06"":100,""CoinDenom_01"":1,""CoinDenom_02"":5,""CoinDenom_03"":10,""CoinDenom_04"":25,""CoinDenom_05"":0,""CoinDenom_06"":0,""BillCount_01"":0,""BillCount_02"":0,""BillCount_03"":0,""BillCount_04"":0,""BillCount_05"":0,""BillCount_06"":0,""CoinCount_01"":0,""CoinCount_02"":0,""CoinCount_03"":0,""CoinCount_04"":0,""CoinCount_05"":0,""CoinCount_06"":0,""ManualPay"":0.0,""TransactionNumber"":0,""TransactionType"":""WDRAWTX""}}'",2025-06-04 17:26:11.205-07:00,2025060417255706,60.0,0.0,DENIED,nan,2155,nan,WDRAWTX,ATM
"___17:29:14 403002 ATM.     'Posting Transaction Result  0:{""type"":""ATM"",""accountType"":""CHEKAC"",""seqNumber"":""2025060417284306"",""Authorization"":{""AuthNumber"":""3308"",""ErrorCode"":""0"",""ErrorDescription"":""0"",""Fee"":4.95,""OrderId"":""3308"",""RegisterTime"":""2025-06-04T17:29:14.775-07:00"",""TransactionNumber"":2025060417284306},""Operation"":{""Amount"":500.0,""BillDespensed"":500.0,""CardNumber"":""7938"",""HostIP"":"""",""RegistrationDatetime"":""2025-06-04T17:29:14.775-07:00"",""SequenceNumber"":""2025060417284306"",""Status"":""COMPLETED""},""TransactionDetail"":{""Amount"":500.0,""DispensedTotal"":500.0,""BillDenom_01"":1,""BillDenom_02"":5,""BillDenom_03"":10,""BillDenom_04"":20,""BillDenom_05"":50,""BillDenom_06"":100,""CoinDenom_01"":1,""CoinDenom_02"":5,""CoinDenom_03"":10,""CoinDenom_04"":25,""CoinDenom_05"":0,""CoinDenom_06"":0,""BillCount_01"":0,""BillCount_02"":0,""BillCount_03"":0,""BillCount_04"":0,""BillCount_05"":0,""BillCount_06"":5,""CoinCount_01"":0,""CoinCount_02"":0,""CoinCount_03"":0,""CoinCount_04"":0,""CoinCount_05"":0,""CoinCount_06"":0,""ManualPay"":0.0,""TransactionNumber"":0,""TransactionType"":""WDRAWTX""}}'",2025-06-04 17:29:14.775-07:00,2025060417284306,500.0,500.0,COMPLETED,3308,7938,nan,WDRAWTX,ATM
"___17:58:00 403002 ATM.     'Posting Transaction Result  0:{""type"":""ATM"",""accountType"":""CHEKAC"",""seqNumber"":""2025060417572506"",""Authorization"":{""AuthNumber"":""3309"",""ErrorCode"":""0"",""ErrorDescription"":""0"",""Fee"":4.95,""OrderId"":""3309"",""RegisterTime"":""2025-06-04T17:58:00.888-07:00"",""TransactionNumber"":2025060417572506},""Operation"":{""Amount"":300.0,""BillDespensed"":300.0,""CardNumber"":""1664"",""HostIP"":"""",""RegistrationDatetime"":""2025-06-04T17:58:00.888-07:00"",""SequenceNumber"":""2025060417572506"",""Status"":""COMPLETED""},""TransactionDetail"":{""Amount"":300.0,""DispensedTotal"":300.0,""BillDenom_01"":1,""BillDenom_02"":5,""BillDenom_03"":10,""BillDenom_04"":20,""BillDenom_05"":50,""BillDenom_06"":100,""CoinDenom_01"":1,""CoinDenom_02"":5,""CoinDenom_03"":10,""CoinDenom_04"":25,""CoinDenom_05"":0,""CoinDenom_06"":0,""BillCount_01"":0,""BillCount_02"":0,""BillCount_03"":0,""BillCount_04"":0,""BillCount_05"":0,""BillCount_06"":3,""CoinCount_01"":0,""CoinCount_02"":0,""CoinCount_03"":0,""CoinCount_04"":0,""CoinCount_05"":0,""CoinCount_06"":0,""ManualPay"":0.0,""TransactionNumber"":0,""TransactionType"":""WDRAWTX""}}'",2025-06-04 17:58:00.888-07:00,2025060417572506,300.0,300.0,COMPLETED,3309,1664,nan,WDRAWTX,ATM
"___18:18:32 403002 ATM.     'Posting Transaction Result  0:{""type"":""ATM"",""accountType"":""CHEKAC"",""seqNumber"":""2025060418181606"",""Authorization"":{""ErrorCode"":""0"",""ErrorDescription"":""0"",""Fee"":0.0,""RegisterTime"":""2025-06-04T18:18:32.024-07:00"",""TransactionNumber"":2025060418181606},""Operation"":{""Amount"":200.0,""BillDespensed"":0.0,""CardNumber"":""5603"",""HostIP"":"""",""RegistrationDatetime"":""2025-06-04T18:18:32.024-07:00"",""SequenceNumber"":""2025060418181606"",""Status"":""DENIED""},""TransactionDetail"":{""Amount"":200.0,""DispensedTotal"":0.0,""BillDenom_01"":1,""BillDenom_02"":5,""BillDenom_03"":10,""BillDenom_04"":20,""BillDenom_05"":50,""BillDenom_06"":100,""CoinDenom_01"":1,""CoinDenom_02"":5,""CoinDenom_03"":10,""CoinDenom_04"":25,""CoinDenom_05"":0,""CoinDenom_06"":0,""BillCount_01"":0,""BillCount_02"":0,""BillCount_03"":0,""BillCount_04"":0,""BillCount_05"":0,""BillCount_06"":0,""CoinCount_01"":0,""CoinCount_02"":0,""CoinCount_03"":0,""CoinCount_04"":0,""CoinCount_05"":0,""CoinCount_06"":0,""ManualPay"":0.0,""TransactionNumber"":0,""TransactionType"":""WDRAWTX""}}'",2025-06-04 18:18:32.024-07:00,2025060418181606,200.0,0.0,DENIED,nan,5603,nan,WDRAWTX,ATM
"___18:35:18 403002 ATM.     'Posting Transaction Result  0:{""type"":""ATM"",""accountType"":""CHEKAC"",""seqNumber"":""2025060418344906"",""Authorization"":{""AuthNumber"":""3312"",""ErrorCode"":""0"",""ErrorDescription"":""0"",""Fee"":4.95,""OrderId"":""3312"",""RegisterTime"":""2025-06-04T18:35:18.019-07:00"",""TransactionNumber"":2025060418344906},""Operation"":{""Amount"":300.0,""BillDespensed"":300.0,""CardNumber"":""1654"",""HostIP"":"""",""RegistrationDatetime"":""2025-06-04T18:35:18.019-07:00"",""SequenceNumber"":""2025060418344906"",""Status"":""COMPLETED""},""TransactionDetail"":{""Amount"":300.0,""DispensedTotal"":300.0,""BillDenom_01"":1,""BillDenom_02"":5,""BillDenom_03"":10,""BillDenom_04"":20,""BillDenom_05"":50,""BillDenom_06"":100,""CoinDenom_01"":1,""CoinDenom_02"":5,""CoinDenom_03"":10,""CoinDenom_04"":25,""CoinDenom_05"":0,""CoinDenom_06"":0,""BillCount_01"":0,""BillCount_02"":0,""BillCount_03"":0,""BillCount_04"":0,""BillCount_05"":0,""BillCount_06"":3,""CoinCount_01"":0,""CoinCount_02"":0,""CoinCount_03"":0,""CoinCount_04"":0,""CoinCount_05"":0,""CoinCount_06"":0,""ManualPay"":0.0,""TransactionNumber"":0,""TransactionType"":""WDRAWTX""}}'",2025-06-04 18:35:18.019-07:00,2025060418344906,300.0,300.0,COMPLETED,3312,1654,nan,WDRAWTX,ATM
"___18:57:24 403002 ATM.     'Posting Transaction Result  0:{""type"":""ATM"",""accountType"":""CHEKAC"",""seqNumber"":""2025060418564906"",""Authorization"":{""AuthNumber"":""3313"",""ErrorCode"":""0"",""ErrorDescription"":""0"",""Fee"":4.95,""OrderId"":""3313"",""RegisterTime"":""2025-06-04T18:57:24.748-07:00"",""TransactionNumber"":2025060418564906},""Operation"":{""Amount"":200.0,""BillDespensed"":200.0,""CardNumber"":""7114"",""HostIP"":"""",""RegistrationDatetime"":""2025-06-04T18:57:24.748-07:00"",""SequenceNumber"":""2025060418564906"",""Status"":""COMPLETED""},""TransactionDetail"":{""Amount"":200.0,""DispensedTotal"":200.0,""BillDenom_01"":1,""BillDenom_02"":5,""BillDenom_03"":10,""BillDenom_04"":20,""BillDenom_05"":50,""BillDenom_06"":100,""CoinDenom_01"":1,""CoinDenom_02"":5,""CoinDenom_03"":10,""CoinDenom_04"":25,""CoinDenom_05"":0,""CoinDenom_06"":0,""BillCount_01"":0,""BillCount_02"":0,""BillCount_03"":0,""BillCount_04"":0,""BillCount_05"":0,""BillCount_06"":2,""CoinCount_01"":0,""CoinCount_02"":0,""CoinCount_03"":0,""CoinCount_04"":0,""CoinCount_05"":0,""CoinCount_06"":0,""ManualPay"":0.0,""TransactionNumber"":0,""TransactionType"":""WDRAWTX""}}'",2025-06-04 18:57:24.748-07:00,2025060418564906,200.0,200.0,COMPLETED,3313,7114,nan,WDRAWTX,ATM
"___19:20:23 403002 ATM.     'Posting Transaction Result  0:{""type"":""ATM"",""accountType"":""CHEKAC"",""seqNumber"":""2025060419195006"",""Authorization"":{""AuthNumber"":""3315"",""ErrorCode"":""0"",""ErrorDescription"":""0"",""Fee"":4.95,""OrderId"":""3315"",""RegisterTime"":""2025-06-04T19:20:23.696-07:00"",""TransactionNumber"":2025060419195006},""Operation"":{""Amount"":100.0,""BillDespensed"":100.0,""CardNumber"":""7747"",""HostIP"":"""",""RegistrationDatetime"":""2025-06-04T19:20:23.696-07:00"",""SequenceNumber"":""2025060419195006"",""Status"":""COMPLETED""},""TransactionDetail"":{""Amount"":100.0,""DispensedTotal"":100.0,""BillDenom_01"":1,""BillDenom_02"":5,""BillDenom_03"":10,""BillDenom_04"":20,""BillDenom_05"":50,""BillDenom_06"":100,""CoinDenom_01"":1,""CoinDenom_02"":5,""CoinDenom_03"":10,""CoinDenom_04"":25,""CoinDenom_05"":0,""CoinDenom_06"":0,""BillCount_01"":0,""BillCount_02"":0,""BillCount_03"":0,""BillCount_04"":0,""BillCount_05"":0,""BillCount_06"":1,""CoinCount_01"":0,""CoinCount_02"":0,""CoinCount_03"":0,""CoinCount_04"":0,""CoinCount_05"":0,""CoinCount_06"":0,""ManualPay"":0.0,""TransactionNumber"":0,""TransactionType"":""WDRAWTX""}}'",2025-06-04 19:20:23.696-07:00,2025060419195006,100.0,100.0,COMPLETED,3315,7747,nan,WDRAWTX,ATM
"___19:33:57 403002 ATM.     'Posting Transaction Result  0:{""type"":""ATM"",""accountType"":""CHEKAC"",""seqNumber"":""2025060419332406"",""Authorization"":{""AuthNumber"":""3316"",""ErrorCode"":""0"",""ErrorDescription"":""0"",""Fee"":4.95,""OrderId"":""3316"",""RegisterTime"":""2025-06-04T19:33:57.127-07:00"",""TransactionNumber"":2025060419332406},""Operation"":{""Amount"":240.0,""BillDespensed"":240.0,""CardNumber"":""5892"",""HostIP"":"""",""RegistrationDatetime"":""2025-06-04T19:33:57.127-07:00"",""SequenceNumber"":""2025060419332406"",""Status"":""COMPLETED""},""TransactionDetail"":{""Amount"":240.0,""DispensedTotal"":240.0,""BillDenom_01"":1,""BillDenom_02"":5,""BillDenom_03"":10,""BillDenom_04"":20,""BillDenom_05"":50,""BillDenom_06"":100,""CoinDenom_01"":1,""CoinDenom_02"":5,""CoinDenom_03"":10,""CoinDenom_04"":25,""CoinDenom_05"":0,""CoinDenom_06"":0,""BillCount_01"":0,""BillCount_02"":0,""BillCount_03"":0,""BillCount_04"":2,""BillCount_05"":0,""BillCount_06"":2,""CoinCount_01"":0,""CoinCount_02"":0,""CoinCount_03"":0,""CoinCount_04"":0,""CoinCount_05"":0,""CoinCount_06"":0,""ManualPay"":0.0,""TransactionNumber"":0,""TransactionType"":""WDRAWTX""}}'",2025-06-04 19:33:57.127-07:00,2025060419332406,240.0,240.0,COMPLETED,3316,5892,nan,WDRAWTX,ATM
"___19:41:56 403002 ATM.     'Posting Transaction Result  0:{""type"":""ATM"",""accountType"":""CHEKAC"",""seqNumber"":""2025060419412706"",""Authorization"":{""AuthNumber"":""3317"",""ErrorCode"":""0"",""ErrorDescription"":""0"",""Fee"":4.95,""OrderId"":""3317"",""RegisterTime"":""2025-06-04T19:41:56.047-07:00"",""TransactionNumber"":2025060419412706},""Operation"":{""Amount"":500.0,""BillDespensed"":500.0,""CardNumber"":""5058"",""HostIP"":"""",""RegistrationDatetime"":""2025-06-04T19:41:56.047-07:00"",""SequenceNumber"":""2025060419412706"",""Status"":""COMPLETED""},""TransactionDetail"":{""Amount"":500.0,""DispensedTotal"":500.0,""BillDenom_01"":1,""BillDenom_02"":5,""BillDenom_03"":10,""BillDenom_04"":20,""BillDenom_05"":50,""BillDenom_06"":100,""CoinDenom_01"":1,""CoinDenom_02"":5,""CoinDenom_03"":10,""CoinDenom_04"":25,""CoinDenom_05"":0,""CoinDenom_06"":0,""BillCount_01"":0,""BillCount_02"":0,""BillCount_03"":0,""BillCount_04"":0,""BillCount_05"":0,""BillCount_06"":5,""CoinCount_01"":0,""CoinCount_02"":0,""CoinCount_03"":0,""CoinCount_04"":0,""CoinCount_05"":0,""CoinCount_06"":0,""ManualPay"":0.0,""TransactionNumber"":0,""TransactionType"":""WDRAWTX""}}'",2025-06-04 19:41:56.047-07:00,2025060419412706,500.0,500.0,COMPLETED,3317,5058,nan,WDRAWTX,ATM
"___19:43:48 403002 ATM.     'Posting Transaction Result  0:{""type"":""ATM"",""accountType"":""CHEKAC"",""seqNumber"":""2025060419433206"",""Authorization"":{""ErrorCode"":""0"",""ErrorDescription"":""0"",""Fee"":0.0,""RegisterTime"":""2025-06-04T19:43:48.617-07:00"",""TransactionNumber"":2025060419433206},""Operation"":{""Amount"":0.0,""BillDespensed"":0.0,""CardNumber"":""0356"",""HostIP"":"""",""RegistrationDatetime"":""2025-06-04T19:43:48.617-07:00"",""SequenceNumber"":""2025060419433206"",""Status"":""COMPLETED""},""TransactionDetail"":{""Amount"":0.0,""DispensedTotal"":0.0,""BillDenom_01"":1,""BillDenom_02"":5,""BillDenom_03"":10,""BillDenom_04"":20,""BillDenom_05"":50,""BillDenom_06"":100,""CoinDenom_01"":1,""CoinDenom_02"":5,""CoinDenom_03"":10,""CoinDenom_04"":25,""CoinDenom_05"":0,""CoinDenom_06"":0,""BillCount_01"":0,""BillCount_02"":0,""BillCount_03"":0,""BillCount_04"":0,""BillCount_05"":0,""BillCount_06"":0,""CoinCount_01"":0,""CoinCount_02"":0,""CoinCount_03"":0,""CoinCount_04"":0,""CoinCount_05"":0,""CoinCount_06"":0,""ManualPay"":0.0,""TransactionNumber"":0,""TransactionType"":""BLNCINQRTX""}}'",2025-06-04 19:43:48.617-07:00,2025060419433206,0.0,0.0,COMPLETED,nan,0356,nan,BLNCINQRTX,ATM
"___19:44:19 403002 ATM.     'Posting Transaction Result  0:{""type"":""ATM"",""accountType"":""CHEKAC"",""seqNumber"":""2025060419440106"",""Authorization"":{""ErrorCode"":""0"",""ErrorDescription"":""0"",""Fee"":0.0,""RegisterTime"":""2025-06-04T19:44:19.222-07:00"",""TransactionNumber"":2025060419440106},""Operation"":{""Amount"":200.0,""BillDespensed"":0.0,""CardNumber"":""0356"",""HostIP"":"""",""RegistrationDatetime"":""2025-06-04T19:44:19.222-07:00"",""SequenceNumber"":""2025060419440106"",""Status"":""DENIED""},""TransactionDetail"":{""Amount"":200.0,""DispensedTotal"":0.0,""BillDenom_01"":1,""BillDenom_02"":5,""BillDenom_03"":10,""BillDenom_04"":20,""BillDenom_05"":50,""BillDenom_06"":100,""CoinDenom_01"":1,""CoinDenom_02"":5,""CoinDenom_03"":10,""CoinDenom_04"":25,""CoinDenom_05"":0,""CoinDenom_06"":0,""BillCount_01"":0,""BillCount_02"":0,""BillCount_03"":0,""BillCount_04"":0,""BillCount_05"":0,""BillCount_06"":0,""CoinCount_01"":0,""CoinCount_02"":0,""CoinCount_03"":0,""CoinCount_04"":0,""CoinCount_05"":0,""CoinCount_06"":0,""ManualPay"":0.0,""TransactionNumber"":0,""TransactionType"":""WDRAWTX""}}'",2025-06-04 19:44:19.222-07:00,2025060419440106,200.0,0.0,DENIED,nan,0356,nan,WDRAWTX,ATM
"___20:00:04 403002 ATM.     'Posting Transaction Result  0:{""type"":""ATM"",""accountType"":""CHEKAC"",""seqNumber"":""2025060419591906"",""Authorization"":{""AuthNumber"":""3320"",""ErrorCode"":""0"",""ErrorDescription"":""0"",""Fee"":4.95,""OrderId"":""3320"",""RegisterTime"":""2025-06-04T20:00:04.624-07:00"",""TransactionNumber"":2025060419591906},""Operation"":{""Amount"":400.0,""BillDespensed"":400.0,""CardNumber"":""2907"",""HostIP"":"""",""RegistrationDatetime"":""2025-06-04T20:00:04.624-07:00"",""SequenceNumber"":""2025060419591906"",""Status"":""COMPLETED""},""TransactionDetail"":{""Amount"":400.0,""DispensedTotal"":400.0,""BillDenom_01"":1,""BillDenom_02"":5,""BillDenom_03"":10,""BillDenom_04"":20,""BillDenom_05"":50,""BillDenom_06"":100,""CoinDenom_01"":1,""CoinDenom_02"":5,""CoinDenom_03"":10,""CoinDenom_04"":25,""CoinDenom_05"":0,""CoinDenom_06"":0,""BillCount_01"":0,""BillCount_02"":0,""BillCount_03"":0,""BillCount_04"":0,""BillCount_05"":0,""BillCount_06"":4,""CoinCount_01"":0,""CoinCount_02"":0,""CoinCount_03"":0,""CoinCount_04"":0,""CoinCount_05"":0,""CoinCount_06"":0,""ManualPay"":0.0,""TransactionNumber"":0,""TransactionType"":""WDRAWTX""}}'",2025-06-04 20:00:04.624-07:00,2025060419591906,400.0,400.0,COMPLETED,3320,2907,nan,WDRAWTX,ATM
"___21:07:48 403002 ATM.     'Posting Transaction Result  0:{""type"":""ATM"",""accountType"":""CHEKAC"",""seqNumber"":""2025060421071106"",""Authorization"":{""AuthNumber"":""3321"",""ErrorCode"":""0"",""ErrorDescription"":""0"",""Fee"":4.95,""OrderId"":""3321"",""RegisterTime"":""2025-06-04T21:07:48.245-07:00"",""TransactionNumber"":2025060421071106},""Operation"":{""Amount"":200.0,""BillDespensed"":200.0,""CardNumber"":""0505"",""HostIP"":"""",""RegistrationDatetime"":""2025-06-04T21:07:48.245-07:00"",""SequenceNumber"":""2025060421071106"",""Status"":""COMPLETED""},""TransactionDetail"":{""Amount"":200.0,""DispensedTotal"":200.0,""BillDenom_01"":1,""BillDenom_02"":5,""BillDenom_03"":10,""BillDenom_04"":20,""BillDenom_05"":50,""BillDenom_06"":100,""CoinDenom_01"":1,""CoinDenom_02"":5,""CoinDenom_03"":10,""CoinDenom_04"":25,""CoinDenom_05"":0,""CoinDenom_06"":0,""BillCount_01"":0,""BillCount_02"":0,""BillCount_03"":0,""BillCount_04"":0,""BillCount_05"":0,""BillCount_06"":2,""CoinCount_01"":0,""CoinCount_02"":0,""CoinCount_03"":0,""CoinCount_04"":0,""CoinCount_05"":0,""CoinCount_06"":0,""ManualPay"":0.0,""TransactionNumber"":0,""TransactionType"":""WDRAWTX""}}'",2025-06-04 21:07:48.245-07:00,2025060421071106,200.0,200.0,COMPLETED,3321,0505,nan,WDRAWTX,ATM
"___21:55:12 403002 ATM.     'Posting Transaction Result  0:{""type"":""ATM"",""accountType"":""CHEKAC"",""seqNumber"":""2025060421543906"",""Authorization"":{""AuthNumber"":""3322"",""ErrorCode"":""0"",""ErrorDescription"":""0"",""Fee"":4.95,""OrderId"":""3322"",""RegisterTime"":""2025-06-04T21:55:12.014-07:00"",""TransactionNumber"":2025060421543906},""Operation"":{""Amount"":60.0,""BillDespensed"":60.0,""CardNumber"":""6247"",""HostIP"":"""",""RegistrationDatetime"":""2025-06-04T21:55:12.014-07:00"",""SequenceNumber"":""2025060421543906"",""Status"":""COMPLETED""},""TransactionDetail"":{""Amount"":60.0,""DispensedTotal"":60.0,""BillDenom_01"":1,""BillDenom_02"":5,""BillDenom_03"":10,""BillDenom_04"":20,""BillDenom_05"":50,""BillDenom_06"":100,""CoinDenom_01"":1,""CoinDenom_02"":5,""CoinDenom_03"":10,""CoinDenom_04"":25,""CoinDenom_05"":0,""CoinDenom_06"":0,""BillCount_01"":0,""BillCount_02"":0,""BillCount_03"":0,""BillCount_04"":3,""BillCount_05"":0,""BillCount_06"":0,""CoinCount_01"":0,""CoinCount_02"":0,""CoinCount_03"":0,""CoinCount_04"":0,""CoinCount_05"":0,""CoinCount_06"":0,""ManualPay"":0.0,""TransactionNumber"":0,""TransactionType"":""WDRAWTX""}}'",2025-06-04 21:55:12.014-07:00,2025060421543906,60.0,60.0,COMPLETED,3322,6247,nan,WDRAWTX,ATM
"___22:08:57 403002 ATM.     'Posting Transaction Result  0:{""type"":""ATM"",""accountType"":""CHEKAC"",""seqNumber"":""2025060422084106"",""Authorization"":{""ErrorCode"":""0"",""ErrorDescription"":""0"",""Fee"":0.0,""RegisterTime"":""2025-06-04T22:08:57.263-07:00"",""TransactionNumber"":2025060422084106},""Operation"":{""Amount"":300.0,""BillDespensed"":0.0,""CardNumber"":""1709"",""HostIP"":"""",""RegistrationDatetime"":""2025-06-04T22:08:57.263-07:00"",""SequenceNumber"":""2025060422084106"",""Status"":""DENIED""},""TransactionDetail"":{""Amount"":300.0,""DispensedTotal"":0.0,""BillDenom_01"":1,""BillDenom_02"":5,""BillDenom_03"":10,""BillDenom_04"":20,""BillDenom_05"":50,""BillDenom_06"":100,""CoinDenom_01"":1,""CoinDenom_02"":5,""CoinDenom_03"":10,""CoinDenom_04"":25,""CoinDenom_05"":0,""CoinDenom_06"":0,""BillCount_01"":0,""BillCount_02"":0,""BillCount_03"":0,""BillCount_04"":0,""BillCount_05"":0,""BillCount_06"":0,""CoinCount_01"":0,""CoinCount_02"":0,""CoinCount_03"":0,""CoinCount_04"":0,""CoinCount_05"":0,""CoinCount_06"":0,""ManualPay"":0.0,""TransactionNumber"":0,""TransactionType"":""WDRAWTX""}}'",2025-06-04 22:08:57.263-07:00,2025060422084106,300.0,0.0,DENIED,nan,1709,nan,WDRAWTX,ATM
"___22:10:32 403002 ATM.     'Posting Transaction Result  0:{""type"":""ATM"",""accountType"":""CHEKAC"",""seqNumber"":""2025060422095706"",""Authorization"":{""AuthNumber"":""3324"",""ErrorCode"":""0"",""ErrorDescription"":""0"",""Fee"":4.95,""OrderId"":""3324"",""RegisterTime"":""2025-06-04T22:10:32.325-07:00"",""TransactionNumber"":2025060422095706},""Operation"":{""Amount"":300.0,""BillDespensed"":300.0,""CardNumber"":""1709"",""HostIP"":"""",""RegistrationDatetime"":""2025-06-04T22:10:32.325-07:00"",""SequenceNumber"":""2025060422095706"",""Status"":""COMPLETED""},""TransactionDetail"":{""Amount"":300.0,""DispensedTotal"":300.0,""BillDenom_01"":1,""BillDenom_02"":5,""BillDenom_03"":10,""BillDenom_04"":20,""BillDenom_05"":50,""BillDenom_06"":100,""CoinDenom_01"":1,""CoinDenom_02"":5,""CoinDenom_03"":10,""CoinDenom_04"":25,""CoinDenom_05"":0,""CoinDenom_06"":0,""BillCount_01"":0,""BillCount_02"":0,""BillCount_03"":0,""BillCount_04"":0,""BillCount_05"":0,""BillCount_06"":3,""CoinCount_01"":0,""CoinCount_02"":0,""CoinCount_03"":0,""CoinCount_04"":0,""CoinCount_05"":0,""CoinCount_06"":0,""ManualPay"":0.0,""TransactionNumber"":0,""TransactionType"":""WDRAWTX""}}'",2025-06-04 22:10:32.325-07:00,2025060422095706,300.0,300.0,COMPLETED,3324,1709,nan,WDRAWTX,ATM
"___22:11:54 403002 ATM.     'Posting Transaction Result  0:{""type"":""ATM"",""accountType"":""CHEKAC"",""seqNumber"":""2025060422113806"",""Authorization"":{""ErrorCode"":""0"",""ErrorDescription"":""0"",""Fee"":0.0,""RegisterTime"":""2025-06-04T22:11:54.899-07:00"",""TransactionNumber"":2025060422113806},""Operation"":{""Amount"":0.0,""BillDespensed"":0.0,""CardNumber"":""9858"",""HostIP"":"""",""RegistrationDatetime"":""2025-06-04T22:11:54.899-07:00"",""SequenceNumber"":""2025060422113806"",""Status"":""COMPLETED""},""TransactionDetail"":{""Amount"":0.0,""DispensedTotal"":0.0,""BillDenom_01"":1,""BillDenom_02"":5,""BillDenom_03"":10,""BillDenom_04"":20,""BillDenom_05"":50,""BillDenom_06"":100,""CoinDenom_01"":1,""CoinDenom_02"":5,""CoinDenom_03"":10,""CoinDenom_04"":25,""CoinDenom_05"":0,""CoinDenom_06"":0,""BillCount_01"":0,""BillCount_02"":0,""BillCount_03"":0,""BillCount_04"":0,""BillCount_05"":0,""BillCount_06"":0,""CoinCount_01"":0,""CoinCount_02"":0,""CoinCount_03"":0,""CoinCount_04"":0,""CoinCount_05"":0,""CoinCount_06"":0,""ManualPay"":0.0,""TransactionNumber"":0,""TransactionType"":""BLNCINQRTX""}}'",2025-06-04 22:11:54.899-07:00,2025060422113806,0.0,0.0,COMPLETED,nan,9858,nan,BLNCINQRTX,ATM
"___22:12:53 403002 ATM.     'Posting Transaction Result  0:{""type"":""ATM"",""accountType"":""CHEKAC"",""seqNumber"":""2025060422121606"",""Authorization"":{""AuthNumber"":""3326"",""ErrorCode"":""0"",""ErrorDescription"":""0"",""Fee"":4.95,""OrderId"":""3326"",""RegisterTime"":""2025-06-04T22:12:53.038-07:00"",""TransactionNumber"":2025060422121606},""Operation"":{""Amount"":80.0,""BillDespensed"":80.0,""CardNumber"":""9858"",""HostIP"":"""",""RegistrationDatetime"":""2025-06-04T22:12:53.038-07:00"",""SequenceNumber"":""2025060422121606"",""Status"":""COMPLETED""},""TransactionDetail"":{""Amount"":80.0,""DispensedTotal"":80.0,""BillDenom_01"":1,""BillDenom_02"":5,""BillDenom_03"":10,""BillDenom_04"":20,""BillDenom_05"":50,""BillDenom_06"":100,""CoinDenom_01"":1,""CoinDenom_02"":5,""CoinDenom_03"":10,""CoinDenom_04"":25,""CoinDenom_05"":0,""CoinDenom_06"":0,""BillCount_01"":0,""BillCount_02"":0,""BillCount_03"":0,""BillCount_04"":4,""BillCount_05"":0,""BillCount_06"":0,""CoinCount_01"":0,""CoinCount_02"":0,""CoinCount_03"":0,""CoinCount_04"":0,""CoinCount_05"":0,""CoinCount_06"":0,""ManualPay"":0.0,""TransactionNumber"":0,""TransactionType"":""WDRAWTX""}}'",2025-06-04 22:12:53.038-07:00,2025060422121606,80.0,80.0,COMPLETED,3326,9858,nan,WDRAWTX,ATM
"___22:25:57 403002 ATM.     'Posting Transaction Result  0:{""type"":""ATM"",""accountType"":""CHEKAC"",""seqNumber"":""2025060422251206"",""Authorization"":{""AuthNumber"":""3327"",""ErrorCode"":""0"",""ErrorDescription"":""0"",""Fee"":4.95,""OrderId"":""3327"",""RegisterTime"":""2025-06-04T22:25:57.133-07:00"",""TransactionNumber"":2025060422251206},""Operation"":{""Amount"":300.0,""BillDespensed"":300.0,""CardNumber"":""2588"",""HostIP"":"""",""RegistrationDatetime"":""2025-06-04T22:25:57.133-07:00"",""SequenceNumber"":""2025060422251206"",""Status"":""COMPLETED""},""TransactionDetail"":{""Amount"":300.0,""DispensedTotal"":300.0,""BillDenom_01"":1,""BillDenom_02"":5,""BillDenom_03"":10,""BillDenom_04"":20,""BillDenom_05"":50,""BillDenom_06"":100,""CoinDenom_01"":1,""CoinDenom_02"":5,""CoinDenom_03"":10,""CoinDenom_04"":25,""CoinDenom_05"":0,""CoinDenom_06"":0,""BillCount_01"":0,""BillCount_02"":0,""BillCount_03"":0,""BillCount_04"":0,""BillCount_05"":0,""BillCount_06"":3,""CoinCount_01"":0,""CoinCount_02"":0,""CoinCount_03"":0,""CoinCount_04"":0,""CoinCount_05"":0,""CoinCount_06"":0,""ManualPay"":0.0,""TransactionNumber"":0,""TransactionType"":""WDRAWTX""}}'",2025-06-04 22:25:57.133-07:00,2025060422251206,300.0,300.0,COMPLETED,3327,2588,nan,WDRAWTX,ATM
"___22:34:45 403002 ATM.     'Posting Transaction Result  0:{""type"":""ATM"",""accountType"":""CHEKAC"",""seqNumber"":""2025060422335806"",""Authorization"":{""AuthNumber"":""3329"",""ErrorCode"":""0"",""ErrorDescription"":""0"",""Fee"":4.95,""OrderId"":""3329"",""RegisterTime"":""2025-06-04T22:34:45.094-07:00"",""TransactionNumber"":2025060422335806},""Operation"":{""Amount"":200.0,""BillDespensed"":200.0,""CardNumber"":""0265"",""HostIP"":"""",""RegistrationDatetime"":""2025-06-04T22:34:45.094-07:00"",""SequenceNumber"":""2025060422335806"",""Status"":""COMPLETED""},""TransactionDetail"":{""Amount"":200.0,""DispensedTotal"":200.0,""BillDenom_01"":1,""BillDenom_02"":5,""BillDenom_03"":10,""BillDenom_04"":20,""BillDenom_05"":50,""BillDenom_06"":100,""CoinDenom_01"":1,""CoinDenom_02"":5,""CoinDenom_03"":10,""CoinDenom_04"":25,""CoinDenom_05"":0,""CoinDenom_06"":0,""BillCount_01"":0,""BillCount_02"":0,""BillCount_03"":0,""BillCount_04"":0,""BillCount_05"":0,""BillCount_06"":2,""CoinCount_01"":0,""CoinCount_02"":0,""CoinCount_03"":0,""CoinCount_04"":0,""CoinCount_05"":0,""CoinCount_06"":0,""ManualPay"":0.0,""TransactionNumber"":0,""TransactionType"":""WDRAWTX""}}'",2025-06-04 22:34:45.094-07:00,2025060422335806,200.0,200.0,COMPLETED,3329,0265,nan,WDRAWTX,ATM
"___22:53:28 403002 ATM.     'Posting Transaction Result  0:{""type"":""ATM"",""accountType"":""CHEKAC"",""seqNumber"":""2025060422525706"",""Authorization"":{""AuthNumber"":""3330"",""ErrorCode"":""0"",""ErrorDescription"":""0"",""Fee"":4.95,""OrderId"":""3330"",""RegisterTime"":""2025-06-04T22:53:28.106-07:00"",""TransactionNumber"":2025060422525706},""Operation"":{""Amount"":100.0,""BillDespensed"":100.0,""CardNumber"":""1422"",""HostIP"":"""",""RegistrationDatetime"":""2025-06-04T22:53:28.106-07:00"",""SequenceNumber"":""2025060422525706"",""Status"":""COMPLETED""},""TransactionDetail"":{""Amount"":100.0,""DispensedTotal"":100.0,""BillDenom_01"":1,""BillDenom_02"":5,""BillDenom_03"":10,""BillDenom_04"":20,""BillDenom_05"":50,""BillDenom_06"":100,""CoinDenom_01"":1,""CoinDenom_02"":5,""CoinDenom_03"":10,""CoinDenom_04"":25,""CoinDenom_05"":0,""CoinDenom_06"":0,""BillCount_01"":0,""BillCount_02"":0,""BillCount_03"":0,""BillCount_04"":0,""BillCount_05"":0,""BillCount_06"":1,""CoinCount_01"":0,""CoinCount_02"":0,""CoinCount_03"":0,""CoinCount_04"":0,""CoinCount_05"":0,""CoinCount_06"":0,""ManualPay"":0.0,""TransactionNumber"":0,""TransactionType"":""WDRAWTX""}}'",2025-06-04 22:53:28.106-07:00,2025060422525706,100.0,100.0,COMPLETED,3330,1422,nan,WDRAWTX,ATM
"___22:56:37 403002 ATM.     'Posting Transaction Result  0:{""type"":""ATM"",""accountType"":""CHEKAC"",""seqNumber"":""2025060422560406"",""Authorization"":{""AuthNumber"":""3331"",""ErrorCode"":""0"",""ErrorDescription"":""0"",""Fee"":4.95,""OrderId"":""3331"",""RegisterTime"":""2025-06-04T22:56:37.492-07:00"",""TransactionNumber"":2025060422560406},""Operation"":{""Amount"":360.0,""BillDespensed"":360.0,""CardNumber"":""3725"",""HostIP"":"""",""RegistrationDatetime"":""2025-06-04T22:56:37.492-07:00"",""SequenceNumber"":""2025060422560406"",""Status"":""COMPLETED""},""TransactionDetail"":{""Amount"":360.0,""DispensedTotal"":360.0,""BillDenom_01"":1,""BillDenom_02"":5,""BillDenom_03"":10,""BillDenom_04"":20,""BillDenom_05"":50,""BillDenom_06"":100,""CoinDenom_01"":1,""CoinDenom_02"":5,""CoinDenom_03"":10,""CoinDenom_04"":25,""CoinDenom_05"":0,""CoinDenom_06"":0,""BillCount_01"":0,""BillCount_02"":0,""BillCount_03"":0,""BillCount_04"":3,""BillCount_05"":0,""BillCount_06"":3,""CoinCount_01"":0,""CoinCount_02"":0,""CoinCount_03"":0,""CoinCount_04"":0,""CoinCount_05"":0,""CoinCount_06"":0,""ManualPay"":0.0,""TransactionNumber"":0,""TransactionType"":""WDRAWTX""}}'",2025-06-04 22:56:37.492-07:00,2025060422560406,360.0,360.0,COMPLETED,3331,3725,nan,WDRAWTX,ATM
"___23:23:45 403002 ATM.     'Posting Transaction Result  0:{""type"":""ATM"",""accountType"":""CHEKAC"",""seqNumber"":""2025060423231606"",""Authorization"":{""AuthNumber"":""3333"",""ErrorCode"":""0"",""ErrorDescription"":""0"",""Fee"":4.95,""OrderId"":""3333"",""RegisterTime"":""2025-06-04T23:23:45.889-07:00"",""TransactionNumber"":2025060423231606},""Operation"":{""Amount"":100.0,""BillDespensed"":100.0,""CardNumber"":""2000"",""HostIP"":"""",""RegistrationDatetime"":""2025-06-04T23:23:45.889-07:00"",""SequenceNumber"":""2025060423231606"",""Status"":""COMPLETED""},""TransactionDetail"":{""Amount"":100.0,""DispensedTotal"":100.0,""BillDenom_01"":1,""BillDenom_02"":5,""BillDenom_03"":10,""BillDenom_04"":20,""BillDenom_05"":50,""BillDenom_06"":100,""CoinDenom_01"":1,""CoinDenom_02"":5,""CoinDenom_03"":10,""CoinDenom_04"":25,""CoinDenom_05"":0,""CoinDenom_06"":0,""BillCount_01"":0,""BillCount_02"":0,""BillCount_03"":0,""BillCount_04"":0,""BillCount_05"":0,""BillCount_06"":1,""CoinCount_01"":0,""CoinCount_02"":0,""CoinCount_03"":0,""CoinCount_04"":0,""CoinCount_05"":0,""CoinCount_06"":0,""ManualPay"":0.0,""TransactionNumber"":0,""TransactionType"":""WDRAWTX""}}'",2025-06-04 23:23:45.889-07:00,2025060423231606,100.0,100.0,COMPLETED,3333,2000,nan,WDRAWTX,ATM
"___23:28:08 403002 ATM.     'Posting Transaction Result  0:{""type"":""ATM"",""accountType"":""CHEKAC"",""seqNumber"":""2025060423272206"",""Authorization"":{""AuthNumber"":""3334"",""ErrorCode"":""0"",""ErrorDescription"":""0"",""Fee"":4.95,""OrderId"":""3334"",""RegisterTime"":""2025-06-04T23:28:08.470-07:00"",""TransactionNumber"":2025060423272206},""Operation"":{""Amount"":460.0,""BillDespensed"":460.0,""CardNumber"":""7163"",""HostIP"":"""",""RegistrationDatetime"":""2025-06-04T23:28:08.470-07:00"",""SequenceNumber"":""2025060423272206"",""Status"":""COMPLETED""},""TransactionDetail"":{""Amount"":460.0,""DispensedTotal"":460.0,""BillDenom_01"":1,""BillDenom_02"":5,""BillDenom_03"":10,""BillDenom_04"":20,""BillDenom_05"":50,""BillDenom_06"":100,""CoinDenom_01"":1,""CoinDenom_02"":5,""CoinDenom_03"":10,""CoinDenom_04"":25,""CoinDenom_05"":0,""CoinDenom_06"":0,""BillCount_01"":0,""BillCount_02"":0,""BillCount_03"":0,""BillCount_04"":3,""BillCount_05"":0,""BillCount_06"":4,""CoinCount_01"":0,""CoinCount_02"":0,""CoinCount_03"":0,""CoinCount_04"":0,""CoinCount_05"":0,""CoinCount_06"":0,""ManualPay"":0.0,""TransactionNumber"":0,""TransactionType"":""WDRAWTX""}}'",2025-06-04 23:28:08.470-07:00,2025060423272206,460.0,460.0,COMPLETED,3334,7163,nan,WDRAWTX,ATM
"___23:30:20 403002 ATM.     'Posting Transaction Result  0:{""type"":""ATM"",""accountType"":""CHEKAC"",""seqNumber"":""2025060423300706"",""Authorization"":{""ErrorCode"":""0"",""ErrorDescription"":""0"",""Fee"":0.0,""RegisterTime"":""2025-06-04T23:30:20.939-07:00"",""TransactionNumber"":2025060423300706},""Operation"":{""Amount"":200.0,""BillDespensed"":0.0,""CardNumber"":""4628"",""HostIP"":"""",""RegistrationDatetime"":""2025-06-04T23:30:20.939-07:00"",""SequenceNumber"":""2025060423300706"",""Status"":""DENIED""},""TransactionDetail"":{""Amount"":200.0,""DispensedTotal"":0.0,""BillDenom_01"":1,""BillDenom_02"":5,""BillDenom_03"":10,""BillDenom_04"":20,""BillDenom_05"":50,""BillDenom_06"":100,""CoinDenom_01"":1,""CoinDenom_02"":5,""CoinDenom_03"":10,""CoinDenom_04"":25,""CoinDenom_05"":0,""CoinDenom_06"":0,""BillCount_01"":0,""BillCount_02"":0,""BillCount_03"":0,""BillCount_04"":0,""BillCount_05"":0,""BillCount_06"":0,""CoinCount_01"":0,""CoinCount_02"":0,""CoinCount_03"":0,""CoinCount_04"":0,""CoinCount_05"":0,""CoinCount_06"":0,""ManualPay"":0.0,""TransactionNumber"":0,""TransactionType"":""WDRAWTX""}}'",2025-06-04 23:30:20.939-07:00,2025060423300706,200.0,0.0,DENIED,nan,4628,nan,WDRAWTX,ATM
"___23:32:12 403002 ATM.     'Posting Transaction Result  0:{""type"":""ATM"",""accountType"":""CHEKAC"",""seqNumber"":""2025060423315806"",""Authorization"":{""ErrorCode"":""0"",""ErrorDescription"":""0"",""Fee"":0.0,""RegisterTime"":""2025-06-04T23:32:12.250-07:00"",""TransactionNumber"":2025060423315806},""Operation"":{""Amount"":200.0,""BillDespensed"":0.0,""CardNumber"":""4628"",""HostIP"":"""",""RegistrationDatetime"":""2025-06-04T23:32:12.250-07:00"",""SequenceNumber"":""2025060423315806"",""Status"":""DENIED""},""TransactionDetail"":{""Amount"":200.0,""DispensedTotal"":0.0,""BillDenom_01"":1,""BillDenom_02"":5,""BillDenom_03"":10,""BillDenom_04"":20,""BillDenom_05"":50,""BillDenom_06"":100,""CoinDenom_01"":1,""CoinDenom_02"":5,""CoinDenom_03"":10,""CoinDenom_04"":25,""CoinDenom_05"":0,""CoinDenom_06"":0,""BillCount_01"":0,""BillCount_02"":0,""BillCount_03"":0,""BillCount_04"":0,""BillCount_05"":0,""BillCount_06"":0,""CoinCount_01"":0,""CoinCount_02"":0,""CoinCount_03"":0,""CoinCount_04"":0,""CoinCount_05"":0,""CoinCount_06"":0,""ManualPay"":0.0,""TransactionNumber"":0,""TransactionType"":""WDRAWTX""}}'",2025-06-04 23:32:12.250-07:00,2025060423315806,200.0,0.0,DENIED,nan,4628,nan,WDRAWTX,ATM
"___23:35:01 403002 ATM.     'Posting Transaction Result  0:{""type"":""ATM"",""accountType"":""CHEKAC"",""seqNumber"":""2025060423342406"",""Authorization"":{""AuthNumber"":""3337"",""ErrorCode"":""0"",""ErrorDescription"":""0"",""Fee"":4.95,""OrderId"":""3337"",""RegisterTime"":""2025-06-04T23:35:01.723-07:00"",""TransactionNumber"":2025060423342406},""Operation"":{""Amount"":200.0,""BillDespensed"":200.0,""CardNumber"":""5499"",""HostIP"":"""",""RegistrationDatetime"":""2025-06-04T23:35:01.723-07:00"",""SequenceNumber"":""2025060423342406"",""Status"":""COMPLETED""},""TransactionDetail"":{""Amount"":200.0,""DispensedTotal"":200.0,""BillDenom_01"":1,""BillDenom_02"":5,""BillDenom_03"":10,""BillDenom_04"":20,""BillDenom_05"":50,""BillDenom_06"":100,""CoinDenom_01"":1,""CoinDenom_02"":5,""CoinDenom_03"":10,""CoinDenom_04"":25,""CoinDenom_05"":0,""CoinDenom_06"":0,""BillCount_01"":0,""BillCount_02"":0,""BillCount_03"":0,""BillCount_04"":0,""BillCount_05"":0,""BillCount_06"":2,""CoinCount_01"":0,""CoinCount_02"":0,""CoinCount_03"":0,""CoinCount_04"":0,""CoinCount_05"":0,""CoinCount_06"":0,""ManualPay"":0.0,""TransactionNumber"":0,""TransactionType"":""WDRAWTX""}}'",2025-06-04 23:35:01.723-07:00,2025060423342406,200.0,200.0,COMPLETED,3337,5499,nan,WDRAWTX,ATM
"___23:39:41 403002 ATM.     'Posting Transaction Result  0:{""type"":""ATM"",""accountType"":""CHEKAC"",""seqNumber"":""2025060423391206"",""Authorization"":{""AuthNumber"":""3338"",""ErrorCode"":""0"",""ErrorDescription"":""0"",""Fee"":4.95,""OrderId"":""3338"",""RegisterTime"":""2025-06-04T23:39:41.642-07:00"",""TransactionNumber"":2025060423391206},""Operation"":{""Amount"":200.0,""BillDespensed"":200.0,""CardNumber"":""2982"",""HostIP"":"""",""RegistrationDatetime"":""2025-06-04T23:39:41.642-07:00"",""SequenceNumber"":""2025060423391206"",""Status"":""COMPLETED""},""TransactionDetail"":{""Amount"":200.0,""DispensedTotal"":200.0,""BillDenom_01"":1,""BillDenom_02"":5,""BillDenom_03"":10,""BillDenom_04"":20,""BillDenom_05"":50,""BillDenom_06"":100,""CoinDenom_01"":1,""CoinDenom_02"":5,""CoinDenom_03"":10,""CoinDenom_04"":25,""CoinDenom_05"":0,""CoinDenom_06"":0,""BillCount_01"":0,""BillCount_02"":0,""BillCount_03"":0,""BillCount_04"":0,""BillCount_05"":0,""BillCount_06"":2,""CoinCount_01"":0,""CoinCount_02"":0,""CoinCount_03"":0,""CoinCount_04"":0,""CoinCount_05"":0,""CoinCount_06"":0,""ManualPay"":0.0,""TransactionNumber"":0,""TransactionType"":""WDRAWTX""}}'",2025-06-04 23:39:41.642-07:00,2025060423391206,200.0,200.0,COMPLETED,3338,2982,nan,WDRAWTX,ATM
"___23:45:30 403002 ATM.     'Posting Transaction Result  0:{""type"":""ATM"",""accountType"":""CHEKAC"",""seqNumber"":""2025060423444306"",""Authorization"":{""AuthNumber"":""3339"",""ErrorCode"":""0"",""ErrorDescription"":""0"",""Fee"":4.95,""OrderId"":""3339"",""RegisterTime"":""2025-06-04T23:45:30.700-07:00"",""TransactionNumber"":2025060423444306},""Operation"":{""Amount"":400.0,""BillDespensed"":400.0,""CardNumber"":""8150"",""HostIP"":"""",""RegistrationDatetime"":""2025-06-04T23:45:30.700-07:00"",""SequenceNumber"":""2025060423444306"",""Status"":""COMPLETED""},""TransactionDetail"":{""Amount"":400.0,""DispensedTotal"":400.0,""BillDenom_01"":1,""BillDenom_02"":5,""BillDenom_03"":10,""BillDenom_04"":20,""BillDenom_05"":50,""BillDenom_06"":100,""CoinDenom_01"":1,""CoinDenom_02"":5,""CoinDenom_03"":10,""CoinDenom_04"":25,""CoinDenom_05"":0,""CoinDenom_06"":0,""BillCount_01"":0,""BillCount_02"":0,""BillCount_03"":0,""BillCount_04"":0,""BillCount_05"":0,""BillCount_06"":4,""CoinCount_01"":0,""CoinCount_02"":0,""CoinCount_03"":0,""CoinCount_04"":0,""CoinCount_05"":0,""CoinCount_06"":0,""ManualPay"":0.0,""TransactionNumber"":0,""TransactionType"":""WDRAWTX""}}'",2025-06-04 23:45:30.700-07:00,2025060423444306,400.0,400.0,COMPLETED,3339,8150,nan,WDRAWTX,ATM
"___23:51:45 403002 ATM.     'Posting Transaction Result  0:{""type"":""ATM"",""accountType"":""CHEKAC"",""seqNumber"":""2025060423511706"",""Authorization"":{""AuthNumber"":""3340"",""ErrorCode"":""0"",""ErrorDescription"":""0"",""Fee"":4.95,""OrderId"":""3340"",""RegisterTime"":""2025-06-04T23:51:45.340-07:00"",""TransactionNumber"":2025060423511706},""Operation"":{""Amount"":200.0,""BillDespensed"":200.0,""CardNumber"":""2523"",""HostIP"":"""",""RegistrationDatetime"":""2025-06-04T23:51:45.340-07:00"",""SequenceNumber"":""2025060423511706"",""Status"":""COMPLETED""},""TransactionDetail"":{""Amount"":200.0,""DispensedTotal"":200.0,""BillDenom_01"":1,""BillDenom_02"":5,""BillDenom_03"":10,""BillDenom_04"":20,""BillDenom_05"":50,""BillDenom_06"":100,""CoinDenom_01"":1,""CoinDenom_02"":5,""CoinDenom_03"":10,""CoinDenom_04"":25,""CoinDenom_05"":0,""CoinDenom_06"":0,""BillCount_01"":0,""BillCount_02"":0,""BillCount_03"":0,""BillCount_04"":0,""BillCount_05"":0,""BillCount_06"":2,""CoinCount_01"":0,""CoinCount_02"":0,""CoinCount_03"":0,""CoinCount_04"":0,""CoinCount_05"":0,""CoinCount_06"":0,""ManualPay"":0.0,""TransactionNumber"":0,""TransactionType"":""WDRAWTX""}}'",2025-06-04 23:51:45.340-07:00,2025060423511706,200.0,200.0,COMPLETED,3340,2523,nan,WDRAWTX,ATM
"___23:53:03 403002 ATM.     'Posting Transaction Result  0:{""type"":""ATM"",""accountType"":""CHEKAC"",""seqNumber"":""2025060423524706"",""Authorization"":{""ErrorCode"":""0"",""ErrorDescription"":""0"",""Fee"":0.0,""RegisterTime"":""2025-06-04T23:53:03.500-07:00"",""TransactionNumber"":2025060423524706},""Operation"":{""Amount"":0.0,""BillDespensed"":0.0,""CardNumber"":""1357"",""HostIP"":"""",""RegistrationDatetime"":""2025-06-04T23:53:03.500-07:00"",""SequenceNumber"":""2025060423524706"",""Status"":""COMPLETED""},""TransactionDetail"":{""Amount"":0.0,""DispensedTotal"":0.0,""BillDenom_01"":1,""BillDenom_02"":5,""BillDenom_03"":10,""BillDenom_04"":20,""BillDenom_05"":50,""BillDenom_06"":100,""CoinDenom_01"":1,""CoinDenom_02"":5,""CoinDenom_03"":10,""CoinDenom_04"":25,""CoinDenom_05"":0,""CoinDenom_06"":0,""BillCount_01"":0,""BillCount_02"":0,""BillCount_03"":0,""BillCount_04"":0,""BillCount_05"":0,""BillCount_06"":0,""CoinCount_01"":0,""CoinCount_02"":0,""CoinCount_03"":0,""CoinCount_04"":0,""CoinCount_05"":0,""CoinCount_06"":0,""ManualPay"":0.0,""TransactionNumber"":0,""TransactionType"":""BLNCINQRTX""}}'",2025-06-04 23:53:03.500-07:00,2025060423524706,0.0,0.0,COMPLETED,nan,1357,nan,BLNCINQRTX,ATM
"___23:53:37 403002 ATM.     'Posting Transaction Result  0:{""type"":""ATM"",""accountType"":""CHEKAC"",""seqNumber"":""2025060423531806"",""Authorization"":{""ErrorCode"":""0"",""ErrorDescription"":""0"",""Fee"":0.0,""RegisterTime"":""2025-06-04T23:53:36.978-07:00"",""TransactionNumber"":2025060423531806},""Operation"":{""Amount"":1000.0,""BillDespensed"":0.0,""CardNumber"":""1357"",""HostIP"":"""",""RegistrationDatetime"":""2025-06-04T23:53:36.978-07:00"",""SequenceNumber"":""2025060423531806"",""Status"":""DENIED""},""TransactionDetail"":{""Amount"":1000.0,""DispensedTotal"":0.0,""BillDenom_01"":1,""BillDenom_02"":5,""BillDenom_03"":10,""BillDenom_04"":20,""BillDenom_05"":50,""BillDenom_06"":100,""CoinDenom_01"":1,""CoinDenom_02"":5,""CoinDenom_03"":10,""CoinDenom_04"":25,""CoinDenom_05"":0,""CoinDenom_06"":0,""BillCount_01"":0,""BillCount_02"":0,""BillCount_03"":0,""BillCount_04"":0,""BillCount_05"":0,""BillCount_06"":0,""CoinCount_01"":0,""CoinCount_02"":0,""CoinCount_03"":0,""CoinCount_04"":0,""CoinCount_05"":0,""CoinCount_06"":0,""ManualPay"":0.0,""TransactionNumber"":0,""TransactionType"":""WDRAWTX""}}'",2025-06-04 23:53:36.978-07:00,2025060423531806,1000.0,0.0,DENIED,nan,1357,nan,WDRAWTX,ATM
"___00:10:43 403002 ATM.     'Posting Transaction Result  0:{""type"":""ATM"",""accountType"":""CHEKAC"",""seqNumber"":""2025060500103006"",""Authorization"":{""ErrorCode"":""0"",""ErrorDescription"":""0"",""Fee"":0.0,""RegisterTime"":""2025-06-05T00:10:43.855-07:00"",""TransactionNumber"":2025060500103006},""Operation"":{""Amount"":500.0,""BillDespensed"":0.0,""CardNumber"":""0124"",""HostIP"":"""",""RegistrationDatetime"":""2025-06-05T00:10:43.855-07:00"",""SequenceNumber"":""2025060500103006"",""Status"":""DENIED""},""TransactionDetail"":{""Amount"":500.0,""DispensedTotal"":0.0,""BillDenom_01"":1,""BillDenom_02"":5,""BillDenom_03"":10,""BillDenom_04"":20,""BillDenom_05"":50,""BillDenom_06"":100,""CoinDenom_01"":1,""CoinDenom_02"":5,""CoinDenom_03"":10,""CoinDenom_04"":25,""CoinDenom_05"":0,""CoinDenom_06"":0,""BillCount_01"":0,""BillCount_02"":0,""BillCount_03"":0,""BillCount_04"":0,""BillCount_05"":0,""BillCount_06"":0,""CoinCount_01"":0,""CoinCount_02"":0,""CoinCount_03"":0,""CoinCount_04"":0,""CoinCount_05"":0,""CoinCount_06"":0,""ManualPay"":0.0,""TransactionNumber"":0,""TransactionType"":""WDRAWTX""}}'",2025-06-05 00:10:43.855-07:00,2025060500103006,500.0,0.0,DENIED,nan,0124,nan,WDRAWTX,ATM
"___00:11:45 403002 ATM.     'Posting Transaction Result  0:{""type"":""ATM"",""accountType"":""CHEKAC"",""seqNumber"":""2025060500112806"",""Authorization"":{""ErrorCode"":""0"",""ErrorDescription"":""0"",""Fee"":0.0,""RegisterTime"":""2025-06-05T00:11:45.217-07:00"",""TransactionNumber"":2025060500112806},""Operation"":{""Amount"":400.0,""BillDespensed"":0.0,""CardNumber"":""0124"",""HostIP"":"""",""RegistrationDatetime"":""2025-06-05T00:11:45.217-07:00"",""SequenceNumber"":""2025060500112806"",""Status"":""DENIED""},""TransactionDetail"":{""Amount"":400.0,""DispensedTotal"":0.0,""BillDenom_01"":1,""BillDenom_02"":5,""BillDenom_03"":10,""BillDenom_04"":20,""BillDenom_05"":50,""BillDenom_06"":100,""CoinDenom_01"":1,""CoinDenom_02"":5,""CoinDenom_03"":10,""CoinDenom_04"":25,""CoinDenom_05"":0,""CoinDenom_06"":0,""BillCount_01"":0,""BillCount_02"":0,""BillCount_03"":0,""BillCount_04"":0,""BillCount_05"":0,""BillCount_06"":0,""CoinCount_01"":0,""CoinCount_02"":0,""CoinCount_03"":0,""CoinCount_04"":0,""CoinCount_05"":0,""CoinCount_06"":0,""ManualPay"":0.0,""TransactionNumber"":0,""TransactionType"":""WDRAWTX""}}'",2025-06-05 00:11:45.217-07:00,2025060500112806,400.0,0.0,DENIED,nan,0124,nan,WDRAWTX,ATM
"___00:13:21 403002 ATM.     'Posting Transaction Result  0:{""type"":""ATM"",""accountType"":""CHEKAC"",""seqNumber"":""2025060500123906"",""Authorization"":{""ErrorCode"":""0"",""ErrorDescription"":""0"",""Fee"":0.0,""RegisterTime"":""2025-06-05T00:13:21.925-07:00"",""TransactionNumber"":2025060500123906},""Operation"":{""Amount"":400.0,""BillDespensed"":0.0,""CardNumber"":""1433"",""HostIP"":"""",""RegistrationDatetime"":""2025-06-05T00:13:21.925-07:00"",""SequenceNumber"":""2025060500123906"",""Status"":""DENIED""},""TransactionDetail"":{""Amount"":400.0,""DispensedTotal"":0.0,""BillDenom_01"":1,""BillDenom_02"":5,""BillDenom_03"":10,""BillDenom_04"":20,""BillDenom_05"":50,""BillDenom_06"":100,""CoinDenom_01"":1,""CoinDenom_02"":5,""CoinDenom_03"":10,""CoinDenom_04"":25,""CoinDenom_05"":0,""CoinDenom_06"":0,""BillCount_01"":0,""BillCount_02"":0,""BillCount_03"":0,""BillCount_04"":0,""BillCount_05"":0,""BillCount_06"":0,""CoinCount_01"":0,""CoinCount_02"":0,""CoinCount_03"":0,""CoinCount_04"":0,""CoinCount_05"":0,""CoinCount_06"":0,""ManualPay"":0.0,""TransactionNumber"":0,""TransactionType"":""WDRAWTX""}}'",2025-06-05 00:13:21.925-07:00,2025060500123906,400.0,0.0,DENIED,nan,1433,nan,WDRAWTX,ATM
"___01:21:54 403002 ATM.     'Posting Transaction Result  0:{""type"":""ATM"",""accountType"":""CHEKAC"",""seqNumber"":""2025060501212106"",""Authorization"":{""AuthNumber"":""3349"",""ErrorCode"":""0"",""ErrorDescription"":""0"",""Fee"":4.95,""OrderId"":""3349"",""RegisterTime"":""2025-06-05T01:21:54.524-07:00"",""TransactionNumber"":2025060501212106},""Operation"":{""Amount"":120.0,""BillDespensed"":120.0,""CardNumber"":""6843"",""HostIP"":"""",""RegistrationDatetime"":""2025-06-05T01:21:54.524-07:00"",""SequenceNumber"":""2025060501212106"",""Status"":""COMPLETED""},""TransactionDetail"":{""Amount"":120.0,""DispensedTotal"":120.0,""BillDenom_01"":1,""BillDenom_02"":5,""BillDenom_03"":10,""BillDenom_04"":20,""BillDenom_05"":50,""BillDenom_06"":100,""CoinDenom_01"":1,""CoinDenom_02"":5,""CoinDenom_03"":10,""CoinDenom_04"":25,""CoinDenom_05"":0,""CoinDenom_06"":0,""BillCount_01"":0,""BillCount_02"":0,""BillCount_03"":0,""BillCount_04"":1,""BillCount_05"":0,""BillCount_06"":1,""CoinCount_01"":0,""CoinCount_02"":0,""CoinCount_03"":0,""CoinCount_04"":0,""CoinCount_05"":0,""CoinCount_06"":0,""ManualPay"":0.0,""TransactionNumber"":0,""TransactionType"":""WDRAWTX""}}'",2025-06-05 01:21:54.524-07:00,2025060501212106,120.0,120.0,COMPLETED,3349,6843,nan,WDRAWTX,ATM
"___01:23:38 403002 ATM.     'Posting Transaction Result  0:{""type"":""ATM"",""accountType"":""CHEKAC"",""seqNumber"":""2025060501230006"",""Authorization"":{""ErrorCode"":""0"",""ErrorDescription"":""0"",""Fee"":0.0,""RegisterTime"":""2025-06-05T01:23:38.556-07:00"",""TransactionNumber"":2025060501230006},""Operation"":{""Amount"":500.0,""BillDespensed"":0.0,""CardNumber"":""0281"",""HostIP"":"""",""RegistrationDatetime"":""2025-06-05T01:23:38.556-07:00"",""SequenceNumber"":""2025060501230006"",""Status"":""DENIED""},""TransactionDetail"":{""Amount"":500.0,""DispensedTotal"":0.0,""BillDenom_01"":1,""BillDenom_02"":5,""BillDenom_03"":10,""BillDenom_04"":20,""BillDenom_05"":50,""BillDenom_06"":100,""CoinDenom_01"":1,""CoinDenom_02"":5,""CoinDenom_03"":10,""CoinDenom_04"":25,""CoinDenom_05"":0,""CoinDenom_06"":0,""BillCount_01"":0,""BillCount_02"":0,""BillCount_03"":0,""BillCount_04"":0,""BillCount_05"":0,""BillCount_06"":0,""CoinCount_01"":0,""CoinCount_02"":0,""CoinCount_03"":0,""CoinCount_04"":0,""CoinCount_05"":0,""CoinCount_06"":0,""ManualPay"":0.0,""TransactionNumber"":0,""TransactionType"":""WDRAWTX""}}'",2025-06-05 01:23:38.556-07:00,2025060501230006,500.0,0.0,DENIED,nan,0281,nan,WDRAWTX,ATM
"___01:25:49 403002 ATM.     'Posting Transaction Result  0:{""type"":""ATM"",""accountType"":""CHEKAC"",""seqNumber"":""2025060501250306"",""Authorization"":{""AuthNumber"":""3350"",""ErrorCode"":""0"",""ErrorDescription"":""0"",""Fee"":4.95,""OrderId"":""3350"",""RegisterTime"":""2025-06-05T01:25:49.006-07:00"",""TransactionNumber"":2025060501250306},""Operation"":{""Amount"":500.0,""BillDespensed"":500.0,""CardNumber"":""0281"",""HostIP"":"""",""RegistrationDatetime"":""2025-06-05T01:25:49.006-07:00"",""SequenceNumber"":""2025060501250306"",""Status"":""COMPLETED""},""TransactionDetail"":{""Amount"":500.0,""DispensedTotal"":500.0,""BillDenom_01"":1,""BillDenom_02"":5,""BillDenom_03"":10,""BillDenom_04"":20,""BillDenom_05"":50,""BillDenom_06"":100,""CoinDenom_01"":1,""CoinDenom_02"":5,""CoinDenom_03"":10,""CoinDenom_04"":25,""CoinDenom_05"":0,""CoinDenom_06"":0,""BillCount_01"":0,""BillCount_02"":0,""BillCount_03"":0,""BillCount_04"":0,""BillCount_05"":0,""BillCount_06"":5,""CoinCount_01"":0,""CoinCount_02"":0,""CoinCount_03"":0,""CoinCount_04"":0,""CoinCount_05"":0,""CoinCount_06"":0,""ManualPay"":0.0,""TransactionNumber"":0,""TransactionType"":""WDRAWTX""}}'",2025-06-05 01:25:49.006-07:00,2025060501250306,500.0,500.0,COMPLETED,3350,0281,nan,WDRAWTX,ATM
"___01:41:09 403002 ATM.     'Posting Transaction Result  0:{""type"":""ATM"",""accountType"":""CHEKAC"",""seqNumber"":""2025060501403606"",""Authorization"":{""AuthNumber"":""3351"",""ErrorCode"":""0"",""ErrorDescription"":""0"",""Fee"":4.95,""OrderId"":""3351"",""RegisterTime"":""2025-06-05T01:41:09.823-07:00"",""TransactionNumber"":2025060501403606},""Operation"":{""Amount"":240.0,""BillDespensed"":240.0,""CardNumber"":""6145"",""HostIP"":"""",""RegistrationDatetime"":""2025-06-05T01:41:09.823-07:00"",""SequenceNumber"":""2025060501403606"",""Status"":""COMPLETED""},""TransactionDetail"":{""Amount"":240.0,""DispensedTotal"":240.0,""BillDenom_01"":1,""BillDenom_02"":5,""BillDenom_03"":10,""BillDenom_04"":20,""BillDenom_05"":50,""BillDenom_06"":100,""CoinDenom_01"":1,""CoinDenom_02"":5,""CoinDenom_03"":10,""CoinDenom_04"":25,""CoinDenom_05"":0,""CoinDenom_06"":0,""BillCount_01"":0,""BillCount_02"":0,""BillCount_03"":0,""BillCount_04"":2,""BillCount_05"":0,""BillCount_06"":2,""CoinCount_01"":0,""CoinCount_02"":0,""CoinCount_03"":0,""CoinCount_04"":0,""CoinCount_05"":0,""CoinCount_06"":0,""ManualPay"":0.0,""TransactionNumber"":0,""TransactionType"":""WDRAWTX""}}'",2025-06-05 01:41:09.823-07:00,2025060501403606,240.0,240.0,COMPLETED,3351,6145,nan,WDRAWTX,ATM
"___02:05:44 403002 ATM.     'Posting Transaction Result  0:{""type"":""ATM"",""accountType"":""CHEKAC"",""seqNumber"":""2025060502050606"",""Authorization"":{""AuthNumber"":""3352"",""ErrorCode"":""0"",""ErrorDescription"":""0"",""Fee"":4.95,""OrderId"":""3352"",""RegisterTime"":""2025-06-05T02:05:44.321-07:00"",""TransactionNumber"":2025060502050606},""Operation"":{""Amount"":60.0,""BillDespensed"":60.0,""CardNumber"":""9138"",""HostIP"":"""",""RegistrationDatetime"":""2025-06-05T02:05:44.321-07:00"",""SequenceNumber"":""2025060502050606"",""Status"":""COMPLETED""},""TransactionDetail"":{""Amount"":60.0,""DispensedTotal"":60.0,""BillDenom_01"":1,""BillDenom_02"":5,""BillDenom_03"":10,""BillDenom_04"":20,""BillDenom_05"":50,""BillDenom_06"":100,""CoinDenom_01"":1,""CoinDenom_02"":5,""CoinDenom_03"":10,""CoinDenom_04"":25,""CoinDenom_05"":0,""CoinDenom_06"":0,""BillCount_01"":0,""BillCount_02"":0,""BillCount_03"":0,""BillCount_04"":3,""BillCount_05"":0,""BillCount_06"":0,""CoinCount_01"":0,""CoinCount_02"":0,""CoinCount_03"":0,""CoinCount_04"":0,""CoinCount_05"":0,""CoinCount_06"":0,""ManualPay"":0.0,""TransactionNumber"":0,""TransactionType"":""WDRAWTX""}}'",2025-06-05 02:05:44.321-07:00,2025060502050606,60.0,60.0,COMPLETED,3352,9138,nan,WDRAWTX,ATM
"___02:36:07 403002 ATM.     'Posting Transaction Result  0:{""type"":""ATM"",""accountType"":""CHEKAC"",""seqNumber"":""2025060502353006"",""Authorization"":{""AuthNumber"":""3353"",""ErrorCode"":""0"",""ErrorDescription"":""0"",""Fee"":4.95,""OrderId"":""3353"",""RegisterTime"":""2025-06-05T02:36:07.056-07:00"",""TransactionNumber"":2025060502353006},""Operation"":{""Amount"":100.0,""BillDespensed"":100.0,""CardNumber"":""3951"",""HostIP"":"""",""RegistrationDatetime"":""2025-06-05T02:36:07.056-07:00"",""SequenceNumber"":""2025060502353006"",""Status"":""COMPLETED""},""TransactionDetail"":{""Amount"":100.0,""DispensedTotal"":100.0,""BillDenom_01"":1,""BillDenom_02"":5,""BillDenom_03"":10,""BillDenom_04"":20,""BillDenom_05"":50,""BillDenom_06"":100,""CoinDenom_01"":1,""CoinDenom_02"":5,""CoinDenom_03"":10,""CoinDenom_04"":25,""CoinDenom_05"":0,""CoinDenom_06"":0,""BillCount_01"":0,""BillCount_02"":0,""BillCount_03"":0,""BillCount_04"":0,""BillCount_05"":0,""BillCount_06"":1,""CoinCount_01"":0,""CoinCount_02"":0,""CoinCount_03"":0,""CoinCount_04"":0,""CoinCount_05"":0,""CoinCount_06"":0,""ManualPay"":0.0,""TransactionNumber"":0,""TransactionType"":""WDRAWTX""}}'",2025-06-05 02:36:07.056-07:00,2025060502353006,100.0,100.0,COMPLETED,3353,3951,nan,WDRAWTX,ATM
"___02:49:02 403002 ATM.     'Posting Transaction Result  0:{""type"":""ATM"",""accountType"":""CHEKAC"",""seqNumber"":""2025060502482906"",""Authorization"":{""AuthNumber"":""3354"",""ErrorCode"":""0"",""ErrorDescription"":""0"",""Fee"":4.95,""OrderId"":""3354"",""RegisterTime"":""2025-06-05T02:49:02.026-07:00"",""TransactionNumber"":2025060502482906},""Operation"":{""Amount"":400.0,""BillDespensed"":400.0,""CardNumber"":""4459"",""HostIP"":"""",""RegistrationDatetime"":""2025-06-05T02:49:02.026-07:00"",""SequenceNumber"":""2025060502482906"",""Status"":""COMPLETED""},""TransactionDetail"":{""Amount"":400.0,""DispensedTotal"":400.0,""BillDenom_01"":1,""BillDenom_02"":5,""BillDenom_03"":10,""BillDenom_04"":20,""BillDenom_05"":50,""BillDenom_06"":100,""CoinDenom_01"":1,""CoinDenom_02"":5,""CoinDenom_03"":10,""CoinDenom_04"":25,""CoinDenom_05"":0,""CoinDenom_06"":0,""BillCount_01"":0,""BillCount_02"":0,""BillCount_03"":0,""BillCount_04"":0,""BillCount_05"":0,""BillCount_06"":4,""CoinCount_01"":0,""CoinCount_02"":0,""CoinCount_03"":0,""CoinCount_04"":0,""CoinCount_05"":0,""CoinCount_06"":0,""ManualPay"":0.0,""TransactionNumber"":0,""TransactionType"":""WDRAWTX""}}'",2025-06-05 02:49:02.026-07:00,2025060502482906,400.0,400.0,COMPLETED,3354,4459,nan,WDRAWTX,ATM
"___04:20:24 403002 ATM.     'Posting Transaction Result  0:{""type"":""ATM"",""accountType"":""CHEKAC"",""seqNumber"":""2025060504195306"",""Authorization"":{""AuthNumber"":""3355"",""ErrorCode"":""0"",""ErrorDescription"":""0"",""Fee"":4.95,""OrderId"":""3355"",""RegisterTime"":""2025-06-05T04:20:24.258-07:00"",""TransactionNumber"":2025060504195306},""Operation"":{""Amount"":500.0,""BillDespensed"":500.0,""CardNumber"":""0124"",""HostIP"":"""",""RegistrationDatetime"":""2025-06-05T04:20:24.258-07:00"",""SequenceNumber"":""2025060504195306"",""Status"":""COMPLETED""},""TransactionDetail"":{""Amount"":500.0,""DispensedTotal"":500.0,""BillDenom_01"":1,""BillDenom_02"":5,""BillDenom_03"":10,""BillDenom_04"":20,""BillDenom_05"":50,""BillDenom_06"":100,""CoinDenom_01"":1,""CoinDenom_02"":5,""CoinDenom_03"":10,""CoinDenom_04"":25,""CoinDenom_05"":0,""CoinDenom_06"":0,""BillCount_01"":0,""BillCount_02"":0,""BillCount_03"":0,""BillCount_04"":0,""BillCount_05"":0,""BillCount_06"":5,""CoinCount_01"":0,""CoinCount_02"":0,""CoinCount_03"":0,""CoinCount_04"":0,""CoinCount_05"":0,""CoinCount_06"":0,""ManualPay"":0.0,""TransactionNumber"":0,""TransactionType"":""WDRAWTX""}}'",2025-06-05 04:20:24.258-07:00,2025060504195306,500.0,500.0,COMPLETED,3355,0124,nan,WDRAWTX,ATM
"___09:45:06 403002 ATM.     'Posting Transaction Result  0:{""type"":""ATM"",""accountType"":""CHEKAC"",""seqNumber"":""2025060509442306"",""Authorization"":{""AuthNumber"":""3357"",""ErrorCode"":""0"",""ErrorDescription"":""0"",""Fee"":4.95,""OrderId"":""3357"",""RegisterTime"":""2025-06-05T09:45:06.578-07:00"",""TransactionNumber"":2025060509442306},""Operation"":{""Amount"":100.0,""BillDespensed"":100.0,""CardNumber"":""6931"",""HostIP"":"""",""RegistrationDatetime"":""2025-06-05T09:45:06.578-07:00"",""SequenceNumber"":""2025060509442306"",""Status"":""COMPLETED""},""TransactionDetail"":{""Amount"":100.0,""DispensedTotal"":100.0,""BillDenom_01"":1,""BillDenom_02"":5,""BillDenom_03"":10,""BillDenom_04"":20,""BillDenom_05"":50,""BillDenom_06"":100,""CoinDenom_01"":1,""CoinDenom_02"":5,""CoinDenom_03"":10,""CoinDenom_04"":25,""CoinDenom_05"":0,""CoinDenom_06"":0,""BillCount_01"":0,""BillCount_02"":0,""BillCount_03"":0,""BillCount_04"":0,""BillCount_05"":0,""BillCount_06"":1,""CoinCount_01"":0,""CoinCount_02"":0,""CoinCount_03"":0,""CoinCount_04"":0,""CoinCount_05"":0,""CoinCount_06"":0,""ManualPay"":0.0,""TransactionNumber"":0,""TransactionType"":""WDRAWTX""}}'",2025-06-05 09:45:06.578-07:00,2025060509442306,100.0,100.0,COMPLETED,3357,6931,nan,WDRAWTX,ATM
"___11:08:37 403002 ATM.     'Posting Transaction Result  0:{""type"":""ATM"",""accountType"":""CHEKAC"",""seqNumber"":""2025060511080006"",""Authorization"":{""AuthNumber"":""3358"",""ErrorCode"":""0"",""ErrorDescription"":""0"",""Fee"":4.95,""OrderId"":""3358"",""RegisterTime"":""2025-06-05T11:08:37.110-07:00"",""TransactionNumber"":2025060511080006},""Operation"":{""Amount"":20.0,""BillDespensed"":20.0,""CardNumber"":""3583"",""HostIP"":"""",""RegistrationDatetime"":""2025-06-05T11:08:37.110-07:00"",""SequenceNumber"":""2025060511080006"",""Status"":""COMPLETED""},""TransactionDetail"":{""Amount"":20.0,""DispensedTotal"":20.0,""BillDenom_01"":1,""BillDenom_02"":5,""BillDenom_03"":10,""BillDenom_04"":20,""BillDenom_05"":50,""BillDenom_06"":100,""CoinDenom_01"":1,""CoinDenom_02"":5,""CoinDenom_03"":10,""CoinDenom_04"":25,""CoinDenom_05"":0,""CoinDenom_06"":0,""BillCount_01"":0,""BillCount_02"":0,""BillCount_03"":0,""BillCount_04"":1,""BillCount_05"":0,""BillCount_06"":0,""CoinCount_01"":0,""CoinCount_02"":0,""CoinCount_03"":0,""CoinCount_04"":0,""CoinCount_05"":0,""CoinCount_06"":0,""ManualPay"":0.0,""TransactionNumber"":0,""TransactionType"":""WDRAWTX""}}'",2025-06-05 11:08:37.110-07:00,2025060511080006,20.0,20.0,COMPLETED,3358,3583,nan,WDRAWTX,ATM
"___11:22:08 403002 ATM.     'Posting Transaction Result  0:{""type"":""ATM"",""accountType"":""CHEKAC"",""seqNumber"":""2025060511212506"",""Authorization"":{""AuthNumber"":""3359"",""ErrorCode"":""0"",""ErrorDescription"":""0"",""Fee"":4.95,""OrderId"":""3359"",""RegisterTime"":""2025-06-05T11:22:08.614-07:00"",""TransactionNumber"":2025060511212506},""Operation"":{""Amount"":400.0,""BillDespensed"":400.0,""CardNumber"":""7207"",""HostIP"":"""",""RegistrationDatetime"":""2025-06-05T11:22:08.614-07:00"",""SequenceNumber"":""2025060511212506"",""Status"":""COMPLETED""},""TransactionDetail"":{""Amount"":400.0,""DispensedTotal"":400.0,""BillDenom_01"":1,""BillDenom_02"":5,""BillDenom_03"":10,""BillDenom_04"":20,""BillDenom_05"":50,""BillDenom_06"":100,""CoinDenom_01"":1,""CoinDenom_02"":5,""CoinDenom_03"":10,""CoinDenom_04"":25,""CoinDenom_05"":0,""CoinDenom_06"":0,""BillCount_01"":0,""BillCount_02"":0,""BillCount_03"":0,""BillCount_04"":0,""BillCount_05"":0,""BillCount_06"":4,""CoinCount_01"":0,""CoinCount_02"":0,""CoinCount_03"":0,""CoinCount_04"":0,""CoinCount_05"":0,""CoinCount_06"":0,""ManualPay"":0.0,""TransactionNumber"":0,""TransactionType"":""WDRAWTX""}}'",2025-06-05 11:22:08.614-07:00,2025060511212506,400.0,400.0,COMPLETED,3359,7207,nan,WDRAWTX,ATM
"___12:04:04 403002 ATM.     'Posting Transaction Result  0:{""type"":""ATM"",""accountType"":""CHEKAC"",""seqNumber"":""2025060512033106"",""Authorization"":{""AuthNumber"":""3360"",""ErrorCode"":""0"",""ErrorDescription"":""0"",""Fee"":4.95,""OrderId"":""3360"",""RegisterTime"":""2025-06-05T12:04:04.354-07:00"",""TransactionNumber"":2025060512033106},""Operation"":{""Amount"":500.0,""BillDespensed"":500.0,""CardNumber"":""5559"",""HostIP"":"""",""RegistrationDatetime"":""2025-06-05T12:04:04.354-07:00"",""SequenceNumber"":""2025060512033106"",""Status"":""COMPLETED""},""TransactionDetail"":{""Amount"":500.0,""DispensedTotal"":500.0,""BillDenom_01"":1,""BillDenom_02"":5,""BillDenom_03"":10,""BillDenom_04"":20,""BillDenom_05"":50,""BillDenom_06"":100,""CoinDenom_01"":1,""CoinDenom_02"":5,""CoinDenom_03"":10,""CoinDenom_04"":25,""CoinDenom_05"":0,""CoinDenom_06"":0,""BillCount_01"":0,""BillCount_02"":0,""BillCount_03"":0,""BillCount_04"":0,""BillCount_05"":0,""BillCount_06"":5,""CoinCount_01"":0,""CoinCount_02"":0,""CoinCount_03"":0,""CoinCount_04"":0,""CoinCount_05"":0,""CoinCount_06"":0,""ManualPay"":0.0,""TransactionNumber"":0,""TransactionType"":""WDRAWTX""}}'",2025-06-05 12:04:04.354-07:00,2025060512033106,500.0,500.0,COMPLETED,3360,5559,nan,WDRAWTX,ATM
"___12:20:39 403002 ATM.     'Posting Transaction Result  0:{""type"":""ATM"",""accountType"":""CHEKAC"",""seqNumber"":""2025060512200506"",""Authorization"":{""AuthNumber"":""3361"",""ErrorCode"":""0"",""ErrorDescription"":""0"",""Fee"":4.95,""OrderId"":""3361"",""RegisterTime"":""2025-06-05T12:20:39.553-07:00"",""TransactionNumber"":2025060512200506},""Operation"":{""Amount"":100.0,""BillDespensed"":100.0,""CardNumber"":""0227"",""HostIP"":"""",""RegistrationDatetime"":""2025-06-05T12:20:39.553-07:00"",""SequenceNumber"":""2025060512200506"",""Status"":""COMPLETED""},""TransactionDetail"":{""Amount"":100.0,""DispensedTotal"":100.0,""BillDenom_01"":1,""BillDenom_02"":5,""BillDenom_03"":10,""BillDenom_04"":20,""BillDenom_05"":50,""BillDenom_06"":100,""CoinDenom_01"":1,""CoinDenom_02"":5,""CoinDenom_03"":10,""CoinDenom_04"":25,""CoinDenom_05"":0,""CoinDenom_06"":0,""BillCount_01"":0,""BillCount_02"":0,""BillCount_03"":0,""BillCount_04"":0,""BillCount_05"":0,""BillCount_06"":1,""CoinCount_01"":0,""CoinCount_02"":0,""CoinCount_03"":0,""CoinCount_04"":0,""CoinCount_05"":0,""CoinCount_06"":0,""ManualPay"":0.0,""TransactionNumber"":0,""TransactionType"":""WDRAWTX""}}'",2025-06-05 12:20:39.553-07:00,2025060512200506,100.0,100.0,COMPLETED,3361,0227,nan,WDRAWTX,ATM
"___13:31:49 403002 ATM.     'Posting Transaction Result  0:{""type"":""ATM"",""accountType"":""CHEKAC"",""seqNumber"":""2025060513311306"",""Authorization"":{""AuthNumber"":""3363"",""ErrorCode"":""0"",""ErrorDescription"":""0"",""Fee"":4.95,""OrderId"":""3363"",""RegisterTime"":""2025-06-05T13:31:49.889-07:00"",""TransactionNumber"":2025060513311306},""Operation"":{""Amount"":60.0,""BillDespensed"":60.0,""CardNumber"":""0605"",""HostIP"":"""",""RegistrationDatetime"":""2025-06-05T13:31:49.889-07:00"",""SequenceNumber"":""2025060513311306"",""Status"":""COMPLETED""},""TransactionDetail"":{""Amount"":60.0,""DispensedTotal"":60.0,""BillDenom_01"":1,""BillDenom_02"":5,""BillDenom_03"":10,""BillDenom_04"":20,""BillDenom_05"":50,""BillDenom_06"":100,""CoinDenom_01"":1,""CoinDenom_02"":5,""CoinDenom_03"":10,""CoinDenom_04"":25,""CoinDenom_05"":0,""CoinDenom_06"":0,""BillCount_01"":0,""BillCount_02"":0,""BillCount_03"":0,""BillCount_04"":3,""BillCount_05"":0,""BillCount_06"":0,""CoinCount_01"":0,""CoinCount_02"":0,""CoinCount_03"":0,""CoinCount_04"":0,""CoinCount_05"":0,""CoinCount_06"":0,""ManualPay"":0.0,""TransactionNumber"":0,""TransactionType"":""WDRAWTX""}}'",2025-06-05 13:31:49.889-07:00,2025060513311306,60.0,60.0,COMPLETED,3363,0605,nan,WDRAWTX,ATM
"___13:51:12 403002 ATM.     'Posting Transaction Result  0:{""type"":""ATM"",""accountType"":""CHEKAC"",""seqNumber"":""2025060513503706"",""Authorization"":{""AuthNumber"":""3364"",""ErrorCode"":""0"",""ErrorDescription"":""0"",""Fee"":4.95,""OrderId"":""3364"",""RegisterTime"":""2025-06-05T13:51:12.769-07:00"",""TransactionNumber"":2025060513503706},""Operation"":{""Amount"":300.0,""BillDespensed"":300.0,""CardNumber"":""9272"",""HostIP"":"""",""RegistrationDatetime"":""2025-06-05T13:51:12.769-07:00"",""SequenceNumber"":""2025060513503706"",""Status"":""COMPLETED""},""TransactionDetail"":{""Amount"":300.0,""DispensedTotal"":300.0,""BillDenom_01"":1,""BillDenom_02"":5,""BillDenom_03"":10,""BillDenom_04"":20,""BillDenom_05"":50,""BillDenom_06"":100,""CoinDenom_01"":1,""CoinDenom_02"":5,""CoinDenom_03"":10,""CoinDenom_04"":25,""CoinDenom_05"":0,""CoinDenom_06"":0,""BillCount_01"":0,""BillCount_02"":0,""BillCount_03"":0,""BillCount_04"":0,""BillCount_05"":0,""BillCount_06"":3,""CoinCount_01"":0,""CoinCount_02"":0,""CoinCount_03"":0,""CoinCount_04"":0,""CoinCount_05"":0,""CoinCount_06"":0,""ManualPay"":0.0,""TransactionNumber"":0,""TransactionType"":""WDRAWTX""}}'",2025-06-05 13:51:12.769-07:00,2025060513503706,300.0,300.0,COMPLETED,3364,9272,nan,WDRAWTX,ATM
"___00:18:39 401000 ------------>Cash Advance Transaction Info. 'Posting Transaction Result  0:{""type"":""QUICKPOSDebit"",""accountType"":""CHEKAC"",""seqNumber"":""0531202500180186"",""Authorization"":{""AuthNumber"":""2680"",""ErrorCode"":""0"",""ErrorDescription"":""0"",""Fee"":4.0,""RegisterTime"":""2025-05-31T00:18:39.511-07:00"",""TransactionNumber"":531202500180186},""Operation"":{""Amount"":80.0,""BillDespensed"":80.0,""CardNumber"":""1424"",""HostIP"":"""",""RegistrationDatetime"":""2025-05-31T00:18:39.511-07:00"",""SequenceNumber"":""0531202500180186"",""Status"":""COMPLETED""},""TransactionDetail"":{""Amount"":80.0,""DispensedTotal"":80.0,""BillDenom_01"":1,""BillDenom_02"":5,""BillDenom_03"":10,""BillDenom_04"":20,""BillDenom_05"":50,""BillDenom_06"":100,""CoinDenom_01"":1,""CoinDenom_02"":5,""CoinDenom_03"":10,""CoinDenom_04"":25,""CoinDenom_05"":0,""CoinDenom_06"":0,""BillCount_01"":0,""BillCount_02"":0,""BillCount_03"":0,""BillCount_04"":4,""BillCount_05"":0,""BillCount_06"":0,""CoinCount_01"":0,""CoinCount_02"":0,""CoinCount_03"":0,""CoinCount_04"":0,""CoinCount_05"":0,""CoinCount_06"":0,""ManualPay"":0.0,""TransactionNumber"":0,""TransactionType"":""QPOSDEBITX""}}'",2025-05-31 00:18:39.511-07:00,0531202500180186,80.0,80.0,COMPLETED,2680,1424,nan,QPOSDEBITX,QUICKPOSDebit
"___06:39:24 401000 ------------>Cash Advance Transaction Info. 'Posting Transaction Result  0:{""type"":""QUICKPOSDebit"",""accountType"":""CHEKAC"",""seqNumber"":""0531202506384311"",""Authorization"":{""AuthNumber"":""2710"",""ErrorCode"":""0"",""ErrorDescription"":""0"",""Fee"":25.0,""RegisterTime"":""2025-05-31T06:39:24.625-07:00"",""TransactionNumber"":531202506384311},""Operation"":{""Amount"":500.0,""BillDespensed"":500.0,""CardNumber"":""0017"",""HostIP"":"""",""RegistrationDatetime"":""2025-05-31T06:39:24.625-07:00"",""SequenceNumber"":""0531202506384311"",""Status"":""COMPLETED""},""TransactionDetail"":{""Amount"":500.0,""DispensedTotal"":500.0,""BillDenom_01"":1,""BillDenom_02"":5,""BillDenom_03"":10,""BillDenom_04"":20,""BillDenom_05"":50,""BillDenom_06"":100,""CoinDenom_01"":1,""CoinDenom_02"":5,""CoinDenom_03"":10,""CoinDenom_04"":25,""CoinDenom_05"":0,""CoinDenom_06"":0,""BillCount_01"":0,""BillCount_02"":0,""BillCount_03"":0,""BillCount_04"":0,""BillCount_05"":0,""BillCount_06"":5,""CoinCount_01"":0,""CoinCount_02"":0,""CoinCount_03"":0,""CoinCount_04"":0,""CoinCount_05"":0,""CoinCount_06"":0,""ManualPay"":0.0,""TransactionNumber"":0,""TransactionType"":""QPOSDEBITX""}}'",2025-05-31 06:39:24.625-07:00,0531202506384311,500.0,500.0,COMPLETED,2710,0017,nan,QPOSDEBITX,QUICKPOSDebit
"___13:59:29 401000 ------------>Cash Advance Transaction Info. 'Posting Transaction Result  0:{""type"":""QUICKPOSDebit"",""accountType"":""CHEKAC"",""seqNumber"":""0531202513583728"",""Authorization"":{""AuthNumber"":""2740"",""ErrorCode"":""0"",""ErrorDescription"":""0"",""Fee"":10.0,""RegisterTime"":""2025-05-31T13:59:29.693-07:00"",""TransactionNumber"":531202513583728},""Operation"":{""Amount"":200.0,""BillDespensed"":200.0,""CardNumber"":""5469"",""HostIP"":"""",""RegistrationDatetime"":""2025-05-31T13:59:29.693-07:00"",""SequenceNumber"":""0531202513583728"",""Status"":""COMPLETED""},""TransactionDetail"":{""Amount"":200.0,""DispensedTotal"":200.0,""BillDenom_01"":1,""BillDenom_02"":5,""BillDenom_03"":10,""BillDenom_04"":20,""BillDenom_05"":50,""BillDenom_06"":100,""CoinDenom_01"":1,""CoinDenom_02"":5,""CoinDenom_03"":10,""CoinDenom_04"":25,""CoinDenom_05"":0,""CoinDenom_06"":0,""BillCount_01"":0,""BillCount_02"":0,""BillCount_03"":0,""BillCount_04"":0,""BillCount_05"":0,""BillCount_06"":2,""CoinCount_01"":0,""CoinCount_02"":0,""CoinCount_03"":0,""CoinCount_04"":0,""CoinCount_05"":0,""CoinCount_06"":0,""ManualPay"":0.0,""TransactionNumber"":0,""TransactionType"":""QPOSDEBITX""}}'",2025-05-31 13:59:29.693-07:00,0531202513583728,200.0,200.0,COMPLETED,2740,5469,nan,QPOSDEBITX,QUICKPOSDebit
"___15:21:37 401000 ------------>Cash Advance Transaction Info. 'Posting Transaction Result  0:{""type"":""QUICKPOSDebit"",""accountType"":""CHEKAC"",""seqNumber"":""0531202515205894"",""Authorization"":{""AuthNumber"":""2751"",""ErrorCode"":""0"",""ErrorDescription"":""0"",""Fee"":2.0,""RegisterTime"":""2025-05-31T15:21:37.768-07:00"",""TransactionNumber"":531202515205894},""Operation"":{""Amount"":40.0,""BillDespensed"":40.0,""CardNumber"":""9436"",""HostIP"":"""",""RegistrationDatetime"":""2025-05-31T15:21:37.768-07:00"",""SequenceNumber"":""0531202515205894"",""Status"":""COMPLETED""},""TransactionDetail"":{""Amount"":40.0,""DispensedTotal"":40.0,""BillDenom_01"":1,""BillDenom_02"":5,""BillDenom_03"":10,""BillDenom_04"":20,""BillDenom_05"":50,""BillDenom_06"":100,""CoinDenom_01"":1,""CoinDenom_02"":5,""CoinDenom_03"":10,""CoinDenom_04"":25,""CoinDenom_05"":0,""CoinDenom_06"":0,""BillCount_01"":0,""BillCount_02"":0,""BillCount_03"":0,""BillCount_04"":2,""BillCount_05"":0,""BillCount_06"":0,""CoinCount_01"":0,""CoinCount_02"":0,""CoinCount_03"":0,""CoinCount_04"":0,""CoinCount_05"":0,""CoinCount_06"":0,""ManualPay"":0.0,""TransactionNumber"":0,""TransactionType"":""QPOSDEBITX""}}'",2025-05-31 15:21:37.768-07:00,0531202515205894,40.0,40.0,COMPLETED,2751,9436,nan,QPOSDEBITX,QUICKPOSDebit
"___15:45:07 401000 ------------>Cash Advance Transaction Info. 'Posting Transaction Result  0:{""type"":""QUICKPOSDebit"",""accountType"":""CHEKAC"",""seqNumber"":""0531202515441420"",""Authorization"":{""AuthNumber"":""2753"",""ErrorCode"":""0"",""ErrorDescription"":""0"",""Fee"":18.0,""RegisterTime"":""2025-05-31T15:45:07.866-07:00"",""TransactionNumber"":531202515441420},""Operation"":{""Amount"":360.0,""BillDespensed"":360.0,""CardNumber"":""5731"",""HostIP"":"""",""RegistrationDatetime"":""2025-05-31T15:45:07.866-07:00"",""SequenceNumber"":""0531202515441420"",""Status"":""COMPLETED""},""TransactionDetail"":{""Amount"":360.0,""DispensedTotal"":360.0,""BillDenom_01"":1,""BillDenom_02"":5,""BillDenom_03"":10,""BillDenom_04"":20,""BillDenom_05"":50,""BillDenom_06"":100,""CoinDenom_01"":1,""CoinDenom_02"":5,""CoinDenom_03"":10,""CoinDenom_04"":25,""CoinDenom_05"":0,""CoinDenom_06"":0,""BillCount_01"":0,""BillCount_02"":0,""BillCount_03"":0,""BillCount_04"":3,""BillCount_05"":0,""BillCount_06"":3,""CoinCount_01"":0,""CoinCount_02"":0,""CoinCount_03"":0,""CoinCount_04"":0,""CoinCount_05"":0,""CoinCount_06"":0,""ManualPay"":0.0,""TransactionNumber"":0,""TransactionType"":""QPOSDEBITX""}}'",2025-05-31 15:45:07.866-07:00,0531202515441420,360.0,360.0,COMPLETED,2753,5731,nan,QPOSDEBITX,QUICKPOSDebit
"___17:21:56 401000 ------------>Cash Advance Transaction Info. 'Posting Transaction Result  0:{""type"":""QUICKPOSDebit"",""accountType"":""CHEKAC"",""seqNumber"":""0531202517213920"",""Authorization"":{""ErrorCode"":""0"",""ErrorDescription"":""0"",""Fee"":9.0,""RegisterTime"":""2025-05-31T17:21:56.480-07:00"",""TransactionNumber"":531202517213920},""Operation"":{""Amount"":180.0,""BillDespensed"":0.0,""CardNumber"":""1977"",""HostIP"":"""",""RegistrationDatetime"":""2025-05-31T17:21:56.480-07:00"",""SequenceNumber"":""0531202517213920"",""Status"":""DENIED""},""TransactionDetail"":{""Amount"":180.0,""DispensedTotal"":0.0,""BillDenom_01"":1,""BillDenom_02"":5,""BillDenom_03"":10,""BillDenom_04"":20,""BillDenom_05"":50,""BillDenom_06"":100,""CoinDenom_01"":1,""CoinDenom_02"":5,""CoinDenom_03"":10,""CoinDenom_04"":25,""CoinDenom_05"":0,""CoinDenom_06"":0,""BillCount_01"":0,""BillCount_02"":0,""BillCount_03"":0,""BillCount_04"":0,""BillCount_05"":0,""BillCount_06"":0,""CoinCount_01"":0,""CoinCount_02"":0,""CoinCount_03"":0,""CoinCount_04"":0,""CoinCount_05"":0,""CoinCount_06"":0,""ManualPay"":0.0,""TransactionNumber"":0,""TransactionType"":""QPOSDEBITX""}}'",2025-05-31 17:21:56.480-07:00,0531202517213920,180.0,0.0,DENIED,nan,1977,nan,QPOSDEBITX,QUICKPOSDebit
"___18:16:03 401000 ------------>Cash Advance Transaction Info. 'Posting Transaction Result  0:{""type"":""QUICKPOSDebit"",""accountType"":""CHEKAC"",""seqNumber"":""0531202518152534"",""Authorization"":{""AuthNumber"":""2778"",""ErrorCode"":""0"",""ErrorDescription"":""0"",""Fee"":10.0,""RegisterTime"":""2025-05-31T18:16:03.138-07:00"",""TransactionNumber"":531202518152534},""Operation"":{""Amount"":200.0,""BillDespensed"":200.0,""CardNumber"":""2392"",""HostIP"":"""",""RegistrationDatetime"":""2025-05-31T18:16:03.138-07:00"",""SequenceNumber"":""0531202518152534"",""Status"":""COMPLETED""},""TransactionDetail"":{""Amount"":200.0,""DispensedTotal"":200.0,""BillDenom_01"":1,""BillDenom_02"":5,""BillDenom_03"":10,""BillDenom_04"":20,""BillDenom_05"":50,""BillDenom_06"":100,""CoinDenom_01"":1,""CoinDenom_02"":5,""CoinDenom_03"":10,""CoinDenom_04"":25,""CoinDenom_05"":0,""CoinDenom_06"":0,""BillCount_01"":0,""BillCount_02"":0,""BillCount_03"":0,""BillCount_04"":0,""BillCount_05"":0,""BillCount_06"":2,""CoinCount_01"":0,""CoinCount_02"":0,""CoinCount_03"":0,""CoinCount_04"":0,""CoinCount_05"":0,""CoinCount_06"":0,""ManualPay"":0.0,""TransactionNumber"":0,""TransactionType"":""QPOSDEBITX""}}'",2025-05-31 18:16:03.138-07:00,0531202518152534,200.0,200.0,COMPLETED,2778,2392,nan,QPOSDEBITX,QUICKPOSDebit
"___18:42:57 401000 ------------>Cash Advance Transaction Info. 'Posting Transaction Result  0:{""type"":""QUICKPOSDebit"",""accountType"":""CHEKAC"",""seqNumber"":""0531202518414824"",""Authorization"":{""AuthNumber"":""2780"",""ErrorCode"":""0"",""ErrorDescription"":""0"",""Fee"":10.0,""RegisterTime"":""2025-05-31T18:42:57.517-07:00"",""TransactionNumber"":531202518414824},""Operation"":{""Amount"":200.0,""BillDespensed"":200.0,""CardNumber"":""1915"",""HostIP"":"""",""RegistrationDatetime"":""2025-05-31T18:42:57.517-07:00"",""SequenceNumber"":""0531202518414824"",""Status"":""COMPLETED""},""TransactionDetail"":{""Amount"":200.0,""DispensedTotal"":200.0,""BillDenom_01"":1,""BillDenom_02"":5,""BillDenom_03"":10,""BillDenom_04"":20,""BillDenom_05"":50,""BillDenom_06"":100,""CoinDenom_01"":1,""CoinDenom_02"":5,""CoinDenom_03"":10,""CoinDenom_04"":25,""CoinDenom_05"":0,""CoinDenom_06"":0,""BillCount_01"":0,""BillCount_02"":0,""BillCount_03"":0,""BillCount_04"":0,""BillCount_05"":0,""BillCount_06"":2,""CoinCount_01"":0,""CoinCount_02"":0,""CoinCount_03"":0,""CoinCount_04"":0,""CoinCount_05"":0,""CoinCount_06"":0,""ManualPay"":0.0,""TransactionNumber"":0,""TransactionType"":""QPOSDEBITX""}}'",2025-05-31 18:42:57.517-07:00,0531202518414824,200.0,200.0,COMPLETED,2780,1915,nan,QPOSDEBITX,QUICKPOSDebit
"___20:58:55 401000 ------------>Cash Advance Transaction Info. 'Posting Transaction Result  0:{""type"":""QUICKPOSDebit"",""accountType"":""CHEKAC"",""seqNumber"":""0531202520581413"",""Authorization"":{""AuthNumber"":""2804"",""ErrorCode"":""0"",""ErrorDescription"":""0"",""Fee"":5.0,""RegisterTime"":""2025-05-31T20:58:55.451-07:00"",""TransactionNumber"":531202520581413},""Operation"":{""Amount"":100.0,""BillDespensed"":100.0,""CardNumber"":""0448"",""HostIP"":"""",""RegistrationDatetime"":""2025-05-31T20:58:55.451-07:00"",""SequenceNumber"":""0531202520581413"",""Status"":""COMPLETED""},""TransactionDetail"":{""Amount"":100.0,""DispensedTotal"":100.0,""BillDenom_01"":1,""BillDenom_02"":5,""BillDenom_03"":10,""BillDenom_04"":20,""BillDenom_05"":50,""BillDenom_06"":100,""CoinDenom_01"":1,""CoinDenom_02"":5,""CoinDenom_03"":10,""CoinDenom_04"":25,""CoinDenom_05"":0,""CoinDenom_06"":0,""BillCount_01"":0,""BillCount_02"":0,""BillCount_03"":0,""BillCount_04"":0,""BillCount_05"":0,""BillCount_06"":1,""CoinCount_01"":0,""CoinCount_02"":0,""CoinCount_03"":0,""CoinCount_04"":0,""CoinCount_05"":0,""CoinCount_06"":0,""ManualPay"":0.0,""TransactionNumber"":0,""TransactionType"":""QPOSDEBITX""}}'",2025-05-31 20:58:55.451-07:00,0531202520581413,100.0,100.0,COMPLETED,2804,0448,nan,QPOSDEBITX,QUICKPOSDebit
"___22:26:59 401000 ------------>Cash Advance Transaction Info. 'Posting Transaction Result  0:{""type"":""QUICKPOSDebit"",""accountType"":""CHEKAC"",""seqNumber"":""0531202522262102"",""Authorization"":{""AuthNumber"":""2824"",""ErrorCode"":""0"",""ErrorDescription"":""0"",""Fee"":15.0,""RegisterTime"":""2025-05-31T22:26:59.697-07:00"",""TransactionNumber"":531202522262102},""Operation"":{""Amount"":300.0,""BillDespensed"":300.0,""CardNumber"":""4620"",""HostIP"":"""",""RegistrationDatetime"":""2025-05-31T22:26:59.697-07:00"",""SequenceNumber"":""0531202522262102"",""Status"":""COMPLETED""},""TransactionDetail"":{""Amount"":300.0,""DispensedTotal"":300.0,""BillDenom_01"":1,""BillDenom_02"":5,""BillDenom_03"":10,""BillDenom_04"":20,""BillDenom_05"":50,""BillDenom_06"":100,""CoinDenom_01"":1,""CoinDenom_02"":5,""CoinDenom_03"":10,""CoinDenom_04"":25,""CoinDenom_05"":0,""CoinDenom_06"":0,""BillCount_01"":0,""BillCount_02"":0,""BillCount_03"":0,""BillCount_04"":0,""BillCount_05"":0,""BillCount_06"":3,""CoinCount_01"":0,""CoinCount_02"":0,""CoinCount_03"":0,""CoinCount_04"":0,""CoinCount_05"":0,""CoinCount_06"":0,""ManualPay"":0.0,""TransactionNumber"":0,""TransactionType"":""QPOSDEBITX""}}'",2025-05-31 22:26:59.697-07:00,0531202522262102,300.0,300.0,COMPLETED,2824,4620,nan,QPOSDEBITX,QUICKPOSDebit
"___22:28:26 401000 ------------>Cash Advance Transaction Info. 'Posting Transaction Result  0:{""type"":""QUICKPOSDebit"",""accountType"":""CHEKAC"",""seqNumber"":""0531202522274909"",""Authorization"":{""AuthNumber"":""2825"",""ErrorCode"":""0"",""ErrorDescription"":""0"",""Fee"":15.0,""RegisterTime"":""2025-05-31T22:28:26.531-07:00"",""TransactionNumber"":531202522274909},""Operation"":{""Amount"":300.0,""BillDespensed"":300.0,""CardNumber"":""5703"",""HostIP"":"""",""RegistrationDatetime"":""2025-05-31T22:28:26.531-07:00"",""SequenceNumber"":""0531202522274909"",""Status"":""COMPLETED""},""TransactionDetail"":{""Amount"":300.0,""DispensedTotal"":300.0,""BillDenom_01"":1,""BillDenom_02"":5,""BillDenom_03"":10,""BillDenom_04"":20,""BillDenom_05"":50,""BillDenom_06"":100,""CoinDenom_01"":1,""CoinDenom_02"":5,""CoinDenom_03"":10,""CoinDenom_04"":25,""CoinDenom_05"":0,""CoinDenom_06"":0,""BillCount_01"":0,""BillCount_02"":0,""BillCount_03"":0,""BillCount_04"":0,""BillCount_05"":0,""BillCount_06"":3,""CoinCount_01"":0,""CoinCount_02"":0,""CoinCount_03"":0,""CoinCount_04"":0,""CoinCount_05"":0,""CoinCount_06"":0,""ManualPay"":0.0,""TransactionNumber"":0,""TransactionType"":""QPOSDEBITX""}}'",2025-05-31 22:28:26.531-07:00,0531202522274909,300.0,300.0,COMPLETED,2825,5703,nan,QPOSDEBITX,QUICKPOSDebit
"___23:05:18 401000 ------------>Cash Advance Transaction Info. 'Posting Transaction Result  0:{""type"":""QUICKPOSDebit"",""accountType"":""CHEKAC"",""seqNumber"":""0531202523050386"",""Authorization"":{""ErrorCode"":""0"",""ErrorDescription"":""0"",""Fee"":10.0,""RegisterTime"":""2025-05-31T23:05:18.900-07:00"",""TransactionNumber"":531202523050386},""Operation"":{""Amount"":200.0,""BillDespensed"":0.0,""CardNumber"":""1793"",""HostIP"":"""",""RegistrationDatetime"":""2025-05-31T23:05:18.900-07:00"",""SequenceNumber"":""0531202523050386"",""Status"":""DENIED""},""TransactionDetail"":{""Amount"":200.0,""DispensedTotal"":0.0,""BillDenom_01"":1,""BillDenom_02"":5,""BillDenom_03"":10,""BillDenom_04"":20,""BillDenom_05"":50,""BillDenom_06"":100,""CoinDenom_01"":1,""CoinDenom_02"":5,""CoinDenom_03"":10,""CoinDenom_04"":25,""CoinDenom_05"":0,""CoinDenom_06"":0,""BillCount_01"":0,""BillCount_02"":0,""BillCount_03"":0,""BillCount_04"":0,""BillCount_05"":0,""BillCount_06"":0,""CoinCount_01"":0,""CoinCount_02"":0,""CoinCount_03"":0,""CoinCount_04"":0,""CoinCount_05"":0,""CoinCount_06"":0,""ManualPay"":0.0,""TransactionNumber"":0,""TransactionType"":""QPOSDEBITX""}}'",2025-05-31 23:05:18.900-07:00,0531202523050386,200.0,0.0,DENIED,nan,1793,nan,QPOSDEBITX,QUICKPOSDebit
"___01:41:44 401000 ------------>Cash Advance Transaction Info. 'Posting Transaction Result  0:{""type"":""POSTicketPurchase"",""accountType"":""CHEKAC"",""seqNumber"":""0601202501412904"",""Authorization"":{""AuthNumber"":""2881"",""ErrorCode"":""0"",""ErrorDescription"":""0"",""Fee"":15.0,""RegisterTime"":""2025-06-01T01:41:44.354-07:00"",""TransactionNumber"":601202501412904},""Operation"":{""Amount"":300.0,""BillDespensed"":0.0,""CardNumber"":""1555"",""HostIP"":"""",""RegistrationDatetime"":""2025-06-01T01:41:44.354-07:00"",""SequenceNumber"":""0601202501412904"",""Status"":""COMPLETED""},""TransactionDetail"":{""Amount"":300.0,""DispensedTotal"":0.0,""BillDenom_01"":1,""BillDenom_02"":5,""BillDenom_03"":10,""BillDenom_04"":20,""BillDenom_05"":50,""BillDenom_06"":100,""CoinDenom_01"":1,""CoinDenom_02"":5,""CoinDenom_03"":10,""CoinDenom_04"":25,""CoinDenom_05"":0,""CoinDenom_06"":0,""BillCount_01"":0,""BillCount_02"":0,""BillCount_03"":0,""BillCount_04"":0,""BillCount_05"":0,""BillCount_06"":0,""CoinCount_01"":0,""CoinCount_02"":0,""CoinCount_03"":0,""CoinCount_04"":0,""CoinCount_05"":0,""CoinCount_06"":0,""ManualPay"":0.0,""TransactionNumber"":0,""TransactionType"":""POSTKDEBTX""}}'",2025-06-01 01:41:44.354-07:00,0601202501412904,300.0,0.0,COMPLETED,2881,1555,nan,POSTKDEBTX,POSTicketPurchase
"___04:41:31 401000 ------------>Cash Advance Transaction Info. 'Posting Transaction Result  0:{""type"":""QUICKPOSDebit"",""accountType"":""CHEKAC"",""seqNumber"":""0601202504405390"",""Authorization"":{""AuthNumber"":""2906"",""ErrorCode"":""0"",""ErrorDescription"":""0"",""Fee"":6.0,""RegisterTime"":""2025-06-01T04:41:31.817-07:00"",""TransactionNumber"":601202504405390},""Operation"":{""Amount"":120.0,""BillDespensed"":120.0,""CardNumber"":""5531"",""HostIP"":"""",""RegistrationDatetime"":""2025-06-01T04:41:31.817-07:00"",""SequenceNumber"":""0601202504405390"",""Status"":""COMPLETED""},""TransactionDetail"":{""Amount"":120.0,""DispensedTotal"":120.0,""BillDenom_01"":1,""BillDenom_02"":5,""BillDenom_03"":10,""BillDenom_04"":20,""BillDenom_05"":50,""BillDenom_06"":100,""CoinDenom_01"":1,""CoinDenom_02"":5,""CoinDenom_03"":10,""CoinDenom_04"":25,""CoinDenom_05"":0,""CoinDenom_06"":0,""BillCount_01"":0,""BillCount_02"":0,""BillCount_03"":0,""BillCount_04"":1,""BillCount_05"":0,""BillCount_06"":1,""CoinCount_01"":0,""CoinCount_02"":0,""CoinCount_03"":0,""CoinCount_04"":0,""CoinCount_05"":0,""CoinCount_06"":0,""ManualPay"":0.0,""TransactionNumber"":0,""TransactionType"":""QPOSDEBITX""}}'",2025-06-01 04:41:31.817-07:00,0601202504405390,120.0,120.0,COMPLETED,2906,5531,nan,QPOSDEBITX,QUICKPOSDebit
"___09:36:49 401000 ------------>Cash Advance Transaction Info. 'Posting Transaction Result  0:{""type"":""QUICKPOSDebit"",""accountType"":""CHEKAC"",""seqNumber"":""0601202509363151"",""Authorization"":{""ErrorCode"":""0"",""ErrorDescription"":""0"",""Fee"":25.0,""RegisterTime"":""2025-06-01T09:36:49.247-07:00"",""TransactionNumber"":601202509363151},""Operation"":{""Amount"":500.0,""BillDespensed"":0.0,""CardNumber"":""4004"",""HostIP"":"""",""RegistrationDatetime"":""2025-06-01T09:36:49.247-07:00"",""SequenceNumber"":""0601202509363151"",""Status"":""DENIED""},""TransactionDetail"":{""Amount"":500.0,""DispensedTotal"":0.0,""BillDenom_01"":1,""BillDenom_02"":5,""BillDenom_03"":10,""BillDenom_04"":20,""BillDenom_05"":50,""BillDenom_06"":100,""CoinDenom_01"":1,""CoinDenom_02"":5,""CoinDenom_03"":10,""CoinDenom_04"":25,""CoinDenom_05"":0,""CoinDenom_06"":0,""BillCount_01"":0,""BillCount_02"":0,""BillCount_03"":0,""BillCount_04"":0,""BillCount_05"":0,""BillCount_06"":0,""CoinCount_01"":0,""CoinCount_02"":0,""CoinCount_03"":0,""CoinCount_04"":0,""CoinCount_05"":0,""CoinCount_06"":0,""ManualPay"":0.0,""TransactionNumber"":0,""TransactionType"":""QPOSDEBITX""}}'",2025-06-01 09:36:49.247-07:00,0601202509363151,500.0,0.0,DENIED,nan,4004,nan,QPOSDEBITX,QUICKPOSDebit
"___13:07:18 401000 ------------>Cash Advance Transaction Info. 'Posting Transaction Result  0:{""type"":""QUICKPOSDebit"",""accountType"":""CHEKAC"",""seqNumber"":""0601202513063346"",""Authorization"":{""AuthNumber"":""2938"",""ErrorCode"":""0"",""ErrorDescription"":""0"",""Fee"":10.0,""RegisterTime"":""2025-06-01T13:07:18.627-07:00"",""TransactionNumber"":601202513063346},""Operation"":{""Amount"":200.0,""BillDespensed"":200.0,""CardNumber"":""0353"",""HostIP"":"""",""RegistrationDatetime"":""2025-06-01T13:07:18.627-07:00"",""SequenceNumber"":""0601202513063346"",""Status"":""COMPLETED""},""TransactionDetail"":{""Amount"":200.0,""DispensedTotal"":200.0,""BillDenom_01"":1,""BillDenom_02"":5,""BillDenom_03"":10,""BillDenom_04"":20,""BillDenom_05"":50,""BillDenom_06"":100,""CoinDenom_01"":1,""CoinDenom_02"":5,""CoinDenom_03"":10,""CoinDenom_04"":25,""CoinDenom_05"":0,""CoinDenom_06"":0,""BillCount_01"":0,""BillCount_02"":0,""BillCount_03"":0,""BillCount_04"":0,""BillCount_05"":0,""BillCount_06"":2,""CoinCount_01"":0,""CoinCount_02"":0,""CoinCount_03"":0,""CoinCount_04"":0,""CoinCount_05"":0,""CoinCount_06"":0,""ManualPay"":0.0,""TransactionNumber"":0,""TransactionType"":""QPOSDEBITX""}}'",2025-06-01 13:07:18.627-07:00,0601202513063346,200.0,200.0,COMPLETED,2938,0353,nan,QPOSDEBITX,QUICKPOSDebit
"___16:20:14 401000 ------------>Cash Advance Transaction Info. 'Posting Transaction Result  0:{""type"":""QUICKPOSDebit"",""accountType"":""CHEKAC"",""seqNumber"":""0601202516193264"",""Authorization"":{""AuthNumber"":""2976"",""ErrorCode"":""0"",""ErrorDescription"":""0"",""Fee"":10.0,""RegisterTime"":""2025-06-01T16:20:14.431-07:00"",""TransactionNumber"":601202516193264},""Operation"":{""Amount"":200.0,""BillDespensed"":200.0,""CardNumber"":""5498"",""HostIP"":"""",""RegistrationDatetime"":""2025-06-01T16:20:14.431-07:00"",""SequenceNumber"":""0601202516193264"",""Status"":""COMPLETED""},""TransactionDetail"":{""Amount"":200.0,""DispensedTotal"":200.0,""BillDenom_01"":1,""BillDenom_02"":5,""BillDenom_03"":10,""BillDenom_04"":20,""BillDenom_05"":50,""BillDenom_06"":100,""CoinDenom_01"":1,""CoinDenom_02"":5,""CoinDenom_03"":10,""CoinDenom_04"":25,""CoinDenom_05"":0,""CoinDenom_06"":0,""BillCount_01"":0,""BillCount_02"":0,""BillCount_03"":0,""BillCount_04"":0,""BillCount_05"":0,""BillCount_06"":2,""CoinCount_01"":0,""CoinCount_02"":0,""CoinCount_03"":0,""CoinCount_04"":0,""CoinCount_05"":0,""CoinCount_06"":0,""ManualPay"":0.0,""TransactionNumber"":0,""TransactionType"":""QPOSDEBITX""}}'",2025-06-01 16:20:14.431-07:00,0601202516193264,200.0,200.0,COMPLETED,2976,5498,nan,QPOSDEBITX,QUICKPOSDebit
"___17:05:47 401000 ------------>Cash Advance Transaction Info. 'Posting Transaction Result  0:{""type"":""QUICKPOSDebit"",""accountType"":""CHEKAC"",""seqNumber"":""0601202517050348"",""Authorization"":{""AuthNumber"":""2985"",""ErrorCode"":""0"",""ErrorDescription"":""0"",""Fee"":10.0,""RegisterTime"":""2025-06-01T17:05:47.151-07:00"",""TransactionNumber"":601202517050348},""Operation"":{""Amount"":200.0,""BillDespensed"":200.0,""CardNumber"":""5498"",""HostIP"":"""",""RegistrationDatetime"":""2025-06-01T17:05:47.151-07:00"",""SequenceNumber"":""0601202517050348"",""Status"":""COMPLETED""},""TransactionDetail"":{""Amount"":200.0,""DispensedTotal"":200.0,""BillDenom_01"":1,""BillDenom_02"":5,""BillDenom_03"":10,""BillDenom_04"":20,""BillDenom_05"":50,""BillDenom_06"":100,""CoinDenom_01"":1,""CoinDenom_02"":5,""CoinDenom_03"":10,""CoinDenom_04"":25,""CoinDenom_05"":0,""CoinDenom_06"":0,""BillCount_01"":0,""BillCount_02"":0,""BillCount_03"":0,""BillCount_04"":0,""BillCount_05"":0,""BillCount_06"":2,""CoinCount_01"":0,""CoinCount_02"":0,""CoinCount_03"":0,""CoinCount_04"":0,""CoinCount_05"":0,""CoinCount_06"":0,""ManualPay"":0.0,""TransactionNumber"":0,""TransactionType"":""QPOSDEBITX""}}'",2025-06-01 17:05:47.151-07:00,0601202517050348,200.0,200.0,COMPLETED,2985,5498,nan,QPOSDEBITX,QUICKPOSDebit
"___17:34:07 401000 ------------>Cash Advance Transaction Info. 'Posting Transaction Result  0:{""type"":""POSTicketPurchase"",""accountType"":""CHEKAC"",""seqNumber"":""0601202517335653"",""Authorization"":{""AuthNumber"":""2991"",""ErrorCode"":""0"",""ErrorDescription"":""0"",""Fee"":5.0,""RegisterTime"":""2025-06-01T17:34:07.462-07:00"",""TransactionNumber"":601202517335653},""Operation"":{""Amount"":100.0,""BillDespensed"":0.0,""CardNumber"":""3267"",""HostIP"":"""",""RegistrationDatetime"":""2025-06-01T17:34:07.462-07:00"",""SequenceNumber"":""0601202517335653"",""Status"":""COMPLETED""},""TransactionDetail"":{""Amount"":100.0,""DispensedTotal"":0.0,""BillDenom_01"":1,""BillDenom_02"":5,""BillDenom_03"":10,""BillDenom_04"":20,""BillDenom_05"":50,""BillDenom_06"":100,""CoinDenom_01"":1,""CoinDenom_02"":5,""CoinDenom_03"":10,""CoinDenom_04"":25,""CoinDenom_05"":0,""CoinDenom_06"":0,""BillCount_01"":0,""BillCount_02"":0,""BillCount_03"":0,""BillCount_04"":0,""BillCount_05"":0,""BillCount_06"":0,""CoinCount_01"":0,""CoinCount_02"":0,""CoinCount_03"":0,""CoinCount_04"":0,""CoinCount_05"":0,""CoinCount_06"":0,""ManualPay"":0.0,""TransactionNumber"":0,""TransactionType"":""POSTKDEBTX""}}'",2025-06-01 17:34:07.462-07:00,0601202517335653,100.0,0.0,COMPLETED,2991,3267,nan,POSTKDEBTX,POSTicketPurchase
"___19:59:45 401000 ------------>Cash Advance Transaction Info. 'Posting Transaction Result  0:{""type"":""QUICKPOSDebit"",""accountType"":""CHEKAC"",""seqNumber"":""0601202519590282"",""Authorization"":{""AuthNumber"":""3015"",""ErrorCode"":""0"",""ErrorDescription"":""0"",""Fee"":10.0,""RegisterTime"":""2025-06-01T19:59:45.402-07:00"",""TransactionNumber"":601202519590282},""Operation"":{""Amount"":200.0,""BillDespensed"":200.0,""CardNumber"":""3692"",""HostIP"":"""",""RegistrationDatetime"":""2025-06-01T19:59:45.402-07:00"",""SequenceNumber"":""0601202519590282"",""Status"":""COMPLETED""},""TransactionDetail"":{""Amount"":200.0,""DispensedTotal"":200.0,""BillDenom_01"":1,""BillDenom_02"":5,""BillDenom_03"":10,""BillDenom_04"":20,""BillDenom_05"":50,""BillDenom_06"":100,""CoinDenom_01"":1,""CoinDenom_02"":5,""CoinDenom_03"":10,""CoinDenom_04"":25,""CoinDenom_05"":0,""CoinDenom_06"":0,""BillCount_01"":0,""BillCount_02"":0,""BillCount_03"":0,""BillCount_04"":0,""BillCount_05"":0,""BillCount_06"":2,""CoinCount_01"":0,""CoinCount_02"":0,""CoinCount_03"":0,""CoinCount_04"":0,""CoinCount_05"":0,""CoinCount_06"":0,""ManualPay"":0.0,""TransactionNumber"":0,""TransactionType"":""QPOSDEBITX""}}'",2025-06-01 19:59:45.402-07:00,0601202519590282,200.0,200.0,COMPLETED,3015,3692,nan,QPOSDEBITX,QUICKPOSDebit
"___20:08:10 401000 ------------>Cash Advance Transaction Info. 'Posting Transaction Result  0:{""type"":""POSTicketPurchase"",""accountType"":""CHEKAC"",""seqNumber"":""0601202520075145"",""Authorization"":{""ErrorCode"":""0"",""ErrorDescription"":""0"",""Fee"":13.0,""RegisterTime"":""2025-06-01T20:08:09.170-07:00"",""TransactionNumber"":601202520075145},""Operation"":{""Amount"":260.0,""BillDespensed"":0.0,""CardNumber"":""7523"",""HostIP"":"""",""RegistrationDatetime"":""2025-06-01T20:08:09.170-07:00"",""SequenceNumber"":""0601202520075145"",""Status"":""DENIED""},""TransactionDetail"":{""Amount"":260.0,""DispensedTotal"":0.0,""BillDenom_01"":1,""BillDenom_02"":5,""BillDenom_03"":10,""BillDenom_04"":20,""BillDenom_05"":50,""BillDenom_06"":100,""CoinDenom_01"":1,""CoinDenom_02"":5,""CoinDenom_03"":10,""CoinDenom_04"":25,""CoinDenom_05"":0,""CoinDenom_06"":0,""BillCount_01"":0,""BillCount_02"":0,""BillCount_03"":0,""BillCount_04"":0,""BillCount_05"":0,""BillCount_06"":0,""CoinCount_01"":0,""CoinCount_02"":0,""CoinCount_03"":0,""CoinCount_04"":0,""CoinCount_05"":0,""CoinCount_06"":0,""ManualPay"":0.0,""TransactionNumber"":0,""TransactionType"":""POSTKDEBTX""}}'",2025-06-01 20:08:09.170-07:00,0601202520075145,260.0,0.0,DENIED,nan,7523,nan,POSTKDEBTX,POSTicketPurchase
"___20:26:26 401000 ------------>Cash Advance Transaction Info. 'Posting Transaction Result  0:{""type"":""QUICKPOSDebit"",""accountType"":""CHEKAC"",""seqNumber"":""0601202520254631"",""Authorization"":{""AuthNumber"":""3023"",""ErrorCode"":""0"",""ErrorDescription"":""0"",""Fee"":4.0,""RegisterTime"":""2025-06-01T20:26:25.971-07:00"",""TransactionNumber"":601202520254631},""Operation"":{""Amount"":80.0,""BillDespensed"":80.0,""CardNumber"":""6490"",""HostIP"":"""",""RegistrationDatetime"":""2025-06-01T20:26:25.971-07:00"",""SequenceNumber"":""0601202520254631"",""Status"":""COMPLETED""},""TransactionDetail"":{""Amount"":80.0,""DispensedTotal"":80.0,""BillDenom_01"":1,""BillDenom_02"":5,""BillDenom_03"":10,""BillDenom_04"":20,""BillDenom_05"":50,""BillDenom_06"":100,""CoinDenom_01"":1,""CoinDenom_02"":5,""CoinDenom_03"":10,""CoinDenom_04"":25,""CoinDenom_05"":0,""CoinDenom_06"":0,""BillCount_01"":0,""BillCount_02"":0,""BillCount_03"":0,""BillCount_04"":4,""BillCount_05"":0,""BillCount_06"":0,""CoinCount_01"":0,""CoinCount_02"":0,""CoinCount_03"":0,""CoinCount_04"":0,""CoinCount_05"":0,""CoinCount_06"":0,""ManualPay"":0.0,""TransactionNumber"":0,""TransactionType"":""QPOSDEBITX""}}'",2025-06-01 20:26:25.971-07:00,0601202520254631,80.0,80.0,COMPLETED,3023,6490,nan,QPOSDEBITX,QUICKPOSDebit
"___20:58:02 401000 ------------>Cash Advance Transaction Info. 'Posting Transaction Result  0:{""type"":""POSTicketPurchase"",""accountType"":""CHEKAC"",""seqNumber"":""0601202520574006"",""Authorization"":{""AuthNumber"":""3031"",""ErrorCode"":""0"",""ErrorDescription"":""0"",""Fee"":15.0,""RegisterTime"":""2025-06-01T20:58:01.359-07:00"",""TransactionNumber"":601202520574006},""Operation"":{""Amount"":300.0,""BillDespensed"":0.0,""CardNumber"":""9742"",""HostIP"":"""",""RegistrationDatetime"":""2025-06-01T20:58:01.359-07:00"",""SequenceNumber"":""0601202520574006"",""Status"":""COMPLETED""},""TransactionDetail"":{""Amount"":300.0,""DispensedTotal"":0.0,""BillDenom_01"":1,""BillDenom_02"":5,""BillDenom_03"":10,""BillDenom_04"":20,""BillDenom_05"":50,""BillDenom_06"":100,""CoinDenom_01"":1,""CoinDenom_02"":5,""CoinDenom_03"":10,""CoinDenom_04"":25,""CoinDenom_05"":0,""CoinDenom_06"":0,""BillCount_01"":0,""BillCount_02"":0,""BillCount_03"":0,""BillCount_04"":0,""BillCount_05"":0,""BillCount_06"":0,""CoinCount_01"":0,""CoinCount_02"":0,""CoinCount_03"":0,""CoinCount_04"":0,""CoinCount_05"":0,""CoinCount_06"":0,""ManualPay"":0.0,""TransactionNumber"":0,""TransactionType"":""POSTKDEBTX""}}'",2025-06-01 20:58:01.359-07:00,0601202520574006,300.0,0.0,COMPLETED,3031,9742,nan,POSTKDEBTX,POSTicketPurchase
"___21:58:59 401000 ------------>Cash Advance Transaction Info. 'Posting Transaction Result  0:{""type"":""QUICKPOSDebit"",""accountType"":""CHEKAC"",""seqNumber"":""0601202521581534"",""Authorization"":{""AuthNumber"":""3042"",""ErrorCode"":""0"",""ErrorDescription"":""0"",""Fee"":25.0,""RegisterTime"":""2025-06-01T21:58:58.977-07:00"",""TransactionNumber"":601202521581534},""Operation"":{""Amount"":500.0,""BillDespensed"":500.0,""CardNumber"":""8188"",""HostIP"":"""",""RegistrationDatetime"":""2025-06-01T21:58:58.977-07:00"",""SequenceNumber"":""0601202521581534"",""Status"":""COMPLETED""},""TransactionDetail"":{""Amount"":500.0,""DispensedTotal"":500.0,""BillDenom_01"":1,""BillDenom_02"":5,""BillDenom_03"":10,""BillDenom_04"":20,""BillDenom_05"":50,""BillDenom_06"":100,""CoinDenom_01"":1,""CoinDenom_02"":5,""CoinDenom_03"":10,""CoinDenom_04"":25,""CoinDenom_05"":0,""CoinDenom_06"":0,""BillCount_01"":0,""BillCount_02"":0,""BillCount_03"":0,""BillCount_04"":0,""BillCount_05"":0,""BillCount_06"":5,""CoinCount_01"":0,""CoinCount_02"":0,""CoinCount_03"":0,""CoinCount_04"":0,""CoinCount_05"":0,""CoinCount_06"":0,""ManualPay"":0.0,""TransactionNumber"":0,""TransactionType"":""QPOSDEBITX""}}'",2025-06-01 21:58:58.977-07:00,0601202521581534,500.0,500.0,COMPLETED,3042,8188,nan,QPOSDEBITX,QUICKPOSDebit
"___23:23:27 401000 ------------>Cash Advance Transaction Info. 'Posting Transaction Result  0:{""type"":""QUICKPOSDebit"",""accountType"":""CHEKAC"",""seqNumber"":""0601202523224550"",""Authorization"":{""AuthNumber"":""3058"",""ErrorCode"":""0"",""ErrorDescription"":""0"",""Fee"":2.0,""RegisterTime"":""2025-06-01T23:23:27.251-07:00"",""TransactionNumber"":601202523224550},""Operation"":{""Amount"":40.0,""BillDespensed"":40.0,""CardNumber"":""6620"",""HostIP"":"""",""RegistrationDatetime"":""2025-06-01T23:23:27.251-07:00"",""SequenceNumber"":""0601202523224550"",""Status"":""COMPLETED""},""TransactionDetail"":{""Amount"":40.0,""DispensedTotal"":40.0,""BillDenom_01"":1,""BillDenom_02"":5,""BillDenom_03"":10,""BillDenom_04"":20,""BillDenom_05"":50,""BillDenom_06"":100,""CoinDenom_01"":1,""CoinDenom_02"":5,""CoinDenom_03"":10,""CoinDenom_04"":25,""CoinDenom_05"":0,""CoinDenom_06"":0,""BillCount_01"":0,""BillCount_02"":0,""BillCount_03"":0,""BillCount_04"":2,""BillCount_05"":0,""BillCount_06"":0,""CoinCount_01"":0,""CoinCount_02"":0,""CoinCount_03"":0,""CoinCount_04"":0,""CoinCount_05"":0,""CoinCount_06"":0,""ManualPay"":0.0,""TransactionNumber"":0,""TransactionType"":""QPOSDEBITX""}}'",2025-06-01 23:23:27.251-07:00,0601202523224550,40.0,40.0,COMPLETED,3058,6620,nan,QPOSDEBITX,QUICKPOSDebit
"___00:21:06 401000 ------------>Cash Advance Transaction Info. 'Posting Transaction Result  0:{""type"":""POSTicketPurchase"",""accountType"":""CHEKAC"",""seqNumber"":""0602202500205679"",""Authorization"":{""AuthNumber"":""3066"",""ErrorCode"":""0"",""ErrorDescription"":""0"",""Fee"":1.0,""RegisterTime"":""2025-06-02T00:21:06.270-07:00"",""TransactionNumber"":602202500205679},""Operation"":{""Amount"":20.0,""BillDespensed"":0.0,""CardNumber"":""2764"",""HostIP"":"""",""RegistrationDatetime"":""2025-06-02T00:21:06.270-07:00"",""SequenceNumber"":""0602202500205679"",""Status"":""COMPLETED""},""TransactionDetail"":{""Amount"":20.0,""DispensedTotal"":0.0,""BillDenom_01"":1,""BillDenom_02"":5,""BillDenom_03"":10,""BillDenom_04"":20,""BillDenom_05"":50,""BillDenom_06"":100,""CoinDenom_01"":1,""CoinDenom_02"":5,""CoinDenom_03"":10,""CoinDenom_04"":25,""CoinDenom_05"":0,""CoinDenom_06"":0,""BillCount_01"":0,""BillCount_02"":0,""BillCount_03"":0,""BillCount_04"":0,""BillCount_05"":0,""BillCount_06"":0,""CoinCount_01"":0,""CoinCount_02"":0,""CoinCount_03"":0,""CoinCount_04"":0,""CoinCount_05"":0,""CoinCount_06"":0,""ManualPay"":0.0,""TransactionNumber"":0,""TransactionType"":""POSTKDEBTX""}}'",2025-06-02 00:21:06.270-07:00,0602202500205679,20.0,0.0,COMPLETED,3066,2764,nan,POSTKDEBTX,POSTicketPurchase
"___03:26:27 401000 ------------>Cash Advance Transaction Info. 'Posting Transaction Result  0:{""type"":""QUICKPOSDebit"",""accountType"":""CHEKAC"",""seqNumber"":""0602202503253137"",""Authorization"":{""AuthNumber"":""3081"",""ErrorCode"":""0"",""ErrorDescription"":""0"",""Fee"":10.0,""RegisterTime"":""2025-06-02T03:26:27.199-07:00"",""TransactionNumber"":602202503253137},""Operation"":{""Amount"":200.0,""BillDespensed"":200.0,""CardNumber"":""9525"",""HostIP"":"""",""RegistrationDatetime"":""2025-06-02T03:26:27.199-07:00"",""SequenceNumber"":""0602202503253137"",""Status"":""COMPLETED""},""TransactionDetail"":{""Amount"":200.0,""DispensedTotal"":200.0,""BillDenom_01"":1,""BillDenom_02"":5,""BillDenom_03"":10,""BillDenom_04"":20,""BillDenom_05"":50,""BillDenom_06"":100,""CoinDenom_01"":1,""CoinDenom_02"":5,""CoinDenom_03"":10,""CoinDenom_04"":25,""CoinDenom_05"":0,""CoinDenom_06"":0,""BillCount_01"":0,""BillCount_02"":0,""BillCount_03"":0,""BillCount_04"":0,""BillCount_05"":0,""BillCount_06"":2,""CoinCount_01"":0,""CoinCount_02"":0,""CoinCount_03"":0,""CoinCount_04"":0,""CoinCount_05"":0,""CoinCount_06"":0,""ManualPay"":0.0,""TransactionNumber"":0,""TransactionType"":""QPOSDEBITX""}}'",2025-06-02 03:26:27.199-07:00,0602202503253137,200.0,200.0,COMPLETED,3081,9525,nan,QPOSDEBITX,QUICKPOSDebit
"___04:37:01 401000 ------------>Cash Advance Transaction Info. 'Posting Transaction Result  0:{""type"":""QUICKPOSDebit"",""accountType"":""CHEKAC"",""seqNumber"":""0602202504362223"",""Authorization"":{""AuthNumber"":""3084"",""ErrorCode"":""0"",""ErrorDescription"":""0"",""Fee"":5.0,""RegisterTime"":""2025-06-02T04:37:01.465-07:00"",""TransactionNumber"":602202504362223},""Operation"":{""Amount"":100.0,""BillDespensed"":100.0,""CardNumber"":""0947"",""HostIP"":"""",""RegistrationDatetime"":""2025-06-02T04:37:01.465-07:00"",""SequenceNumber"":""0602202504362223"",""Status"":""COMPLETED""},""TransactionDetail"":{""Amount"":100.0,""DispensedTotal"":100.0,""BillDenom_01"":1,""BillDenom_02"":5,""BillDenom_03"":10,""BillDenom_04"":20,""BillDenom_05"":50,""BillDenom_06"":100,""CoinDenom_01"":1,""CoinDenom_02"":5,""CoinDenom_03"":10,""CoinDenom_04"":25,""CoinDenom_05"":0,""CoinDenom_06"":0,""BillCount_01"":0,""BillCount_02"":0,""BillCount_03"":0,""BillCount_04"":0,""BillCount_05"":0,""BillCount_06"":1,""CoinCount_01"":0,""CoinCount_02"":0,""CoinCount_03"":0,""CoinCount_04"":0,""CoinCount_05"":0,""CoinCount_06"":0,""ManualPay"":0.0,""TransactionNumber"":0,""TransactionType"":""QPOSDEBITX""}}'",2025-06-02 04:37:01.465-07:00,0602202504362223,100.0,100.0,COMPLETED,3084,0947,nan,QPOSDEBITX,QUICKPOSDebit
"___04:41:03 401000 ------------>Cash Advance Transaction Info. 'Posting Transaction Result  0:{""type"":""QUICKPOSDebit"",""accountType"":""CHEKAC"",""seqNumber"":""0602202504402842"",""Authorization"":{""AuthNumber"":""3085"",""ErrorCode"":""0"",""ErrorDescription"":""0"",""Fee"":10.0,""RegisterTime"":""2025-06-02T04:41:03.477-07:00"",""TransactionNumber"":602202504402842},""Operation"":{""Amount"":200.0,""BillDespensed"":200.0,""CardNumber"":""2920"",""HostIP"":"""",""RegistrationDatetime"":""2025-06-02T04:41:03.477-07:00"",""SequenceNumber"":""0602202504402842"",""Status"":""COMPLETED""},""TransactionDetail"":{""Amount"":200.0,""DispensedTotal"":200.0,""BillDenom_01"":1,""BillDenom_02"":5,""BillDenom_03"":10,""BillDenom_04"":20,""BillDenom_05"":50,""BillDenom_06"":100,""CoinDenom_01"":1,""CoinDenom_02"":5,""CoinDenom_03"":10,""CoinDenom_04"":25,""CoinDenom_05"":0,""CoinDenom_06"":0,""BillCount_01"":0,""BillCount_02"":0,""BillCount_03"":0,""BillCount_04"":0,""BillCount_05"":0,""BillCount_06"":2,""CoinCount_01"":0,""CoinCount_02"":0,""CoinCount_03"":0,""CoinCount_04"":0,""CoinCount_05"":0,""CoinCount_06"":0,""ManualPay"":0.0,""TransactionNumber"":0,""TransactionType"":""QPOSDEBITX""}}'",2025-06-02 04:41:03.477-07:00,0602202504402842,200.0,200.0,COMPLETED,3085,2920,nan,QPOSDEBITX,QUICKPOSDebit
"___05:05:18 401000 ------------>Cash Advance Transaction Info. 'Posting Transaction Result  0:{""type"":""QUICKPOSDebit"",""accountType"":""CHEKAC"",""seqNumber"":""0602202505044209"",""Authorization"":{""AuthNumber"":""3086"",""ErrorCode"":""0"",""ErrorDescription"":""0"",""Fee"":5.0,""RegisterTime"":""2025-06-02T05:05:18.148-07:00"",""TransactionNumber"":602202505044209},""Operation"":{""Amount"":100.0,""BillDespensed"":100.0,""CardNumber"":""2920"",""HostIP"":"""",""RegistrationDatetime"":""2025-06-02T05:05:18.148-07:00"",""SequenceNumber"":""0602202505044209"",""Status"":""COMPLETED""},""TransactionDetail"":{""Amount"":100.0,""DispensedTotal"":100.0,""BillDenom_01"":1,""BillDenom_02"":5,""BillDenom_03"":10,""BillDenom_04"":20,""BillDenom_05"":50,""BillDenom_06"":100,""CoinDenom_01"":1,""CoinDenom_02"":5,""CoinDenom_03"":10,""CoinDenom_04"":25,""CoinDenom_05"":0,""CoinDenom_06"":0,""BillCount_01"":0,""BillCount_02"":0,""BillCount_03"":0,""BillCount_04"":0,""BillCount_05"":0,""BillCount_06"":1,""CoinCount_01"":0,""CoinCount_02"":0,""CoinCount_03"":0,""CoinCount_04"":0,""CoinCount_05"":0,""CoinCount_06"":0,""ManualPay"":0.0,""TransactionNumber"":0,""TransactionType"":""QPOSDEBITX""}}'",2025-06-02 05:05:18.148-07:00,0602202505044209,100.0,100.0,COMPLETED,3086,2920,nan,QPOSDEBITX,QUICKPOSDebit
"___12:22:00 401000 ------------>Cash Advance Transaction Info. 'Posting Transaction Result  0:{""type"":""QUICKPOSDebit"",""accountType"":""CHEKAC"",""seqNumber"":""0602202512212454"",""Authorization"":{""AuthNumber"":""3093"",""ErrorCode"":""0"",""ErrorDescription"":""0"",""Fee"":10.0,""RegisterTime"":""2025-06-02T12:22:00.640-07:00"",""TransactionNumber"":602202512212454},""Operation"":{""Amount"":200.0,""BillDespensed"":200.0,""CardNumber"":""9797"",""HostIP"":"""",""RegistrationDatetime"":""2025-06-02T12:22:00.640-07:00"",""SequenceNumber"":""0602202512212454"",""Status"":""COMPLETED""},""TransactionDetail"":{""Amount"":200.0,""DispensedTotal"":200.0,""BillDenom_01"":1,""BillDenom_02"":5,""BillDenom_03"":10,""BillDenom_04"":20,""BillDenom_05"":50,""BillDenom_06"":100,""CoinDenom_01"":1,""CoinDenom_02"":5,""CoinDenom_03"":10,""CoinDenom_04"":25,""CoinDenom_05"":0,""CoinDenom_06"":0,""BillCount_01"":0,""BillCount_02"":0,""BillCount_03"":0,""BillCount_04"":0,""BillCount_05"":0,""BillCount_06"":2,""CoinCount_01"":0,""CoinCount_02"":0,""CoinCount_03"":0,""CoinCount_04"":0,""CoinCount_05"":0,""CoinCount_06"":0,""ManualPay"":0.0,""TransactionNumber"":0,""TransactionType"":""QPOSDEBITX""}}'",2025-06-02 12:22:00.640-07:00,0602202512212454,200.0,200.0,COMPLETED,3093,9797,nan,QPOSDEBITX,QUICKPOSDebit
"___13:02:59 401000 ------------>Cash Advance Transaction Info. 'Posting Transaction Result  0:{""type"":""QUICKPOSDebit"",""accountType"":""CHEKAC"",""seqNumber"":""0602202513022234"",""Authorization"":{""AuthNumber"":""3096"",""ErrorCode"":""0"",""ErrorDescription"":""0"",""Fee"":10.0,""RegisterTime"":""2025-06-02T13:02:59.595-07:00"",""TransactionNumber"":602202513022234},""Operation"":{""Amount"":200.0,""BillDespensed"":200.0,""CardNumber"":""9558"",""HostIP"":"""",""RegistrationDatetime"":""2025-06-02T13:02:59.595-07:00"",""SequenceNumber"":""0602202513022234"",""Status"":""COMPLETED""},""TransactionDetail"":{""Amount"":200.0,""DispensedTotal"":200.0,""BillDenom_01"":1,""BillDenom_02"":5,""BillDenom_03"":10,""BillDenom_04"":20,""BillDenom_05"":50,""BillDenom_06"":100,""CoinDenom_01"":1,""CoinDenom_02"":5,""CoinDenom_03"":10,""CoinDenom_04"":25,""CoinDenom_05"":0,""CoinDenom_06"":0,""BillCount_01"":0,""BillCount_02"":0,""BillCount_03"":0,""BillCount_04"":0,""BillCount_05"":0,""BillCount_06"":2,""CoinCount_01"":0,""CoinCount_02"":0,""CoinCount_03"":0,""CoinCount_04"":0,""CoinCount_05"":0,""CoinCount_06"":0,""ManualPay"":0.0,""TransactionNumber"":0,""TransactionType"":""QPOSDEBITX""}}'",2025-06-02 13:02:59.595-07:00,0602202513022234,200.0,200.0,COMPLETED,3096,9558,nan,QPOSDEBITX,QUICKPOSDebit
"___22:53:32 401000 ------------>Cash Advance Transaction Info. 'Posting Transaction Result  0:{""type"":""QUICKPOSDebit"",""accountType"":""CHEKAC"",""seqNumber"":""0602202522525433"",""Authorization"":{""AuthNumber"":""3145"",""ErrorCode"":""0"",""ErrorDescription"":""0"",""Fee"":5.0,""RegisterTime"":""2025-06-02T22:53:32.436-07:00"",""TransactionNumber"":602202522525433},""Operation"":{""Amount"":100.0,""BillDespensed"":100.0,""CardNumber"":""1992"",""HostIP"":"""",""RegistrationDatetime"":""2025-06-02T22:53:32.436-07:00"",""SequenceNumber"":""0602202522525433"",""Status"":""COMPLETED""},""TransactionDetail"":{""Amount"":100.0,""DispensedTotal"":100.0,""BillDenom_01"":1,""BillDenom_02"":5,""BillDenom_03"":10,""BillDenom_04"":20,""BillDenom_05"":50,""BillDenom_06"":100,""CoinDenom_01"":1,""CoinDenom_02"":5,""CoinDenom_03"":10,""CoinDenom_04"":25,""CoinDenom_05"":0,""CoinDenom_06"":0,""BillCount_01"":0,""BillCount_02"":0,""BillCount_03"":0,""BillCount_04"":0,""BillCount_05"":0,""BillCount_06"":1,""CoinCount_01"":0,""CoinCount_02"":0,""CoinCount_03"":0,""CoinCount_04"":0,""CoinCount_05"":0,""CoinCount_06"":0,""ManualPay"":0.0,""TransactionNumber"":0,""TransactionType"":""QPOSDEBITX""}}'",2025-06-02 22:53:32.436-07:00,0602202522525433,100.0,100.0,COMPLETED,3145,1992,nan,QPOSDEBITX,QUICKPOSDebit
"___00:56:54 401000 ------------>Cash Advance Transaction Info. 'Posting Transaction Result  0:{""type"":""QUICKPOSDebit"",""accountType"":""CHEKAC"",""seqNumber"":""0603202500561680"",""Authorization"":{""AuthNumber"":""3155"",""ErrorCode"":""0"",""ErrorDescription"":""0"",""Fee"":5.0,""RegisterTime"":""2025-06-03T00:56:54.538-07:00"",""TransactionNumber"":603202500561680},""Operation"":{""Amount"":100.0,""BillDespensed"":100.0,""CardNumber"":""1294"",""HostIP"":"""",""RegistrationDatetime"":""2025-06-03T00:56:54.538-07:00"",""SequenceNumber"":""0603202500561680"",""Status"":""COMPLETED""},""TransactionDetail"":{""Amount"":100.0,""DispensedTotal"":100.0,""BillDenom_01"":1,""BillDenom_02"":5,""BillDenom_03"":10,""BillDenom_04"":20,""BillDenom_05"":50,""BillDenom_06"":100,""CoinDenom_01"":1,""CoinDenom_02"":5,""CoinDenom_03"":10,""CoinDenom_04"":25,""CoinDenom_05"":0,""CoinDenom_06"":0,""BillCount_01"":0,""BillCount_02"":0,""BillCount_03"":0,""BillCount_04"":0,""BillCount_05"":0,""BillCount_06"":1,""CoinCount_01"":0,""CoinCount_02"":0,""CoinCount_03"":0,""CoinCount_04"":0,""CoinCount_05"":0,""CoinCount_06"":0,""ManualPay"":0.0,""TransactionNumber"":0,""TransactionType"":""QPOSDEBITX""}}'",2025-06-03 00:56:54.538-07:00,0603202500561680,100.0,100.0,COMPLETED,3155,1294,nan,QPOSDEBITX,QUICKPOSDebit
"___04:36:33 401000 ------------>Cash Advance Transaction Info. 'Posting Transaction Result  0:{""type"":""POSTicketPurchase"",""accountType"":""CHEKAC"",""seqNumber"":""0603202504362639"",""Authorization"":{""ErrorCode"":""0"",""ErrorDescription"":""0"",""Fee"":40.0,""RegisterTime"":""2025-06-03T04:36:33.922-07:00"",""TransactionNumber"":603202504362639},""Operation"":{""Amount"":800.0,""BillDespensed"":0.0,""CardNumber"":""9633"",""HostIP"":"""",""RegistrationDatetime"":""2025-06-03T04:36:33.922-07:00"",""SequenceNumber"":""0603202504362639"",""Status"":""DENIED""},""TransactionDetail"":{""Amount"":800.0,""DispensedTotal"":0.0,""BillDenom_01"":1,""BillDenom_02"":5,""BillDenom_03"":10,""BillDenom_04"":20,""BillDenom_05"":50,""BillDenom_06"":100,""CoinDenom_01"":1,""CoinDenom_02"":5,""CoinDenom_03"":10,""CoinDenom_04"":25,""CoinDenom_05"":0,""CoinDenom_06"":0,""BillCount_01"":0,""BillCount_02"":0,""BillCount_03"":0,""BillCount_04"":0,""BillCount_05"":0,""BillCount_06"":0,""CoinCount_01"":0,""CoinCount_02"":0,""CoinCount_03"":0,""CoinCount_04"":0,""CoinCount_05"":0,""CoinCount_06"":0,""ManualPay"":0.0,""TransactionNumber"":0,""TransactionType"":""POSTKDEBTX""}}'",2025-06-03 04:36:33.922-07:00,0603202504362639,800.0,0.0,DENIED,nan,9633,nan,POSTKDEBTX,POSTicketPurchase
"___04:37:48 401000 ------------>Cash Advance Transaction Info. 'Posting Transaction Result  0:{""type"":""POSTicketPurchase"",""accountType"":""CHEKAC"",""seqNumber"":""0603202504373971"",""Authorization"":{""AuthNumber"":""3167"",""ErrorCode"":""0"",""ErrorDescription"":""0"",""Fee"":40.0,""RegisterTime"":""2025-06-03T04:37:48.463-07:00"",""TransactionNumber"":603202504373971},""Operation"":{""Amount"":800.0,""BillDespensed"":0.0,""CardNumber"":""9633"",""HostIP"":"""",""RegistrationDatetime"":""2025-06-03T04:37:48.463-07:00"",""SequenceNumber"":""0603202504373971"",""Status"":""COMPLETED""},""TransactionDetail"":{""Amount"":800.0,""DispensedTotal"":0.0,""BillDenom_01"":1,""BillDenom_02"":5,""BillDenom_03"":10,""BillDenom_04"":20,""BillDenom_05"":50,""BillDenom_06"":100,""CoinDenom_01"":1,""CoinDenom_02"":5,""CoinDenom_03"":10,""CoinDenom_04"":25,""CoinDenom_05"":0,""CoinDenom_06"":0,""BillCount_01"":0,""BillCount_02"":0,""BillCount_03"":0,""BillCount_04"":0,""BillCount_05"":0,""BillCount_06"":0,""CoinCount_01"":0,""CoinCount_02"":0,""CoinCount_03"":0,""CoinCount_04"":0,""CoinCount_05"":0,""CoinCount_06"":0,""ManualPay"":0.0,""TransactionNumber"":0,""TransactionType"":""POSTKDEBTX""}}'",2025-06-03 04:37:48.463-07:00,0603202504373971,800.0,0.0,COMPLETED,3167,9633,nan,POSTKDEBTX,POSTicketPurchase
"___16:48:15 401000 ------------>Cash Advance Transaction Info. 'Posting Transaction Result  0:{""type"":""QUICKPOSDebit"",""accountType"":""CHEKAC"",""seqNumber"":""0603202516473556"",""Authorization"":{""AuthNumber"":""3200"",""ErrorCode"":""0"",""ErrorDescription"":""0"",""Fee"":2.0,""RegisterTime"":""2025-06-03T16:48:15.727-07:00"",""TransactionNumber"":603202516473556},""Operation"":{""Amount"":40.0,""BillDespensed"":40.0,""CardNumber"":""5337"",""HostIP"":"""",""RegistrationDatetime"":""2025-06-03T16:48:15.727-07:00"",""SequenceNumber"":""0603202516473556"",""Status"":""COMPLETED""},""TransactionDetail"":{""Amount"":40.0,""DispensedTotal"":40.0,""BillDenom_01"":1,""BillDenom_02"":5,""BillDenom_03"":10,""BillDenom_04"":20,""BillDenom_05"":50,""BillDenom_06"":100,""CoinDenom_01"":1,""CoinDenom_02"":5,""CoinDenom_03"":10,""CoinDenom_04"":25,""CoinDenom_05"":0,""CoinDenom_06"":0,""BillCount_01"":0,""BillCount_02"":0,""BillCount_03"":0,""BillCount_04"":2,""BillCount_05"":0,""BillCount_06"":0,""CoinCount_01"":0,""CoinCount_02"":0,""CoinCount_03"":0,""CoinCount_04"":0,""CoinCount_05"":0,""CoinCount_06"":0,""ManualPay"":0.0,""TransactionNumber"":0,""TransactionType"":""QPOSDEBITX""}}'",2025-06-03 16:48:15.727-07:00,0603202516473556,40.0,40.0,COMPLETED,3200,5337,nan,QPOSDEBITX,QUICKPOSDebit
"___17:29:46 401000 ------------>Cash Advance Transaction Info. 'Posting Transaction Result  0:{""type"":""POSTicketPurchase"",""accountType"":""CHEKAC"",""seqNumber"":""0603202517293271"",""Authorization"":{""ErrorCode"":""0"",""ErrorDescription"":""0"",""Fee"":7.0,""RegisterTime"":""2025-06-03T17:29:46.068-07:00"",""TransactionNumber"":603202517293271},""Operation"":{""Amount"":140.0,""BillDespensed"":0.0,""CardNumber"":""3989"",""HostIP"":"""",""RegistrationDatetime"":""2025-06-03T17:29:46.068-07:00"",""SequenceNumber"":""0603202517293271"",""Status"":""DENIED""},""TransactionDetail"":{""Amount"":140.0,""DispensedTotal"":0.0,""BillDenom_01"":1,""BillDenom_02"":5,""BillDenom_03"":10,""BillDenom_04"":20,""BillDenom_05"":50,""BillDenom_06"":100,""CoinDenom_01"":1,""CoinDenom_02"":5,""CoinDenom_03"":10,""CoinDenom_04"":25,""CoinDenom_05"":0,""CoinDenom_06"":0,""BillCount_01"":0,""BillCount_02"":0,""BillCount_03"":0,""BillCount_04"":0,""BillCount_05"":0,""BillCount_06"":0,""CoinCount_01"":0,""CoinCount_02"":0,""CoinCount_03"":0,""CoinCount_04"":0,""CoinCount_05"":0,""CoinCount_06"":0,""ManualPay"":0.0,""TransactionNumber"":0,""TransactionType"":""POSTKDEBTX""}}'",2025-06-03 17:29:46.068-07:00,0603202517293271,140.0,0.0,DENIED,nan,3989,nan,POSTKDEBTX,POSTicketPurchase
"___17:43:45 401000 ------------>Cash Advance Transaction Info. 'Posting Transaction Result  0:{""type"":""QUICKPOSDebit"",""accountType"":""CHEKAC"",""seqNumber"":""0603202517430670"",""Authorization"":{""AuthNumber"":""3209"",""ErrorCode"":""0"",""ErrorDescription"":""0"",""Fee"":6.0,""RegisterTime"":""2025-06-03T17:43:45.521-07:00"",""TransactionNumber"":603202517430670},""Operation"":{""Amount"":120.0,""BillDespensed"":120.0,""CardNumber"":""5705"",""HostIP"":"""",""RegistrationDatetime"":""2025-06-03T17:43:45.521-07:00"",""SequenceNumber"":""0603202517430670"",""Status"":""COMPLETED""},""TransactionDetail"":{""Amount"":120.0,""DispensedTotal"":120.0,""BillDenom_01"":1,""BillDenom_02"":5,""BillDenom_03"":10,""BillDenom_04"":20,""BillDenom_05"":50,""BillDenom_06"":100,""CoinDenom_01"":1,""CoinDenom_02"":5,""CoinDenom_03"":10,""CoinDenom_04"":25,""CoinDenom_05"":0,""CoinDenom_06"":0,""BillCount_01"":0,""BillCount_02"":0,""BillCount_03"":0,""BillCount_04"":1,""BillCount_05"":0,""BillCount_06"":1,""CoinCount_01"":0,""CoinCount_02"":0,""CoinCount_03"":0,""CoinCount_04"":0,""CoinCount_05"":0,""CoinCount_06"":0,""ManualPay"":0.0,""TransactionNumber"":0,""TransactionType"":""QPOSDEBITX""}}'",2025-06-03 17:43:45.521-07:00,0603202517430670,120.0,120.0,COMPLETED,3209,5705,nan,QPOSDEBITX,QUICKPOSDebit
"___17:59:15 401000 ------------>Cash Advance Transaction Info. 'Posting Transaction Result  0:{""type"":""QUICKPOSDebit"",""accountType"":""CHEKAC"",""seqNumber"":""0603202517583643"",""Authorization"":{""AuthNumber"":""3211"",""ErrorCode"":""0"",""ErrorDescription"":""0"",""Fee"":2.0,""RegisterTime"":""2025-06-03T17:59:15.944-07:00"",""TransactionNumber"":603202517583643},""Operation"":{""Amount"":40.0,""BillDespensed"":40.0,""CardNumber"":""9402"",""HostIP"":"""",""RegistrationDatetime"":""2025-06-03T17:59:15.944-07:00"",""SequenceNumber"":""0603202517583643"",""Status"":""COMPLETED""},""TransactionDetail"":{""Amount"":40.0,""DispensedTotal"":40.0,""BillDenom_01"":1,""BillDenom_02"":5,""BillDenom_03"":10,""BillDenom_04"":20,""BillDenom_05"":50,""BillDenom_06"":100,""CoinDenom_01"":1,""CoinDenom_02"":5,""CoinDenom_03"":10,""CoinDenom_04"":25,""CoinDenom_05"":0,""CoinDenom_06"":0,""BillCount_01"":0,""BillCount_02"":0,""BillCount_03"":0,""BillCount_04"":2,""BillCount_05"":0,""BillCount_06"":0,""CoinCount_01"":0,""CoinCount_02"":0,""CoinCount_03"":0,""CoinCount_04"":0,""CoinCount_05"":0,""CoinCount_06"":0,""ManualPay"":0.0,""TransactionNumber"":0,""TransactionType"":""QPOSDEBITX""}}'",2025-06-03 17:59:15.944-07:00,0603202517583643,40.0,40.0,COMPLETED,3211,9402,nan,QPOSDEBITX,QUICKPOSDebit
"___18:01:15 401000 ------------>Cash Advance Transaction Info. 'Posting Transaction Result  0:{""type"":""QUICKPOSDebit"",""accountType"":""CHEKAC"",""seqNumber"":""0603202518003275"",""Authorization"":{""AuthNumber"":""3212"",""ErrorCode"":""0"",""ErrorDescription"":""0"",""Fee"":10.0,""RegisterTime"":""2025-06-03T18:01:15.457-07:00"",""TransactionNumber"":603202518003275},""Operation"":{""Amount"":200.0,""BillDespensed"":200.0,""CardNumber"":""9964"",""HostIP"":"""",""RegistrationDatetime"":""2025-06-03T18:01:15.457-07:00"",""SequenceNumber"":""0603202518003275"",""Status"":""COMPLETED""},""TransactionDetail"":{""Amount"":200.0,""DispensedTotal"":200.0,""BillDenom_01"":1,""BillDenom_02"":5,""BillDenom_03"":10,""BillDenom_04"":20,""BillDenom_05"":50,""BillDenom_06"":100,""CoinDenom_01"":1,""CoinDenom_02"":5,""CoinDenom_03"":10,""CoinDenom_04"":25,""CoinDenom_05"":0,""CoinDenom_06"":0,""BillCount_01"":0,""BillCount_02"":0,""BillCount_03"":0,""BillCount_04"":0,""BillCount_05"":0,""BillCount_06"":2,""CoinCount_01"":0,""CoinCount_02"":0,""CoinCount_03"":0,""CoinCount_04"":0,""CoinCount_05"":0,""CoinCount_06"":0,""ManualPay"":0.0,""TransactionNumber"":0,""TransactionType"":""QPOSDEBITX""}}'",2025-06-03 18:01:15.457-07:00,0603202518003275,200.0,200.0,COMPLETED,3212,9964,nan,QPOSDEBITX,QUICKPOSDebit
"___20:23:31 401000 ------------>Cash Advance Transaction Info. 'Posting Transaction Result  0:{""type"":""QUICKPOSDebit"",""accountType"":""CHEKAC"",""seqNumber"":""0603202520225227"",""Authorization"":{""AuthNumber"":""3221"",""ErrorCode"":""0"",""ErrorDescription"":""0"",""Fee"":10.0,""RegisterTime"":""2025-06-03T20:23:31.660-07:00"",""TransactionNumber"":603202520225227},""Operation"":{""Amount"":200.0,""BillDespensed"":200.0,""CardNumber"":""6192"",""HostIP"":"""",""RegistrationDatetime"":""2025-06-03T20:23:31.660-07:00"",""SequenceNumber"":""0603202520225227"",""Status"":""COMPLETED""},""TransactionDetail"":{""Amount"":200.0,""DispensedTotal"":200.0,""BillDenom_01"":1,""BillDenom_02"":5,""BillDenom_03"":10,""BillDenom_04"":20,""BillDenom_05"":50,""BillDenom_06"":100,""CoinDenom_01"":1,""CoinDenom_02"":5,""CoinDenom_03"":10,""CoinDenom_04"":25,""CoinDenom_05"":0,""CoinDenom_06"":0,""BillCount_01"":0,""BillCount_02"":0,""BillCount_03"":0,""BillCount_04"":0,""BillCount_05"":0,""BillCount_06"":2,""CoinCount_01"":0,""CoinCount_02"":0,""CoinCount_03"":0,""CoinCount_04"":0,""CoinCount_05"":0,""CoinCount_06"":0,""ManualPay"":0.0,""TransactionNumber"":0,""TransactionType"":""QPOSDEBITX""}}'",2025-06-03 20:23:31.660-07:00,0603202520225227,200.0,200.0,COMPLETED,3221,6192,nan,QPOSDEBITX,QUICKPOSDebit
"___23:26:36 401000 ------------>Cash Advance Transaction Info. 'Posting Transaction Result  0:{""type"":""QUICKPOSDebit"",""accountType"":""CHEKAC"",""seqNumber"":""0603202523255811"",""Authorization"":{""AuthNumber"":""3237"",""ErrorCode"":""0"",""ErrorDescription"":""0"",""Fee"":15.0,""RegisterTime"":""2025-06-03T23:26:36.180-07:00"",""TransactionNumber"":603202523255811},""Operation"":{""Amount"":300.0,""BillDespensed"":300.0,""CardNumber"":""9086"",""HostIP"":"""",""RegistrationDatetime"":""2025-06-03T23:26:36.180-07:00"",""SequenceNumber"":""0603202523255811"",""Status"":""COMPLETED""},""TransactionDetail"":{""Amount"":300.0,""DispensedTotal"":300.0,""BillDenom_01"":1,""BillDenom_02"":5,""BillDenom_03"":10,""BillDenom_04"":20,""BillDenom_05"":50,""BillDenom_06"":100,""CoinDenom_01"":1,""CoinDenom_02"":5,""CoinDenom_03"":10,""CoinDenom_04"":25,""CoinDenom_05"":0,""CoinDenom_06"":0,""BillCount_01"":0,""BillCount_02"":0,""BillCount_03"":0,""BillCount_04"":0,""BillCount_05"":0,""BillCount_06"":3,""CoinCount_01"":0,""CoinCount_02"":0,""CoinCount_03"":0,""CoinCount_04"":0,""CoinCount_05"":0,""CoinCount_06"":0,""ManualPay"":0.0,""TransactionNumber"":0,""TransactionType"":""QPOSDEBITX""}}'",2025-06-03 23:26:36.180-07:00,0603202523255811,300.0,300.0,COMPLETED,3237,9086,nan,QPOSDEBITX,QUICKPOSDebit
"___16:02:17 401000 ------------>Cash Advance Transaction Info. 'Posting Transaction Result  0:{""type"":""QUICKPOSDebit"",""accountType"":""CHEKAC"",""seqNumber"":""0604202516013723"",""Authorization"":{""AuthNumber"":""3298"",""ErrorCode"":""0"",""ErrorDescription"":""0"",""Fee"":25.0,""RegisterTime"":""2025-06-04T16:02:17.702-07:00"",""TransactionNumber"":604202516013723},""Operation"":{""Amount"":500.0,""BillDespensed"":500.0,""CardNumber"":""0186"",""HostIP"":"""",""RegistrationDatetime"":""2025-06-04T16:02:17.702-07:00"",""SequenceNumber"":""0604202516013723"",""Status"":""COMPLETED""},""TransactionDetail"":{""Amount"":500.0,""DispensedTotal"":500.0,""BillDenom_01"":1,""BillDenom_02"":5,""BillDenom_03"":10,""BillDenom_04"":20,""BillDenom_05"":50,""BillDenom_06"":100,""CoinDenom_01"":1,""CoinDenom_02"":5,""CoinDenom_03"":10,""CoinDenom_04"":25,""CoinDenom_05"":0,""CoinDenom_06"":0,""BillCount_01"":0,""BillCount_02"":0,""BillCount_03"":0,""BillCount_04"":0,""BillCount_05"":0,""BillCount_06"":5,""CoinCount_01"":0,""CoinCount_02"":0,""CoinCount_03"":0,""CoinCount_04"":0,""CoinCount_05"":0,""CoinCount_06"":0,""ManualPay"":0.0,""TransactionNumber"":0,""TransactionType"":""QPOSDEBITX""}}'",2025-06-04 16:02:17.702-07:00,0604202516013723,500.0,500.0,COMPLETED,3298,0186,nan,QPOSDEBITX,QUICKPOSDebit
"___18:31:46 401000 ------------>Cash Advance Transaction Info. 'Posting Transaction Result  0:{""type"":""QUICKPOSDebit"",""accountType"":""CHEKAC"",""seqNumber"":""0604202518310119"",""Authorization"":{""AuthNumber"":""3311"",""ErrorCode"":""0"",""ErrorDescription"":""0"",""Fee"":5.0,""RegisterTime"":""2025-06-04T18:31:46.883-07:00"",""TransactionNumber"":604202518310119},""Operation"":{""Amount"":100.0,""BillDespensed"":100.0,""CardNumber"":""2932"",""HostIP"":"""",""RegistrationDatetime"":""2025-06-04T18:31:46.883-07:00"",""SequenceNumber"":""0604202518310119"",""Status"":""COMPLETED""},""TransactionDetail"":{""Amount"":100.0,""DispensedTotal"":100.0,""BillDenom_01"":1,""BillDenom_02"":5,""BillDenom_03"":10,""BillDenom_04"":20,""BillDenom_05"":50,""BillDenom_06"":100,""CoinDenom_01"":1,""CoinDenom_02"":5,""CoinDenom_03"":10,""CoinDenom_04"":25,""CoinDenom_05"":0,""CoinDenom_06"":0,""BillCount_01"":0,""BillCount_02"":0,""BillCount_03"":0,""BillCount_04"":0,""BillCount_05"":0,""BillCount_06"":1,""CoinCount_01"":0,""CoinCount_02"":0,""CoinCount_03"":0,""CoinCount_04"":0,""CoinCount_05"":0,""CoinCount_06"":0,""ManualPay"":0.0,""TransactionNumber"":0,""TransactionType"":""QPOSDEBITX""}}'",2025-06-04 18:31:46.883-07:00,0604202518310119,100.0,100.0,COMPLETED,3311,2932,nan,QPOSDEBITX,QUICKPOSDebit
"___19:08:53 401000 ------------>Cash Advance Transaction Info. 'Posting Transaction Result  0:{""type"":""QUICKPOSDebit"",""accountType"":""CHEKAC"",""seqNumber"":""0604202519081443"",""Authorization"":{""AuthNumber"":""3314"",""ErrorCode"":""0"",""ErrorDescription"":""0"",""Fee"":5.0,""RegisterTime"":""2025-06-04T19:08:52.997-07:00"",""TransactionNumber"":604202519081443},""Operation"":{""Amount"":100.0,""BillDespensed"":100.0,""CardNumber"":""1463"",""HostIP"":"""",""RegistrationDatetime"":""2025-06-04T19:08:52.997-07:00"",""SequenceNumber"":""0604202519081443"",""Status"":""COMPLETED""},""TransactionDetail"":{""Amount"":100.0,""DispensedTotal"":100.0,""BillDenom_01"":1,""BillDenom_02"":5,""BillDenom_03"":10,""BillDenom_04"":20,""BillDenom_05"":50,""BillDenom_06"":100,""CoinDenom_01"":1,""CoinDenom_02"":5,""CoinDenom_03"":10,""CoinDenom_04"":25,""CoinDenom_05"":0,""CoinDenom_06"":0,""BillCount_01"":0,""BillCount_02"":0,""BillCount_03"":0,""BillCount_04"":0,""BillCount_05"":0,""BillCount_06"":1,""CoinCount_01"":0,""CoinCount_02"":0,""CoinCount_03"":0,""CoinCount_04"":0,""CoinCount_05"":0,""CoinCount_06"":0,""ManualPay"":0.0,""TransactionNumber"":0,""TransactionType"":""QPOSDEBITX""}}'",2025-06-04 19:08:52.997-07:00,0604202519081443,100.0,100.0,COMPLETED,3314,1463,nan,QPOSDEBITX,QUICKPOSDebit
"___22:29:09 401000 ------------>Cash Advance Transaction Info. 'Posting Transaction Result  0:{""type"":""QUICKPOSDebit"",""accountType"":""CHEKAC"",""seqNumber"":""0604202522282938"",""Authorization"":{""AuthNumber"":""3328"",""ErrorCode"":""0"",""ErrorDescription"":""0"",""Fee"":5.0,""RegisterTime"":""2025-06-04T22:29:09.897-07:00"",""TransactionNumber"":604202522282938},""Operation"":{""Amount"":100.0,""BillDespensed"":100.0,""CardNumber"":""6643"",""HostIP"":"""",""RegistrationDatetime"":""2025-06-04T22:29:09.897-07:00"",""SequenceNumber"":""0604202522282938"",""Status"":""COMPLETED""},""TransactionDetail"":{""Amount"":100.0,""DispensedTotal"":100.0,""BillDenom_01"":1,""BillDenom_02"":5,""BillDenom_03"":10,""BillDenom_04"":20,""BillDenom_05"":50,""BillDenom_06"":100,""CoinDenom_01"":1,""CoinDenom_02"":5,""CoinDenom_03"":10,""CoinDenom_04"":25,""CoinDenom_05"":0,""CoinDenom_06"":0,""BillCount_01"":0,""BillCount_02"":0,""BillCount_03"":0,""BillCount_04"":0,""BillCount_05"":0,""BillCount_06"":1,""CoinCount_01"":0,""CoinCount_02"":0,""CoinCount_03"":0,""CoinCount_04"":0,""CoinCount_05"":0,""CoinCount_06"":0,""ManualPay"":0.0,""TransactionNumber"":0,""TransactionType"":""QPOSDEBITX""}}'",2025-06-04 22:29:09.897-07:00,0604202522282938,100.0,100.0,COMPLETED,3328,6643,nan,QPOSDEBITX,QUICKPOSDebit
"___23:07:41 401000 ------------>Cash Advance Transaction Info. 'Posting Transaction Result  0:{""type"":""QUICKPOSDebit"",""accountType"":""CHEKAC"",""seqNumber"":""0604202523065858"",""Authorization"":{""AuthNumber"":""3332"",""ErrorCode"":""0"",""ErrorDescription"":""0"",""Fee"":3.0,""RegisterTime"":""2025-06-04T23:07:41.729-07:00"",""TransactionNumber"":604202523065858},""Operation"":{""Amount"":60.0,""BillDespensed"":60.0,""CardNumber"":""1808"",""HostIP"":"""",""RegistrationDatetime"":""2025-06-04T23:07:41.729-07:00"",""SequenceNumber"":""0604202523065858"",""Status"":""COMPLETED""},""TransactionDetail"":{""Amount"":60.0,""DispensedTotal"":60.0,""BillDenom_01"":1,""BillDenom_02"":5,""BillDenom_03"":10,""BillDenom_04"":20,""BillDenom_05"":50,""BillDenom_06"":100,""CoinDenom_01"":1,""CoinDenom_02"":5,""CoinDenom_03"":10,""CoinDenom_04"":25,""CoinDenom_05"":0,""CoinDenom_06"":0,""BillCount_01"":0,""BillCount_02"":0,""BillCount_03"":0,""BillCount_04"":3,""BillCount_05"":0,""BillCount_06"":0,""CoinCount_01"":0,""CoinCount_02"":0,""CoinCount_03"":0,""CoinCount_04"":0,""CoinCount_05"":0,""CoinCount_06"":0,""ManualPay"":0.0,""TransactionNumber"":0,""TransactionType"":""QPOSDEBITX""}}'",2025-06-04 23:07:41.729-07:00,0604202523065858,60.0,60.0,COMPLETED,3332,1808,nan,QPOSDEBITX,QUICKPOSDebit
"___00:26:17 401000 ------------>Cash Advance Transaction Info. 'Posting Transaction Result  0:{""type"":""QUICKPOSDebit"",""accountType"":""CHEKAC"",""seqNumber"":""0605202500254001"",""Authorization"":{""AuthNumber"":""3347"",""ErrorCode"":""0"",""ErrorDescription"":""0"",""Fee"":25.0,""RegisterTime"":""2025-06-05T00:26:17.136-07:00"",""TransactionNumber"":605202500254001},""Operation"":{""Amount"":500.0,""BillDespensed"":500.0,""CardNumber"":""4125"",""HostIP"":"""",""RegistrationDatetime"":""2025-06-05T00:26:17.136-07:00"",""SequenceNumber"":""0605202500254001"",""Status"":""COMPLETED""},""TransactionDetail"":{""Amount"":500.0,""DispensedTotal"":500.0,""BillDenom_01"":1,""BillDenom_02"":5,""BillDenom_03"":10,""BillDenom_04"":20,""BillDenom_05"":50,""BillDenom_06"":100,""CoinDenom_01"":1,""CoinDenom_02"":5,""CoinDenom_03"":10,""CoinDenom_04"":25,""CoinDenom_05"":0,""CoinDenom_06"":0,""BillCount_01"":0,""BillCount_02"":0,""BillCount_03"":0,""BillCount_04"":0,""BillCount_05"":0,""BillCount_06"":5,""CoinCount_01"":0,""CoinCount_02"":0,""CoinCount_03"":0,""CoinCount_04"":0,""CoinCount_05"":0,""CoinCount_06"":0,""ManualPay"":0.0,""TransactionNumber"":0,""TransactionType"":""QPOSDEBITX""}}'",2025-06-05 00:26:17.136-07:00,0605202500254001,500.0,500.0,COMPLETED,3347,4125,nan,QPOSDEBITX,QUICKPOSDebit
"___00:35:36 401000 ------------>Cash Advance Transaction Info. 'Posting Transaction Result  0:{""type"":""QUICKPOSDebit"",""accountType"":""CHEKAC"",""seqNumber"":""0605202500345400"",""Authorization"":{""AuthNumber"":""3348"",""ErrorCode"":""0"",""ErrorDescription"":""0"",""Fee"":10.0,""RegisterTime"":""2025-06-05T00:35:36.079-07:00"",""TransactionNumber"":605202500345400},""Operation"":{""Amount"":200.0,""BillDespensed"":200.0,""CardNumber"":""2342"",""HostIP"":"""",""RegistrationDatetime"":""2025-06-05T00:35:36.079-07:00"",""SequenceNumber"":""0605202500345400"",""Status"":""COMPLETED""},""TransactionDetail"":{""Amount"":200.0,""DispensedTotal"":200.0,""BillDenom_01"":1,""BillDenom_02"":5,""BillDenom_03"":10,""BillDenom_04"":20,""BillDenom_05"":50,""BillDenom_06"":100,""CoinDenom_01"":1,""CoinDenom_02"":5,""CoinDenom_03"":10,""CoinDenom_04"":25,""CoinDenom_05"":0,""CoinDenom_06"":0,""BillCount_01"":0,""BillCount_02"":0,""BillCount_03"":0,""BillCount_04"":0,""BillCount_05"":0,""BillCount_06"":2,""CoinCount_01"":0,""CoinCount_02"":0,""CoinCount_03"":0,""CoinCount_04"":0,""CoinCount_05"":0,""CoinCount_06"":0,""ManualPay"":0.0,""TransactionNumber"":0,""TransactionType"":""QPOSDEBITX""}}'",2025-06-05 00:35:36.079-07:00,0605202500345400,200.0,200.0,COMPLETED,3348,2342,nan,QPOSDEBITX,QUICKPOSDebit
"___04:28:10 401000 ------------>Cash Advance Transaction Info. 'Posting Transaction Result  0:{""type"":""QUICKPOSDebit"",""accountType"":""CHEKAC"",""seqNumber"":""0605202504273056"",""Authorization"":{""AuthNumber"":""3356"",""ErrorCode"":""0"",""ErrorDescription"":""0"",""Fee"":3.0,""RegisterTime"":""2025-06-05T04:28:10.419-07:00"",""TransactionNumber"":605202504273056},""Operation"":{""Amount"":60.0,""BillDespensed"":60.0,""CardNumber"":""5629"",""HostIP"":"""",""RegistrationDatetime"":""2025-06-05T04:28:10.419-07:00"",""SequenceNumber"":""0605202504273056"",""Status"":""COMPLETED""},""TransactionDetail"":{""Amount"":60.0,""DispensedTotal"":60.0,""BillDenom_01"":1,""BillDenom_02"":5,""BillDenom_03"":10,""BillDenom_04"":20,""BillDenom_05"":50,""BillDenom_06"":100,""CoinDenom_01"":1,""CoinDenom_02"":5,""CoinDenom_03"":10,""CoinDenom_04"":25,""CoinDenom_05"":0,""CoinDenom_06"":0,""BillCount_01"":0,""BillCount_02"":0,""BillCount_03"":0,""BillCount_04"":3,""BillCount_05"":0,""BillCount_06"":0,""CoinCount_01"":0,""CoinCount_02"":0,""CoinCount_03"":0,""CoinCount_04"":0,""CoinCount_05"":0,""CoinCount_06"":0,""ManualPay"":0.0,""TransactionNumber"":0,""TransactionType"":""QPOSDEBITX""}}'",2025-06-05 04:28:10.419-07:00,0605202504273056,60.0,60.0,COMPLETED,3356,5629,nan,QPOSDEBITX,QUICKPOSDebit
"___12:44:40 401000 ------------>Cash Advance Transaction Info. 'Posting Transaction Result  0:{""type"":""QUICKPOSDebit"",""accountType"":""CHEKAC"",""seqNumber"":""0605202512435700"",""Authorization"":{""AuthNumber"":""3362"",""ErrorCode"":""0"",""ErrorDescription"":""0"",""Fee"":25.0,""RegisterTime"":""2025-06-05T12:44:40.265-07:00"",""TransactionNumber"":605202512435700},""Operation"":{""Amount"":500.0,""BillDespensed"":500.0,""CardNumber"":""9944"",""HostIP"":"""",""RegistrationDatetime"":""2025-06-05T12:44:40.265-07:00"",""SequenceNumber"":""0605202512435700"",""Status"":""COMPLETED""},""TransactionDetail"":{""Amount"":500.0,""DispensedTotal"":500.0,""BillDenom_01"":1,""BillDenom_02"":5,""BillDenom_03"":10,""BillDenom_04"":20,""BillDenom_05"":50,""BillDenom_06"":100,""CoinDenom_01"":1,""CoinDenom_02"":5,""CoinDenom_03"":10,""CoinDenom_04"":25,""CoinDenom_05"":0,""CoinDenom_06"":0,""BillCount_01"":0,""BillCount_02"":0,""BillCount_03"":0,""BillCount_04"":0,""BillCount_05"":0,""BillCount_06"":5,""CoinCount_01"":0,""CoinCount_02"":0,""CoinCount_03"":0,""CoinCount_04"":0,""CoinCount_05"":0,""CoinCount_06"":0,""ManualPay"":0.0,""TransactionNumber"":0,""TransactionType"":""QPOSDEBITX""}}'",2025-06-05 12:44:40.265-07:00,0605202512435700,500.0,500.0,COMPLETED,3362,9944,nan,QPOSDEBITX,QUICKPOSDebit
